[UnityConnectServicesConfig] Local config successfully read: "/usr/share/unity3d/config/services-config.json"
[UnityConnectServicesConfig] Service configuration:
    "servicesConfigBaseUrl": "",
    "disableServicesWindow": false,
    "disableUserLogin": false,
    "entitlementCacheTimeoutInSeconds": 60,
    "clientConnectTimeoutSec": 60,
    "clientHandshakeTimeoutSec": 30,
    "clientResolveEntitlementsTimeoutSec": 30,
    "clientUpdateLicenseTimeoutSec": 30,
    "licensingServiceBaseUrl": "",
    "enableProxyAutoconfig": "false"

Unity Editor version:    6000.3.7f1 (696ec25a53d1)
Branch:                  6000.3/staging
Build type:              Release
Batch mode:              YES
System name:             Linux
Distro version:          #1 SMP PREEMPT_DYNAMIC Fri, 20 Feb 2026 01:02:58 +0000
Kernel version:          6.19.3-2-cachyos
Architecture:            x86_64
Window Protocol:         Wayland (XWayland)
Available memory:        31996 MB
Date:                    2026-02-22T22:19:07Z
[Licensing::Module] Trying to connect to existing licensing client channel...
[Licensing::IpcConnector] Successfully connected to: "LicenseClient-rhiannon" at "2026-02-22T22:19:07.33564Z"
[SignatureVerifier] Application signature verification not supported on this platform.
[Licensing::Client] Handshaking with LicensingClient:
  Version:                 1.17.4+4293ba1
  Session Id:              18388a2841954b0dbfcfe83e8a525fe6
  Correlation Id:          314f5f0527a0f9810997842311347834
  External correlation Id: 5375040765897612915
  Machine Id:              f8KgvhXTc+wkx/7/K110e9qU1KE=
[Licensing::Module] Successfully connected to LicensingClient on channel: "LicenseClient-rhiannon" (connect: 0.00s, validation: 0.00s, handshake: 0.00s)
[Licensing::IpcConnector] Successfully connected to: "LicenseClient-rhiannon-notifications" at "2026-02-22T22:19:07.336616Z"
[Licensing::Module] Licensing Background thread has ended after 0.00s
Selected window backend: (null) 
Desktop is 5920 x 2560 @ 60 Hz
Initialize udev device monitor.

COMMAND LINE ARGUMENTS:
Unity
-adb2
-batchMode
-noUpm
-name
AssetImportWorker1
-projectPath
/mnt/vfs_share/School Work/Diploma/The Chase
-logFile
Logs/AssetImportWorker1.log
-srvPort
39251
-job-worker-count
11
-background-job-worker-count
8
-gc-helper-count
1
Successfully changed project path to: /mnt/vfs_share/School Work/Diploma/The Chase
/mnt/vfs_share/School Work/Diploma/The Chase
[UnityMemory] Configuration Parameters - Can be set up in boot.config
    "memorysetup-allocator-temp-initial-block-size-main=262144"
    "memorysetup-allocator-temp-initial-block-size-worker=262144"
    "memorysetup-temp-allocator-size-background-worker=32768"
    "memorysetup-temp-allocator-size-job-worker=262144"
    "memorysetup-temp-allocator-size-preload-manager=33554432"
    "memorysetup-temp-allocator-size-nav-mesh-worker=65536"
    "memorysetup-temp-allocator-size-audio-worker=65536"
    "memorysetup-temp-allocator-size-cloud-worker=32768"
    "memorysetup-temp-allocator-size-gi-baking-worker=262144"
    "memorysetup-temp-allocator-size-gi-baking-worker=262144"
    "memorysetup-temp-allocator-size-gi-baking-worker=262144"
    "memorysetup-temp-allocator-size-gi-baking-worker=262144"
    "memorysetup-temp-allocator-size-gi-baking-worker=262144"
    "memorysetup-bucket-allocator-granularity=16"
    "memorysetup-bucket-allocator-bucket-count=8"
    "memorysetup-bucket-allocator-block-size=33554432"
    "memorysetup-bucket-allocator-block-count=8"
    "memorysetup-main-allocator-block-size=16777216"
    "memorysetup-thread-allocator-block-size=16777216"
    "memorysetup-gfx-main-allocator-block-size=16777216"
    "memorysetup-gfx-thread-allocator-block-size=16777216"
    "memorysetup-cache-allocator-block-size=4194304"
    "memorysetup-typetree-allocator-block-size=2097152"
    "memorysetup-profiler-bucket-allocator-granularity=16"
    "memorysetup-profiler-bucket-allocator-bucket-count=8"
    "memorysetup-profiler-bucket-allocator-block-size=33554432"
    "memorysetup-profiler-bucket-allocator-block-count=8"
    "memorysetup-profiler-allocator-block-size=16777216"
    "memorysetup-profiler-editor-allocator-block-size=1048576"
    "memorysetup-temp-allocator-size-main=16777216"
    "memorysetup-job-temp-allocator-block-size=2097152"
    "memorysetup-job-temp-allocator-block-size-background=1048576"
    "memorysetup-job-temp-allocator-reduction-small-platforms=262144"
    "memorysetup-temp-allocator-size-gfx=262144"
Player connection [140310030797952]  Target information:

Player connection [140310030797952]  * "[IP] 192.168.1.16 [Port] 0 [Flags] 2 [Guid] 4269600660 [EditorId] 4269600660 [Version] 1048832 [Id] LinuxEditor(16,192.168.1.16) [Debug] 1 [PackageName] LinuxEditor [ProjectName] Editor" 

Player connection [140310030797952]  * "[IP] 192.168.122.1 [Port] 0 [Flags] 2 [Guid] 4269600660 [EditorId] 4269600660 [Version] 1048832 [Id] LinuxEditor(16,192.168.1.16) [Debug] 1 [PackageName] LinuxEditor [ProjectName] Editor" 

Player connection [140310030797952] Host joined multi-casting on [225.0.0.222:54997]...
Player connection [140310030797952] Host joined alternative multi-casting on [225.0.0.222:34997]...
JobSystem: Creating JobQueue using job-worker-count value 11
Input System module state changed to: Initialized.
[Physics::Module] Initialized fallback backend.
[Physics::Module] Id: 0xdecafbad
Library Redirect Path: Library/
[Physics::Module] Selected backend.
[Physics::Module] Name: PhysX
[Physics::Module] Id: 0xf2b8ea05
[Physics::Module] SDK Version: 4.1.2
[Physics::Module] Integration Version: 1.0.0
[Physics::Module] Threading Mode: Multi-Threaded
Refreshing native plugins compatible for Editor in 1.35 ms, found 0 plugins.
Preloading 0 native plugins for Editor in 0.00 ms.
Initialize engine version: 6000.3.7f1 (696ec25a53d1)
[Subsystems] Discovering subsystems at path /home/rhiannon/Unity/Hub/Editor/6000.3.7f1/Editor/Data/Resources/UnitySubsystems
[Subsystems] Discovering subsystems at path /mnt/vfs_share/School Work/Diploma/The Chase/Assets
kGfxThreadingModeNonThreaded is not supported on OpenGL Core. Reverting to kGfxThreadingModeDirect instead.
GfxDevice: creating device client; kGfxThreadingModeDirect
GLX Extensions: GLX_ARB_context_flush_control GLX_ARB_create_context GLX_ARB_create_context_no_error GLX_ARB_create_context_profile GLX_ARB_create_context_robustness GLX_ARB_fbconfig_float GLX_ARB_framebuffer_sRGB GLX_ARB_get_proc_address GLX_ARB_multisample GLX_EXT_buffer_age GLX_EXT_create_context_es2_profile GLX_EXT_create_context_es_profile GLX_EXT_fbconfig_packed_float GLX_EXT_framebuffer_sRGB GLX_EXT_no_config_context GLX_EXT_swap_control GLX_EXT_swap_control_tear GLX_EXT_texture_from_pixmap GLX_EXT_visual_info GLX_EXT_visual_rating GLX_MESA_copy_sub_buffer GLX_MESA_gl_interop GLX_MESA_query_renderer GLX_MESA_swap_control GLX_OML_sync_control GLX_SGIS_multisample GLX_SGIX_fbconfig GLX_SGIX_pbuffer GLX_SGIX_visual_select_group GLX_SGI_make_current_read GLX_SGI_video_sync 
Renderer: AMD Radeon RX 6950 XT (radeonsi, navi21, LLVM 21.1.6, DRM 3.64, 6.19.3-2-cachyos)
Vendor:   AMD
Version:  4.6 (Core Profile) Mesa 25.3.5-arch1.2
GLES:     0
 GL_AMD_conservative_depth GL_AMD_depth_clamp_separate GL_AMD_draw_buffers_blend GL_AMD_framebuffer_multisample_advanced GL_AMD_gpu_shader_int64 GL_AMD_multi_draw_indirect GL_AMD_performance_monitor GL_AMD_pinned_memory GL_AMD_query_buffer_object GL_AMD_seamless_cubemap_per_texture GL_AMD_shader_stencil_export GL_AMD_shader_trinary_minmax GL_AMD_texture_texture4 GL_AMD_vertex_shader_layer GL_AMD_vertex_shader_viewport_index GL_ANGLE_texture_compression_dxt3 GL_ANGLE_texture_compression_dxt5 GL_ARB_ES2_compatibility GL_ARB_ES3_1_compatibility GL_ARB_ES3_2_compatibility GL_ARB_ES3_compatibility GL_ARB_arrays_of_arrays GL_ARB_base_instance GL_ARB_bindless_texture GL_ARB_blend_func_extended GL_ARB_buffer_storage GL_ARB_clear_buffer_object GL_ARB_clear_texture GL_ARB_clip_control GL_ARB_color_buffer_float GL_ARB_compressed_texture_pixel_storage GL_ARB_compute_shader GL_ARB_compute_variable_group_size GL_ARB_conditional_render_inverted GL_ARB_conservative_depth GL_ARB_copy_buffer GL_ARB_copy_image GL_ARB_cull_dist
ance GL_ARB_debug_output GL_ARB_depth_buffer_float GL_ARB_depth_clamp GL_ARB_derivative_control GL_ARB_direct_state_access GL_ARB_draw_buffers GL_ARB_draw_buffers_blend GL_ARB_draw_elements_base_vertex GL_ARB_draw_indirect GL_ARB_draw_instanced GL_ARB_enhanced_layouts GL_ARB_explicit_attrib_location GL_ARB_explicit_uniform_location GL_ARB_fragment_coord_conventions GL_ARB_fragment_layer_viewport GL_ARB_fragment_shader GL_ARB_framebuffer_no_attachments GL_ARB_framebuffer_object GL_ARB_framebuffer_sRGB GL_ARB_get_program_binary GL_ARB_get_texture_sub_image GL_ARB_gl_spirv GL_ARB_gpu_shader5 GL_ARB_gpu_shader_fp64 GL_ARB_gpu_shader_int64 GL_ARB_half_float_pixel GL_ARB_half_float_vertex GL_ARB_indirect_parameters GL_ARB_instanced_arrays GL_ARB_internalformat_query GL_ARB_internalformat_query2 GL_ARB_invalidate_subdata GL_ARB_map_buffer_alignment GL_ARB_map_buffer_range GL_ARB_multi_bind GL_ARB_multi_draw_indirect GL_ARB_occlusion_query2 GL_ARB_parallel_shader_compile GL_ARB_pipeline_statistics_query GL_ARB_pixel
_buffer_object GL_ARB_point_sprite GL_ARB_polygon_offset_clamp GL_ARB_post_depth_coverage GL_ARB_program_interface_query GL_ARB_provoking_vertex GL_ARB_query_buffer_object GL_ARB_robust_buffer_access_behavior GL_ARB_robustness GL_ARB_sample_shading GL_ARB_sampler_objects GL_ARB_seamless_cube_map GL_ARB_seamless_cubemap_per_texture GL_ARB_separate_shader_objects GL_ARB_shader_atomic_counter_ops GL_ARB_shader_atomic_counters GL_ARB_shader_ballot GL_ARB_shader_bit_encoding GL_ARB_shader_clock GL_ARB_shader_draw_parameters GL_ARB_shader_group_vote GL_ARB_shader_image_load_store GL_ARB_shader_image_size GL_ARB_shader_objects GL_ARB_shader_precision GL_ARB_shader_stencil_export GL_ARB_shader_storage_buffer_object GL_ARB_shader_subroutine GL_ARB_shader_texture_image_samples GL_ARB_shader_texture_lod GL_ARB_shader_viewport_layer_array GL_ARB_shading_language_420pack GL_ARB_shading_language_include GL_ARB_shading_language_packing GL_ARB_sparse_buffer GL_ARB_sparse_texture GL_ARB_sparse_texture2 GL_ARB_sparse_texture_
clamp GL_ARB_spirv_extensions GL_ARB_stencil_texturing GL_ARB_sync GL_ARB_tessellation_shader GL_ARB_texture_barrier GL_ARB_texture_border_clamp GL_ARB_texture_buffer_object GL_ARB_texture_buffer_object_rgb32 GL_ARB_texture_buffer_range GL_ARB_texture_compression_bptc GL_ARB_texture_compression_rgtc GL_ARB_texture_cube_map_array GL_ARB_texture_filter_anisotropic GL_ARB_texture_filter_minmax GL_ARB_texture_float GL_ARB_texture_gather GL_ARB_texture_mirror_clamp_to_edge GL_ARB_texture_multisample GL_ARB_texture_non_power_of_two GL_ARB_texture_query_levels GL_ARB_texture_query_lod GL_ARB_texture_rectangle GL_ARB_texture_rg GL_ARB_texture_rgb10_a2ui GL_ARB_texture_stencil8 GL_ARB_texture_storage GL_ARB_texture_storage_multisample GL_ARB_texture_swizzle GL_ARB_texture_view GL_ARB_timer_query GL_ARB_transform_feedback2 GL_ARB_transform_feedback3 GL_ARB_transform_feedback_instanced GL_ARB_transform_feedback_overflow_query GL_ARB_uniform_buffer_object GL_ARB_vertex_array_bgra GL_ARB_vertex_array_object GL_ARB_vertex
_attrib_64bit GL_ARB_vertex_attrib_binding GL_ARB_vertex_buffer_object GL_ARB_vertex_shader GL_ARB_vertex_type_10f_11f_11f_rev GL_ARB_vertex_type_2_10_10_10_rev GL_ARB_viewport_array GL_ATI_blend_equation_separate GL_ATI_meminfo GL_ATI_texture_float GL_ATI_texture_mirror_once GL_EXT_EGL_image_storage GL_EXT_EGL_image_storage_compression GL_EXT_EGL_sync GL_EXT_abgr GL_EXT_blend_equation_separate GL_EXT_debug_label GL_EXT_demote_to_helper_invocation GL_EXT_depth_bounds_test GL_EXT_draw_buffers2 GL_EXT_draw_instanced GL_EXT_framebuffer_blit GL_EXT_framebuffer_multisample GL_EXT_framebuffer_multisample_blit_scaled GL_EXT_framebuffer_object GL_EXT_framebuffer_sRGB GL_EXT_memory_object GL_EXT_memory_object_fd GL_EXT_packed_depth_stencil GL_EXT_packed_float GL_EXT_pixel_buffer_object GL_EXT_polygon_offset_clamp GL_EXT_provoking_vertex GL_EXT_semaphore GL_EXT_semaphore_fd GL_EXT_shader_clock GL_EXT_shader_image_load_formatted GL_EXT_shader_image_load_store GL_EXT_shader_integer_mix GL_EXT_shader_samples_identical GL
_EXT_texture_array GL_EXT_texture_compression_dxt1 GL_EXT_texture_compression_rgtc GL_EXT_texture_compression_s3tc GL_EXT_texture_filter_anisotropic GL_EXT_texture_filter_minmax GL_EXT_texture_integer GL_EXT_texture_mirror_clamp GL_EXT_texture_sRGB GL_EXT_texture_sRGB_R8 GL_EXT_texture_sRGB_RG8 GL_EXT_texture_sRGB_decode GL_EXT_texture_shadow_lod GL_EXT_texture_shared_exponent GL_EXT_texture_snorm GL_EXT_texture_storage GL_EXT_texture_swizzle GL_EXT_timer_query GL_EXT_transform_feedback GL_EXT_vertex_array_bgra GL_EXT_vertex_attrib_64bit GL_EXT_window_rectangles GL_IBM_multimode_draw_arrays GL_INTEL_blackhole_render GL_KHR_blend_equation_advanced GL_KHR_context_flush_control GL_KHR_debug GL_KHR_no_error GL_KHR_parallel_shader_compile GL_KHR_robust_buffer_access_behavior GL_KHR_robustness GL_KHR_shader_subgroup GL_KHR_texture_compression_astc_ldr GL_KHR_texture_compression_astc_sliced_3d GL_MESA_framebuffer_flip_y GL_MESA_pack_invert GL_MESA_shader_integer_functions GL_MESA_texture_const_bandwidth GL_MESA_tex
ture_signed_rgba GL_NVX_gpu_memory_info GL_NV_alpha_to_coverage_dither_control GL_NV_compute_shader_derivatives GL_NV_conditional_render GL_NV_copy_image GL_NV_depth_clamp GL_NV_packed_depth_stencil GL_NV_shader_atomic_int64 GL_NV_texture_barrier GL_OES_EGL_image GL_S3_s3tc
OPENGL LOG: Creating OpenGL 4.6 graphics device ; Context level  <OpenGL 4.5> ; Context handle 752289600
Initialize mono
Mono path[0] = '/home/rhiannon/Unity/Hub/Editor/6000.3.7f1/Editor/Data/Managed'
Mono path[1] = '/home/rhiannon/Unity/Hub/Editor/6000.3.7f1/Editor/Data/MonoBleedingEdge/lib/mono/unityjit-linux'
Mono config path = '/home/rhiannon/Unity/Hub/Editor/6000.3.7f1/Editor/Data/MonoBleedingEdge/etc'
Using monoOptions --debugger-agent=transport=dt_socket,embedding=1,server=y,suspend=n,address=127.0.0.1:56754
Begin MonoManager ReloadAssembly
Registering precompiled unity dll's ...
Register platform support module: /home/rhiannon/Unity/Hub/Editor/6000.3.7f1/Editor/Data/PlaybackEngines/LinuxStandaloneSupport/UnityEditor.LinuxStandalone.Extensions.dll
Registered in 0.001398 seconds.
- Loaded All Assemblies, in  0.258 seconds
Native extension for LinuxStandalone target not found
Package Manager log level set to [2]
[Package Manager] Failed to launch server process. Reason: Unity was launched with the -noUpm command-line argument
[Package Manager] Unable to send message (not connected to server process).
[Package Manager] Cannot connect to Unity Package Manager local server
ScheduleIndexationOnStartup MainProcess:False IndexOnStartup:True
Mono: successfully reloaded assembly
- Finished resetting the current domain, in  0.372 seconds
Domain Reload Profiling: 629ms
	BeginReloadAssembly (51ms)
		ExecutionOrderSort (0ms)
		DisableScriptedObjects (0ms)
		BackupInstance (0ms)
		ReleaseScriptingObjects (0ms)
		CreateAndSetChildDomain (0ms)
	RebuildCommonClasses (35ms)
	RebuildNativeTypeToScriptingClass (7ms)
	initialDomainReloadingComplete (42ms)
	LoadAllAssembliesAndSetupDomain (122ms)
		LoadAssemblies (50ms)
		RebuildTransferFunctionScriptingTraits (0ms)
		AnalyzeDomain (120ms)
			TypeCache.Refresh (119ms)
				TypeCache.ScanAssembly (110ms)
			BuildScriptInfoCaches (0ms)
			ResolveRequiredComponents (0ms)
	FinalizeReload (372ms)
		ReleaseScriptCaches (0ms)
		RebuildScriptCaches (0ms)
		SetupLoadedEditorAssemblies (335ms)
			LogAssemblyErrors (0ms)
			InitializePlatformSupportModulesInManaged (40ms)
			SetLoadedEditorAssemblies (4ms)
			BeforeProcessingInitializeOnLoad (83ms)
			ProcessInitializeOnLoadAttributes (147ms)
			ProcessInitializeOnLoadMethodAttributes (61ms)
			AfterProcessingInitializeOnLoad (0ms)
			EditorAssembliesLoaded (0ms)
		ExecutionOrderSort2 (0ms)
		AwakeInstancesAfterBackupRestoration (0ms)
========================================================================
Worker process is ready to serve import requests
Import Worker Mode flag is 0x00
Begin MonoManager ReloadAssembly
[Licensing::Client] Successfully resolved entitlement details
[Licensing::Module] License group:
  Id: 16768291832327-UnityPersXXXX
  Product: Unity Personal
  Type: Assigned
  Expiration: Unlimited
- Loaded All Assemblies, in  0.474 seconds
Refreshing native plugins compatible for Editor in 0.20 ms, found 0 plugins.
Native extension for LinuxStandalone target not found
[Package Manager] Failed to launch server process. Reason: Unity was launched with the -noUpm command-line argument
[Package Manager] Unable to send message (not connected to server process).
[Package Manager] Cannot connect to Unity Package Manager local server
ScheduleIndexationOnStartup MainProcess:False IndexOnStartup:True
Mono: successfully reloaded assembly
- Finished resetting the current domain, in  0.564 seconds
Domain Reload Profiling: 1037ms
	BeginReloadAssembly (88ms)
		ExecutionOrderSort (0ms)
		DisableScriptedObjects (4ms)
		BackupInstance (0ms)
		ReleaseScriptingObjects (0ms)
		CreateAndSetChildDomain (23ms)
	RebuildCommonClasses (27ms)
	RebuildNativeTypeToScriptingClass (7ms)
	initialDomainReloadingComplete (31ms)
	LoadAllAssembliesAndSetupDomain (320ms)
		LoadAssemblies (173ms)
		RebuildTransferFunctionScriptingTraits (0ms)
		AnalyzeDomain (180ms)
			TypeCache.Refresh (127ms)
				TypeCache.ScanAssembly (117ms)
			BuildScriptInfoCaches (44ms)
			ResolveRequiredComponents (7ms)
	FinalizeReload (565ms)
		ReleaseScriptCaches (0ms)
		RebuildScriptCaches (0ms)
		SetupLoadedEditorAssemblies (431ms)
			LogAssemblyErrors (0ms)
			InitializePlatformSupportModulesInManaged (1ms)
			SetLoadedEditorAssemblies (4ms)
			BeforeProcessingInitializeOnLoad (129ms)
			ProcessInitializeOnLoadAttributes (248ms)
			ProcessInitializeOnLoadMethodAttributes (45ms)
			AfterProcessingInitializeOnLoad (4ms)
			EditorAssembliesLoaded (0ms)
		ExecutionOrderSort2 (0ms)
		AwakeInstancesAfterBackupRestoration (2ms)
AutoLocale: current locale expects 'C' but got 'en_AU.UTF-8'Launched and connected shader compiler UnityShaderCompiler after 0.01 seconds
Refreshing native plugins compatible for Editor in 0.30 ms, found 0 plugins.
Preloading 0 native plugins for Editor in 0.00 ms.
Unloading 16 Unused Serialized files (Serialized files now loaded: 0)
Unloading 6220 unused Assets / (4.4 MB). Loaded Objects now: 7018.
Memory consumption went from 135.1 MB to 130.7 MB.
Total: 7.723331 ms (FindLiveObjects: 0.454027 ms CreateObjectMapping: 0.367408 ms MarkObjects: 5.249634 ms  DeleteObjects: 1.651642 ms)

========================================================================
Received Import Request.
  Time since last request: 2838.252649 seconds.
  path: Assets/Retro_Shaders_Pro_for_URP_v1_4
  artifactKey: Guid(da1e990843283e0c7b20c7c02b1f702e) Importer(2089858483,b0f066a214c2f5e87bad3c948f4d605d)
Start importing Assets/Retro_Shaders_Pro_for_URP_v1_4 using Guid(da1e990843283e0c7b20c7c02b1f702e) Importer(2089858483,b0f066a214c2f5e87bad3c948f4d605d) (ScriptedImporter) -> (artifact id: '32f99177c810b2468a7ab5bcb9aa61ba') in 0.031324443 seconds
Number of updated asset objects reloaded before import = 0Number of asset objects unloaded after import = 1

========================================================================
Received Import Request.
  Time since last request: 0.000007 seconds.
  path: Assets/Retro_Shaders_Pro_for_URP_v1_4/unityunreal.com_Retro Shaders Pro for URP v1.4.unitypackage
  artifactKey: Guid(8cb22d218a60745a387bcdc97b6987df) Importer(2089858483,b0f066a214c2f5e87bad3c948f4d605d)
Start importing Assets/Retro_Shaders_Pro_for_URP_v1_4/unityunreal.com_Retro Shaders Pro for URP v1.4.unitypackage using Guid(8cb22d218a60745a387bcdc97b6987df) Importer(2089858483,b0f066a214c2f5e87bad3c948f4d605d) (ScriptedImporter) -> (artifact id: '76c6f36f96f0aff9653bc9ff56cf6516') in 0.025052474 seconds
Number of updated asset objects reloaded before import = 0Number of asset objects unloaded after import = 1

========================================================================
Received Import Request.
  Time since last request: 210.027816 seconds.
  path: Assets/JC_LP_MegaCity/Models/Buildings/SM_Buildings_Construction_01.fbx
  artifactKey: Guid(074ef02e95a738d41a8512f57ffa37a7) Importer(2089858483,b0f066a214c2f5e87bad3c948f4d605d)
Start importing Assets/JC_LP_MegaCity/Models/Buildings/SM_Buildings_Construction_01.fbx using Guid(074ef02e95a738d41a8512f57ffa37a7) Importer(2089858483,b0f066a214c2f5e87bad3c948f4d605d) (ScriptedImporter) -> (artifact id: '2a0bdecfeb9ff8a9335579a8dbb93ec1') in 0.067371383 seconds
Number of updated asset objects reloaded before import = 0Number of asset objects unloaded after import = 7

========================================================================
Received Import Request.
  Time since last request: 0.019935 seconds.
  path: Assets/JC_LP_MegaCity/Models/Buildings/SM_Buildings_Factory_06.fbx
  artifactKey: Guid(bd0293ffc3dcfb244b6462ee5234bc3c) Importer(2089858483,b0f066a214c2f5e87bad3c948f4d605d)
Start importing Assets/JC_LP_MegaCity/Models/Buildings/SM_Buildings_Factory_06.fbx using Guid(bd0293ffc3dcfb244b6462ee5234bc3c) Importer(2089858483,b0f066a214c2f5e87bad3c948f4d605d) (ScriptedImporter) -> (artifact id: '7d6cd651d52e28ec960d176497695b4e') in 0.005122975 seconds
Number of updated asset objects reloaded before import = 0Number of asset objects unloaded after import = 7

========================================================================
Received Import Request.
  Time since last request: 0.012847 seconds.
  path: Assets/JC_LP_MegaCity/Models/FloorProps/SM_FloorProps_RoadSign_38.fbx
  artifactKey: Guid(79c1ecca88e3f5b40a41ca61b8489403) Importer(2089858483,b0f066a214c2f5e87bad3c948f4d605d)
Start importing Assets/JC_LP_MegaCity/Models/FloorProps/SM_FloorProps_RoadSign_38.fbx using Guid(79c1ecca88e3f5b40a41ca61b8489403) Importer(2089858483,b0f066a214c2f5e87bad3c948f4d605d) (ScriptedImporter) -> (artifact id: '76e3b435c2bb7903180acd6f13ecd58d') in 0.004803886 seconds
Number of updated asset objects reloaded before import = 0Number of asset objects unloaded after import = 7

========================================================================
Received Import Request.
  Time since last request: 0.000010 seconds.
  path: Assets/JC_LP_MegaCity/Prefabs/Floor/SM_Floor_Garden_02.prefab
  artifactKey: Guid(d11672f022bebf149a9cb01e276dcced) Importer(2089858483,b0f066a214c2f5e87bad3c948f4d605d)
Start importing Assets/JC_LP_MegaCity/Prefabs/Floor/SM_Floor_Garden_02.prefab using Guid(d11672f022bebf149a9cb01e276dcced) Importer(2089858483,b0f066a214c2f5e87bad3c948f4d605d) (ScriptedImporter) -> (artifact id: '759b5a05634fc9d9a4e67c98bfdce621') in 0.007431723 seconds
Number of updated asset objects reloaded before import = 0Number of asset objects unloaded after import = 9

========================================================================
Received Import Request.
  Time since last request: 0.000009 seconds.
  path: Assets/JC_LP_MegaCity/Models/Props/SM_Props_Cafe_15.fbx
  artifactKey: Guid(40fa61e7651f9ab419485a252bd3d50e) Importer(2089858483,b0f066a214c2f5e87bad3c948f4d605d)
Start importing Assets/JC_LP_MegaCity/Models/Props/SM_Props_Cafe_15.fbx using Guid(40fa61e7651f9ab419485a252bd3d50e) Importer(2089858483,b0f066a214c2f5e87bad3c948f4d605d) (ScriptedImporter) -> (artifact id: '21e79218782a9f86c5a966b031c032f9') in 0.005303704 seconds
Number of updated asset objects reloaded before import = 0Number of asset objects unloaded after import = 7

========================================================================
Received Import Request.
  Time since last request: 0.000007 seconds.
  path: Assets/JC_LP_MegaCity/Models/Props/SM_Props_SurfBoard_02.fbx
  artifactKey: Guid(79a49dd2702e17143bd66dcaaec1233b) Importer(2089858483,b0f066a214c2f5e87bad3c948f4d605d)
Start importing Assets/JC_LP_MegaCity/Models/Props/SM_Props_SurfBoard_02.fbx using Guid(79a49dd2702e17143bd66dcaaec1233b) Importer(2089858483,b0f066a214c2f5e87bad3c948f4d605d) (ScriptedImporter) -> (artifact id: '39b641e36a31153470dc2480b568eb9d') in 0.004364068 seconds
Number of updated asset objects reloaded before import = 0Number of asset objects unloaded after import = 7

========================================================================
Received Import Request.
  Time since last request: 0.000009 seconds.
  path: Assets/JC_LP_MegaCity/Models/Props/SM_Props_Trash_04_2.fbx
  artifactKey: Guid(576fdc01c25c3e143ac935e8bc124390) Importer(2089858483,b0f066a214c2f5e87bad3c948f4d605d)
Start importing Assets/JC_LP_MegaCity/Models/Props/SM_Props_Trash_04_2.fbx using Guid(576fdc01c25c3e143ac935e8bc124390) Importer(2089858483,b0f066a214c2f5e87bad3c948f4d605d) (ScriptedImporter) -> (artifact id: '54bbdcaaddad87a24fc079d31e6d1ff5') in 0.004785866 seconds
Number of updated asset objects reloaded before import = 0Number of asset objects unloaded after import = 7

========================================================================
Received Import Request.
  Time since last request: 0.000008 seconds.
  path: Assets/JC_LP_MegaCity/Models/Props/SM_Props_Rack_07.fbx
  artifactKey: Guid(cf20e5935320d454692243c11f44fd9f) Importer(2089858483,b0f066a214c2f5e87bad3c948f4d605d)
Start importing Assets/JC_LP_MegaCity/Models/Props/SM_Props_Rack_07.fbx using Guid(cf20e5935320d454692243c11f44fd9f) Importer(2089858483,b0f066a214c2f5e87bad3c948f4d605d) (ScriptedImporter) -> (artifact id: '78791d265598f42ce822a305d09db8b0') in 0.006696826 seconds
Number of updated asset objects reloaded before import = 0Number of asset objects unloaded after import = 7

========================================================================
Received Import Request.
  Time since last request: 0.000008 seconds.
  path: Assets/JC_LP_MegaCity/Models/IndustrialProps/SM_IndustrialProps_Construction_02.fbx
  artifactKey: Guid(470670dc5d41e1c4d942e5fac72061c3) Importer(2089858483,b0f066a214c2f5e87bad3c948f4d605d)
Start importing Assets/JC_LP_MegaCity/Models/IndustrialProps/SM_IndustrialProps_Construction_02.fbx using Guid(470670dc5d41e1c4d942e5fac72061c3) Importer(2089858483,b0f066a214c2f5e87bad3c948f4d605d) (ScriptedImporter) -> (artifact id: '92a4a64a44396a373d48274485272413') in 0.004350198 seconds
Number of updated asset objects reloaded before import = 0Number of asset objects unloaded after import = 7

========================================================================
Received Import Request.
  Time since last request: 0.000016 seconds.
  path: Assets/JC_LP_MegaCity/Models/BuildingsDecor/SM_BuildingDecor_67.fbx
  artifactKey: Guid(f94d8b89647f8464b96e44014342d9ba) Importer(2089858483,b0f066a214c2f5e87bad3c948f4d605d)
Start importing Assets/JC_LP_MegaCity/Models/BuildingsDecor/SM_BuildingDecor_67.fbx using Guid(f94d8b89647f8464b96e44014342d9ba) Importer(2089858483,b0f066a214c2f5e87bad3c948f4d605d) (ScriptedImporter) -> (artifact id: 'a5b37e80459eb14d662866e7d1193c2b') in 0.007095764 seconds
Number of updated asset objects reloaded before import = 0Number of asset objects unloaded after import = 7

========================================================================
Received Import Request.
  Time since last request: 0.000016 seconds.
  path: Assets/JC_LP_MegaCity/Prefabs/Food/SM_Food_Chili_01.prefab
  artifactKey: Guid(7b038af95954f8e4f98d62c45ebd08be) Importer(2089858483,b0f066a214c2f5e87bad3c948f4d605d)
Start importing Assets/JC_LP_MegaCity/Prefabs/Food/SM_Food_Chili_01.prefab using Guid(7b038af95954f8e4f98d62c45ebd08be) Importer(2089858483,b0f066a214c2f5e87bad3c948f4d605d) (ScriptedImporter) -> (artifact id: '968b37b70fe845b4403db59d74d2e6d4') in 0.003789661 seconds
Number of updated asset objects reloaded before import = 0Number of asset objects unloaded after import = 9

========================================================================
Received Import Request.
  Time since last request: 0.000008 seconds.
  path: Assets/JC_LP_MegaCity/Models/Buildings/SM_Buildings_University_01.fbx
  artifactKey: Guid(e3b1af60055f9624eaf9f5ef9e1520bd) Importer(2089858483,b0f066a214c2f5e87bad3c948f4d605d)
Start importing Assets/JC_LP_MegaCity/Models/Buildings/SM_Buildings_University_01.fbx using Guid(e3b1af60055f9624eaf9f5ef9e1520bd) Importer(2089858483,b0f066a214c2f5e87bad3c948f4d605d) (ScriptedImporter) -> (artifact id: 'dc403b434b9cef8d83f8501622666825') in 0.009158884 seconds
Number of updated asset objects reloaded before import = 0Number of asset objects unloaded after import = 7

========================================================================
Received Import Request.
  Time since last request: 0.000007 seconds.
  path: Assets/JC_LP_MegaCity/Models/Props/SM_Props_Supermarket_01.fbx
  artifactKey: Guid(ea2a9554d8cab7b489575d9789a34c8f) Importer(2089858483,b0f066a214c2f5e87bad3c948f4d605d)
Start importing Assets/JC_LP_MegaCity/Models/Props/SM_Props_Supermarket_01.fbx using Guid(ea2a9554d8cab7b489575d9789a34c8f) Importer(2089858483,b0f066a214c2f5e87bad3c948f4d605d) (ScriptedImporter) -> (artifact id: '9e4194bf9bc945b02396ea7064c57e3c') in 0.004159749 seconds
Number of updated asset objects reloaded before import = 0Number of asset objects unloaded after import = 7

========================================================================
Received Import Request.
  Time since last request: 0.000012 seconds.
  path: Assets/JC_LP_MegaCity/Prefabs/Buildings/SM_Buildings_Commercial_03.prefab
  artifactKey: Guid(c080b90f5cf3b7b4aabf482221451e54) Importer(2089858483,b0f066a214c2f5e87bad3c948f4d605d)
Start importing Assets/JC_LP_MegaCity/Prefabs/Buildings/SM_Buildings_Commercial_03.prefab using Guid(c080b90f5cf3b7b4aabf482221451e54) Importer(2089858483,b0f066a214c2f5e87bad3c948f4d605d) (ScriptedImporter) -> (artifact id: '2aededf7791198d0268f347660cf4722') in 0.005124094 seconds
Number of updated asset objects reloaded before import = 0Number of asset objects unloaded after import = 22

========================================================================
Received Import Request.
  Time since last request: 0.000007 seconds.
  path: Assets/JC_LP_MegaCity/Models/Food/SM_Food_Taco_01.fbx
  artifactKey: Guid(817f410061e53ce428c10f94c6c82cfe) Importer(2089858483,b0f066a214c2f5e87bad3c948f4d605d)
Start importing Assets/JC_LP_MegaCity/Models/Food/SM_Food_Taco_01.fbx using Guid(817f410061e53ce428c10f94c6c82cfe) Importer(2089858483,b0f066a214c2f5e87bad3c948f4d605d) (ScriptedImporter) -> (artifact id: 'a0cdd2b9b14be5a86df6ecce362d954d') in 0.004180619 seconds
Number of updated asset objects reloaded before import = 0Number of asset objects unloaded after import = 7

========================================================================
Received Import Request.
  Time since last request: 0.000011 seconds.
  path: Assets/JC_LP_MegaCity/Prefabs/Food/SM_Food_Soda_02.prefab
  artifactKey: Guid(45ca937d03e254f44a07694f61ecdbfa) Importer(2089858483,b0f066a214c2f5e87bad3c948f4d605d)
Start importing Assets/JC_LP_MegaCity/Prefabs/Food/SM_Food_Soda_02.prefab using Guid(45ca937d03e254f44a07694f61ecdbfa) Importer(2089858483,b0f066a214c2f5e87bad3c948f4d605d) (ScriptedImporter) -> (artifact id: 'ffbcbefcfe3600a940a451da7c900c74') in 0.004360088 seconds
Number of updated asset objects reloaded before import = 0Number of asset objects unloaded after import = 9

========================================================================
Received Import Request.
  Time since last request: 0.000006 seconds.
  path: Assets/JC_LP_MegaCity/Prefabs/Props/SM_Props_ArcadeMachine_01.prefab
  artifactKey: Guid(fae9a1efe286be9499bbd22e143c4739) Importer(2089858483,b0f066a214c2f5e87bad3c948f4d605d)
Start importing Assets/JC_LP_MegaCity/Prefabs/Props/SM_Props_ArcadeMachine_01.prefab using Guid(fae9a1efe286be9499bbd22e143c4739) Importer(2089858483,b0f066a214c2f5e87bad3c948f4d605d) (ScriptedImporter) -> (artifact id: '4d40c35d5e7d8bdb12df720fc428170e') in 0.003332923 seconds
Number of updated asset objects reloaded before import = 0Number of asset objects unloaded after import = 10

========================================================================
Received Import Request.
  Time since last request: 0.000007 seconds.
  path: Assets/JC_LP_MegaCity/Models/Props/SM_Props_Pool_07.fbx
  artifactKey: Guid(acc7a7647d7406b42882dbda25134a4f) Importer(2089858483,b0f066a214c2f5e87bad3c948f4d605d)
Start importing Assets/JC_LP_MegaCity/Models/Props/SM_Props_Pool_07.fbx using Guid(acc7a7647d7406b42882dbda25134a4f) Importer(2089858483,b0f066a214c2f5e87bad3c948f4d605d) (ScriptedImporter) -> (artifact id: 'bc0f62983cc3cf6f0c94dff073a2628a') in 0.004536867 seconds
Number of updated asset objects reloaded before import = 0Number of asset objects unloaded after import = 7

========================================================================
Received Import Request.
  Time since last request: 0.000008 seconds.
  path: Assets/JC_LP_MegaCity/Prefabs/FloorProps/SM_FloorProps_07.prefab
  artifactKey: Guid(a4ee44ce3eb893847b3844a3d483203b) Importer(2089858483,b0f066a214c2f5e87bad3c948f4d605d)
Start importing Assets/JC_LP_MegaCity/Prefabs/FloorProps/SM_FloorProps_07.prefab using Guid(a4ee44ce3eb893847b3844a3d483203b) Importer(2089858483,b0f066a214c2f5e87bad3c948f4d605d) (ScriptedImporter) -> (artifact id: '091b867afdccb42b7075ede604dfbf15') in 0.003589272 seconds
Number of updated asset objects reloaded before import = 0Number of asset objects unloaded after import = 9

========================================================================
Received Import Request.
  Time since last request: 0.000007 seconds.
  path: Assets/JC_LP_MegaCity/Prefabs/IndustrialProps/SM_IndustrialProps_Barrel_04.prefab
  artifactKey: Guid(9444fd029a1b91b49b21a491de6756e1) Importer(2089858483,b0f066a214c2f5e87bad3c948f4d605d)
Start importing Assets/JC_LP_MegaCity/Prefabs/IndustrialProps/SM_IndustrialProps_Barrel_04.prefab using Guid(9444fd029a1b91b49b21a491de6756e1) Importer(2089858483,b0f066a214c2f5e87bad3c948f4d605d) (ScriptedImporter) -> (artifact id: '10b6368536b5555494a1fbee902e1e59') in 0.003152594 seconds
Number of updated asset objects reloaded before import = 0Number of asset objects unloaded after import = 9

========================================================================
Received Import Request.
  Time since last request: 0.000011 seconds.
  path: Assets/JC_LP_MegaCity/Prefabs/Props/SM_Props_Trash_01.prefab
  artifactKey: Guid(8e94d655854df5a47a9f0115af2aba8e) Importer(2089858483,b0f066a214c2f5e87bad3c948f4d605d)
Start importing Assets/JC_LP_MegaCity/Prefabs/Props/SM_Props_Trash_01.prefab using Guid(8e94d655854df5a47a9f0115af2aba8e) Importer(2089858483,b0f066a214c2f5e87bad3c948f4d605d) (ScriptedImporter) -> (artifact id: '7aa2eee6a35b0e97e11f8d54e509ddb0') in 0.005421733 seconds
Number of updated asset objects reloaded before import = 0Number of asset objects unloaded after import = 9

========================================================================
Received Import Request.
  Time since last request: 0.000015 seconds.
  path: Assets/JC_LP_MegaCity/Prefabs/Nature/SM_Nature_Rock_01.prefab
  artifactKey: Guid(92148724472f0594d8d9f458026bb7b4) Importer(2089858483,b0f066a214c2f5e87bad3c948f4d605d)
Start importing Assets/JC_LP_MegaCity/Prefabs/Nature/SM_Nature_Rock_01.prefab using Guid(92148724472f0594d8d9f458026bb7b4) Importer(2089858483,b0f066a214c2f5e87bad3c948f4d605d) (ScriptedImporter) -> (artifact id: 'b9fcaa0336ff66f83a559e3fe25b4542') in 0.002936265 seconds
Number of updated asset objects reloaded before import = 0Number of asset objects unloaded after import = 17

========================================================================
Received Import Request.
  Time since last request: 0.000008 seconds.
  path: Assets/JC_LP_MegaCity/Prefabs/FloorProps/SM_FloorProps_01.prefab
  artifactKey: Guid(4fcc9e529b35ded45a61f7490a1026ad) Importer(2089858483,b0f066a214c2f5e87bad3c948f4d605d)
Start importing Assets/JC_LP_MegaCity/Prefabs/FloorProps/SM_FloorProps_01.prefab using Guid(4fcc9e529b35ded45a61f7490a1026ad) Importer(2089858483,b0f066a214c2f5e87bad3c948f4d605d) (ScriptedImporter) -> (artifact id: 'fdfa099711b401fd7f53dfdd65d7c791') in 0.003526712 seconds
Number of updated asset objects reloaded before import = 0Number of asset objects unloaded after import = 9

========================================================================
Received Import Request.
  Time since last request: 0.000008 seconds.
  path: Assets/JC_LP_MegaCity/Prefabs/IndustrialProps/SM_IndustrialProps_Fence_02.prefab
  artifactKey: Guid(8bcecb89683e5764597a30e0ffa79ec3) Importer(2089858483,b0f066a214c2f5e87bad3c948f4d605d)
Start importing Assets/JC_LP_MegaCity/Prefabs/IndustrialProps/SM_IndustrialProps_Fence_02.prefab using Guid(8bcecb89683e5764597a30e0ffa79ec3) Importer(2089858483,b0f066a214c2f5e87bad3c948f4d605d) (ScriptedImporter) -> (artifact id: '77a95479c4a71d4b55acc4e914788b47') in 0.003607992 seconds
Number of updated asset objects reloaded before import = 0Number of asset objects unloaded after import = 9

========================================================================
Received Import Request.
  Time since last request: 0.000009 seconds.
  path: Assets/JC_LP_MegaCity/Models/IndustrialProps/SM_IndustrialProps_ShippingContainer_01_Door_01.fbx
  artifactKey: Guid(60477dc786ffba34abaa3146719b9a6d) Importer(2089858483,b0f066a214c2f5e87bad3c948f4d605d)
Start importing Assets/JC_LP_MegaCity/Models/IndustrialProps/SM_IndustrialProps_ShippingContainer_01_Door_01.fbx using Guid(60477dc786ffba34abaa3146719b9a6d) Importer(2089858483,b0f066a214c2f5e87bad3c948f4d605d) (ScriptedImporter) -> (artifact id: '4c5a399d160718df7321277f3d219917') in 0.004439528 seconds
Number of updated asset objects reloaded before import = 0Number of asset objects unloaded after import = 7

========================================================================
Received Import Request.
  Time since last request: 0.000011 seconds.
  path: Assets/JC_LP_MegaCity/Materials/M_MegaCity_Light_Building_Airport_01.mat
  artifactKey: Guid(2cab36b860fd55c4ba1c5231b54beac1) Importer(2089858483,b0f066a214c2f5e87bad3c948f4d605d)
Start importing Assets/JC_LP_MegaCity/Materials/M_MegaCity_Light_Building_Airport_01.mat using Guid(2cab36b860fd55c4ba1c5231b54beac1) Importer(2089858483,b0f066a214c2f5e87bad3c948f4d605d) (ScriptedImporter) -> (artifact id: 'e7c4641ccb655f14a73f3329d20fca4b') in 0.016411817 seconds
Number of updated asset objects reloaded before import = 0Number of asset objects unloaded after import = 1

========================================================================
Received Import Request.
  Time since last request: 0.000013 seconds.
  path: Assets/JC_LP_MegaCity/Prefabs/Buildings/SM_Buildings_House_04_V2.prefab
  artifactKey: Guid(c19ed93813cd33c4d8b1c1081c1d7268) Importer(2089858483,b0f066a214c2f5e87bad3c948f4d605d)
Start importing Assets/JC_LP_MegaCity/Prefabs/Buildings/SM_Buildings_House_04_V2.prefab using Guid(c19ed93813cd33c4d8b1c1081c1d7268) Importer(2089858483,b0f066a214c2f5e87bad3c948f4d605d) (ScriptedImporter) -> (artifact id: '4005112baa6ee03e9ac4d79f4f3efd70') in 0.010129689 seconds
Number of updated asset objects reloaded before import = 0Number of asset objects unloaded after import = 34

========================================================================
Received Import Request.
  Time since last request: 0.000010 seconds.
  path: Assets/JC_LP_MegaCity/Models/Buildings/SM_Buildings_Commercial_07.fbx
  artifactKey: Guid(0e22d3499b169d348bd430dc5d91e470) Importer(2089858483,b0f066a214c2f5e87bad3c948f4d605d)
Start importing Assets/JC_LP_MegaCity/Models/Buildings/SM_Buildings_Commercial_07.fbx using Guid(0e22d3499b169d348bd430dc5d91e470) Importer(2089858483,b0f066a214c2f5e87bad3c948f4d605d) (ScriptedImporter) -> (artifact id: 'fc9ddcbe996c133037ddd736d2a1e387') in 0.004442557 seconds
Number of updated asset objects reloaded before import = 0Number of asset objects unloaded after import = 7

========================================================================
Received Import Request.
  Time since last request: 0.000009 seconds.
  path: Assets/JC_LP_MegaCity/Prefabs/Floor/SM_Floor_Tile_03.prefab
  artifactKey: Guid(473a3558a9bd02a458dc8c0bc857f964) Importer(2089858483,b0f066a214c2f5e87bad3c948f4d605d)
Start importing Assets/JC_LP_MegaCity/Prefabs/Floor/SM_Floor_Tile_03.prefab using Guid(473a3558a9bd02a458dc8c0bc857f964) Importer(2089858483,b0f066a214c2f5e87bad3c948f4d605d) (ScriptedImporter) -> (artifact id: 'e19d92ec5082a587266d90618eb81365') in 0.003576223 seconds
Number of updated asset objects reloaded before import = 0Number of asset objects unloaded after import = 9

========================================================================
Received Import Request.
  Time since last request: 0.000012 seconds.
  path: Assets/JC_LP_MegaCity/Models/Buildings/SM_Buildings_House_01_Door.fbx
  artifactKey: Guid(144f3fab4f5f9f749aee13dbe4ba7f74) Importer(2089858483,b0f066a214c2f5e87bad3c948f4d605d)
Start importing Assets/JC_LP_MegaCity/Models/Buildings/SM_Buildings_House_01_Door.fbx using Guid(144f3fab4f5f9f749aee13dbe4ba7f74) Importer(2089858483,b0f066a214c2f5e87bad3c948f4d605d) (ScriptedImporter) -> (artifact id: 'cf916a168bdabf93cb19553fa0635717') in 0.004655426 seconds
Number of updated asset objects reloaded before import = 0Number of asset objects unloaded after import = 7

========================================================================
Received Import Request.
  Time since last request: 0.000015 seconds.
  path: Assets/JC_LP_MegaCity/Models/Floor/SM_Floor_Tile_02.fbx
  artifactKey: Guid(46a1e8b84d3047b478eda04293902674) Importer(2089858483,b0f066a214c2f5e87bad3c948f4d605d)
Start importing Assets/JC_LP_MegaCity/Models/Floor/SM_Floor_Tile_02.fbx using Guid(46a1e8b84d3047b478eda04293902674) Importer(2089858483,b0f066a214c2f5e87bad3c948f4d605d) (ScriptedImporter) -> (artifact id: '58dd779c791fa66cbd378ca8afe5647c') in 0.0060747 seconds
Number of updated asset objects reloaded before import = 0Number of asset objects unloaded after import = 7

========================================================================
Received Import Request.
  Time since last request: 0.000016 seconds.
  path: Assets/JC_LP_MegaCity/Prefabs/BuildingsDecor/SM_BuildingsDecor_41.prefab
  artifactKey: Guid(9f1919de499ba8c499f329939da2855c) Importer(2089858483,b0f066a214c2f5e87bad3c948f4d605d)
Start importing Assets/JC_LP_MegaCity/Prefabs/BuildingsDecor/SM_BuildingsDecor_41.prefab using Guid(9f1919de499ba8c499f329939da2855c) Importer(2089858483,b0f066a214c2f5e87bad3c948f4d605d) (ScriptedImporter) -> (artifact id: 'd34901597ca9e16837bed0e0a11e30e9') in 0.003748012 seconds
Number of updated asset objects reloaded before import = 0Number of asset objects unloaded after import = 10

========================================================================
Received Import Request.
  Time since last request: 0.000008 seconds.
  path: Assets/JC_LP_MegaCity/Models/Props/SM_Props_CashRegister_02.fbx
  artifactKey: Guid(c3c4feaffaf20fe4f9b886c6e744a27d) Importer(2089858483,b0f066a214c2f5e87bad3c948f4d605d)
Start importing Assets/JC_LP_MegaCity/Models/Props/SM_Props_CashRegister_02.fbx using Guid(c3c4feaffaf20fe4f9b886c6e744a27d) Importer(2089858483,b0f066a214c2f5e87bad3c948f4d605d) (ScriptedImporter) -> (artifact id: '1d8215efd3359607a14dd69974dc3389') in 0.004850426 seconds
Number of updated asset objects reloaded before import = 0Number of asset objects unloaded after import = 7

========================================================================
Received Import Request.
  Time since last request: 0.000012 seconds.
  path: Assets/JC_LP_MegaCity/Prefabs/Floor/SM_Floor_Metro_04.prefab
  artifactKey: Guid(eaa7fcca8ab29414b8e139a7d30ddf87) Importer(2089858483,b0f066a214c2f5e87bad3c948f4d605d)
Start importing Assets/JC_LP_MegaCity/Prefabs/Floor/SM_Floor_Metro_04.prefab using Guid(eaa7fcca8ab29414b8e139a7d30ddf87) Importer(2089858483,b0f066a214c2f5e87bad3c948f4d605d) (ScriptedImporter) -> (artifact id: 'ae0aff63a307a39bb61e6d5e54082518') in 0.004501957 seconds
Number of updated asset objects reloaded before import = 0Number of asset objects unloaded after import = 11

========================================================================
Received Import Request.
  Time since last request: 0.000013 seconds.
  path: Assets/JC_LP_MegaCity/Models/Food/SM_Food_Cabbage_01.fbx
  artifactKey: Guid(a5e59d61f6e1f994a9de8df2443cd3f2) Importer(2089858483,b0f066a214c2f5e87bad3c948f4d605d)
Start importing Assets/JC_LP_MegaCity/Models/Food/SM_Food_Cabbage_01.fbx using Guid(a5e59d61f6e1f994a9de8df2443cd3f2) Importer(2089858483,b0f066a214c2f5e87bad3c948f4d605d) (ScriptedImporter) -> (artifact id: '3b5a2e1af6f4290fa74cd8a9b2b14dfc') in 0.00797373 seconds
Number of updated asset objects reloaded before import = 0Number of asset objects unloaded after import = 7

========================================================================
Received Import Request.
  Time since last request: 0.000008 seconds.
  path: Assets/JC_LP_MegaCity/Prefabs/IndustrialProps/SM_IndustrialProps_Barrel_01.prefab
  artifactKey: Guid(0e733c587bb188d48a339cd2422712c5) Importer(2089858483,b0f066a214c2f5e87bad3c948f4d605d)
Start importing Assets/JC_LP_MegaCity/Prefabs/IndustrialProps/SM_IndustrialProps_Barrel_01.prefab using Guid(0e733c587bb188d48a339cd2422712c5) Importer(2089858483,b0f066a214c2f5e87bad3c948f4d605d) (ScriptedImporter) -> (artifact id: 'a0d3ba4bd2a84eb4c1751a22744646e3') in 0.003734202 seconds
Number of updated asset objects reloaded before import = 0Number of asset objects unloaded after import = 9

========================================================================
Received Import Request.
  Time since last request: 0.000009 seconds.
  path: Assets/JC_LP_MegaCity/Models/Buildings/SM_Buildings_CityMall_01_Door_L_02.fbx
  artifactKey: Guid(ca40425c487a47d43946de08c578249b) Importer(2089858483,b0f066a214c2f5e87bad3c948f4d605d)
Start importing Assets/JC_LP_MegaCity/Models/Buildings/SM_Buildings_CityMall_01_Door_L_02.fbx using Guid(ca40425c487a47d43946de08c578249b) Importer(2089858483,b0f066a214c2f5e87bad3c948f4d605d) (ScriptedImporter) -> (artifact id: '91ad9818bac0a93ce65b4d26c4a311f3') in 0.004430878 seconds
Number of updated asset objects reloaded before import = 0Number of asset objects unloaded after import = 7

========================================================================
Received Import Request.
  Time since last request: 0.000014 seconds.
  path: Assets/JC_LP_MegaCity/Models/Floor/SM_Floor_Road_04.fbx
  artifactKey: Guid(b57995fb7a847ce4594843e87134ee0a) Importer(2089858483,b0f066a214c2f5e87bad3c948f4d605d)
Start importing Assets/JC_LP_MegaCity/Models/Floor/SM_Floor_Road_04.fbx using Guid(b57995fb7a847ce4594843e87134ee0a) Importer(2089858483,b0f066a214c2f5e87bad3c948f4d605d) (ScriptedImporter) -> (artifact id: '8c3655d22cda0c7669a35ba1394060cd') in 0.006576498 seconds
Number of updated asset objects reloaded before import = 0Number of asset objects unloaded after import = 7

========================================================================
Received Import Request.
  Time since last request: 0.000008 seconds.
  path: Assets/JC_LP_MegaCity/Models/Floor/SM_Floor_Road_18.fbx
  artifactKey: Guid(364cfd6e0745e864994b6a8f7854cb5f) Importer(2089858483,b0f066a214c2f5e87bad3c948f4d605d)
Start importing Assets/JC_LP_MegaCity/Models/Floor/SM_Floor_Road_18.fbx using Guid(364cfd6e0745e864994b6a8f7854cb5f) Importer(2089858483,b0f066a214c2f5e87bad3c948f4d605d) (ScriptedImporter) -> (artifact id: 'ff6e7468874f58f32d8f80a40ebee7d2') in 0.005594932 seconds
Number of updated asset objects reloaded before import = 0Number of asset objects unloaded after import = 7

========================================================================
Received Import Request.
  Time since last request: 0.000012 seconds.
  path: Assets/JC_LP_MegaCity/Prefabs/Food/SM_Food_FoodBox_16.prefab
  artifactKey: Guid(0a535f37cabd8c449acc33850b6b735c) Importer(2089858483,b0f066a214c2f5e87bad3c948f4d605d)
Start importing Assets/JC_LP_MegaCity/Prefabs/Food/SM_Food_FoodBox_16.prefab using Guid(0a535f37cabd8c449acc33850b6b735c) Importer(2089858483,b0f066a214c2f5e87bad3c948f4d605d) (ScriptedImporter) -> (artifact id: 'a41589cbb96b0ed67e0c92e302d0010f') in 0.003456663 seconds
Number of updated asset objects reloaded before import = 0Number of asset objects unloaded after import = 9

========================================================================
Received Import Request.
  Time since last request: 0.000008 seconds.
  path: Assets/JC_LP_MegaCity/Models/Buildings/SM_Buildings_Commercial_16_Door_R.fbx
  artifactKey: Guid(6d7a8bd821520ce40b46205c92bfdca4) Importer(2089858483,b0f066a214c2f5e87bad3c948f4d605d)
Start importing Assets/JC_LP_MegaCity/Models/Buildings/SM_Buildings_Commercial_16_Door_R.fbx using Guid(6d7a8bd821520ce40b46205c92bfdca4) Importer(2089858483,b0f066a214c2f5e87bad3c948f4d605d) (ScriptedImporter) -> (artifact id: '50646b451539a7a94f36d21dee5b66a0') in 0.004577537 seconds
Number of updated asset objects reloaded before import = 0Number of asset objects unloaded after import = 7

========================================================================
Received Import Request.
  Time since last request: 0.000012 seconds.
  path: Assets/JC_LP_MegaCity/Models/Props/SM_Props_Park_02_Wheel_01.fbx
  artifactKey: Guid(20dec2642501d66409f174a42dce8685) Importer(2089858483,b0f066a214c2f5e87bad3c948f4d605d)
Start importing Assets/JC_LP_MegaCity/Models/Props/SM_Props_Park_02_Wheel_01.fbx using Guid(20dec2642501d66409f174a42dce8685) Importer(2089858483,b0f066a214c2f5e87bad3c948f4d605d) (ScriptedImporter) -> (artifact id: 'd72b94cd285a1f52fcc82505033d62e2') in 0.004928286 seconds
Number of updated asset objects reloaded before import = 0Number of asset objects unloaded after import = 7

========================================================================
Received Import Request.
  Time since last request: 0.000015 seconds.
  path: Assets/JC_LP_MegaCity/Models/FloorProps/SM_FloorProps_RoadSign_04.fbx
  artifactKey: Guid(0b20879d6639c9442812a2afbbd42f34) Importer(2089858483,b0f066a214c2f5e87bad3c948f4d605d)
Start importing Assets/JC_LP_MegaCity/Models/FloorProps/SM_FloorProps_RoadSign_04.fbx using Guid(0b20879d6639c9442812a2afbbd42f34) Importer(2089858483,b0f066a214c2f5e87bad3c948f4d605d) (ScriptedImporter) -> (artifact id: '1548fc95ecab98ae50eee8fbf3a7c4ab') in 0.006662407 seconds
Number of updated asset objects reloaded before import = 0Number of asset objects unloaded after import = 7

========================================================================
Received Import Request.
  Time since last request: 0.000011 seconds.
  path: Assets/JC_LP_MegaCity/Models/Buildings/SM_Buildings_Hospital_01_ElevatorDoor_L.fbx
  artifactKey: Guid(ac6b14eab437045478eff4b95a415d5f) Importer(2089858483,b0f066a214c2f5e87bad3c948f4d605d)
Start importing Assets/JC_LP_MegaCity/Models/Buildings/SM_Buildings_Hospital_01_ElevatorDoor_L.fbx using Guid(ac6b14eab437045478eff4b95a415d5f) Importer(2089858483,b0f066a214c2f5e87bad3c948f4d605d) (ScriptedImporter) -> (artifact id: '95ce2f350a7fdcc6f99ff71fdacef3fa') in 0.007213244 seconds
Number of updated asset objects reloaded before import = 0Number of asset objects unloaded after import = 7

========================================================================
Received Import Request.
  Time since last request: 0.000008 seconds.
  path: Assets/JC_LP_MegaCity/Prefabs/Buildings/SM_Buildings_Car_Service.prefab
  artifactKey: Guid(73ef35eaa9aa5d144805ca1b33806dc6) Importer(2089858483,b0f066a214c2f5e87bad3c948f4d605d)
Start importing Assets/JC_LP_MegaCity/Prefabs/Buildings/SM_Buildings_Car_Service.prefab using Guid(73ef35eaa9aa5d144805ca1b33806dc6) Importer(2089858483,b0f066a214c2f5e87bad3c948f4d605d) (ScriptedImporter) -> (artifact id: '530b9149d7c8147e453c4658cfc2a199') in 0.004142089 seconds
Number of updated asset objects reloaded before import = 0Number of asset objects unloaded after import = 27

========================================================================
Received Import Request.
  Time since last request: 0.000008 seconds.
  path: Assets/JC_LP_MegaCity/Models/Props
  artifactKey: Guid(d7788b253cc0f474f970822ea2051c02) Importer(2089858483,b0f066a214c2f5e87bad3c948f4d605d)
Start importing Assets/JC_LP_MegaCity/Models/Props using Guid(d7788b253cc0f474f970822ea2051c02) Importer(2089858483,b0f066a214c2f5e87bad3c948f4d605d) (ScriptedImporter) -> (artifact id: '7830424d862b1bc834ec961f5fac81be') in 0.001176184 seconds
Number of updated asset objects reloaded before import = 0Number of asset objects unloaded after import = 1

========================================================================
Received Import Request.
  Time since last request: 0.000009 seconds.
  path: Assets/JC_LP_MegaCity/Models/Food/SM_Food_Soda_05.fbx
  artifactKey: Guid(6b93aace5e11f6f43bd140ba394f3481) Importer(2089858483,b0f066a214c2f5e87bad3c948f4d605d)
Start importing Assets/JC_LP_MegaCity/Models/Food/SM_Food_Soda_05.fbx using Guid(6b93aace5e11f6f43bd140ba394f3481) Importer(2089858483,b0f066a214c2f5e87bad3c948f4d605d) (ScriptedImporter) -> (artifact id: '191e119c625390010f0b722bef205051') in 0.005051295 seconds
Number of updated asset objects reloaded before import = 0Number of asset objects unloaded after import = 7

========================================================================
Received Import Request.
  Time since last request: 0.000009 seconds.
  path: Assets/JC_LP_MegaCity/Models/Floor/SM_Floor_Tile_16.fbx
  artifactKey: Guid(32362e157fe24bd4bbddd109246de5a6) Importer(2089858483,b0f066a214c2f5e87bad3c948f4d605d)
Start importing Assets/JC_LP_MegaCity/Models/Floor/SM_Floor_Tile_16.fbx using Guid(32362e157fe24bd4bbddd109246de5a6) Importer(2089858483,b0f066a214c2f5e87bad3c948f4d605d) (ScriptedImporter) -> (artifact id: '540295d35bc2643188accd63c7bd015e') in 0.007254494 seconds
Number of updated asset objects reloaded before import = 0Number of asset objects unloaded after import = 7

========================================================================
Received Import Request.
  Time since last request: 0.000011 seconds.
  path: Assets/JC_LP_MegaCity/Prefabs/Props/SM_Props_Furniture_08.prefab
  artifactKey: Guid(1fd758d93622a7a41b2377d760f248ea) Importer(2089858483,b0f066a214c2f5e87bad3c948f4d605d)
Start importing Assets/JC_LP_MegaCity/Prefabs/Props/SM_Props_Furniture_08.prefab using Guid(1fd758d93622a7a41b2377d760f248ea) Importer(2089858483,b0f066a214c2f5e87bad3c948f4d605d) (ScriptedImporter) -> (artifact id: 'f78b8540b13793b4920dc6cd006169aa') in 0.00408796 seconds
Number of updated asset objects reloaded before import = 0Number of asset objects unloaded after import = 9

========================================================================
Received Import Request.
  Time since last request: 0.000008 seconds.
  path: Assets/JC_LP_MegaCity/Models/Buildings/SM_Buildings_Office_03_Door_L.fbx
  artifactKey: Guid(4e73259f6ca5e894b97d52d53eabe532) Importer(2089858483,b0f066a214c2f5e87bad3c948f4d605d)
Start importing Assets/JC_LP_MegaCity/Models/Buildings/SM_Buildings_Office_03_Door_L.fbx using Guid(4e73259f6ca5e894b97d52d53eabe532) Importer(2089858483,b0f066a214c2f5e87bad3c948f4d605d) (ScriptedImporter) -> (artifact id: 'de3590fa40a52848dfcb3341d2ee3957') in 0.004523447 seconds
Number of updated asset objects reloaded before import = 0Number of asset objects unloaded after import = 7

========================================================================
Received Import Request.
  Time since last request: 0.974749 seconds.
  path: Assets/JC_LP_MegaCity/Prefabs/Food/SM_Food_Pie_03.prefab
  artifactKey: Guid(4da964a54d8e1924287bca6e071357ef) Importer(2089858483,b0f066a214c2f5e87bad3c948f4d605d)
Start importing Assets/JC_LP_MegaCity/Prefabs/Food/SM_Food_Pie_03.prefab using Guid(4da964a54d8e1924287bca6e071357ef) Importer(2089858483,b0f066a214c2f5e87bad3c948f4d605d) (ScriptedImporter) -> (artifact id: '77f1d793c1ddab9067c675eafed0c423') in 0.00405106 seconds
Number of updated asset objects reloaded before import = 0Number of asset objects unloaded after import = 9

========================================================================
Received Import Request.
  Time since last request: 0.000010 seconds.
  path: Assets/JC_LP_MegaCity/Prefabs/Buildings/SM_Buildings_Factory_03.prefab
  artifactKey: Guid(354fb5dfc46c78c4a8b95fdc894fd91e) Importer(2089858483,b0f066a214c2f5e87bad3c948f4d605d)
Start importing Assets/JC_LP_MegaCity/Prefabs/Buildings/SM_Buildings_Factory_03.prefab using Guid(354fb5dfc46c78c4a8b95fdc894fd91e) Importer(2089858483,b0f066a214c2f5e87bad3c948f4d605d) (ScriptedImporter) -> (artifact id: '8b222612bad254dc6aaf09f1b7403e5a') in 0.008338498 seconds
Number of updated asset objects reloaded before import = 0Number of asset objects unloaded after import = 27

========================================================================
Received Import Request.
  Time since last request: 0.000013 seconds.
  path: Assets/JC_LP_MegaCity/Prefabs/Food/SM_Food_Tomato_01.prefab
  artifactKey: Guid(b4659c42c6caa5e459ebe9c52814bb71) Importer(2089858483,b0f066a214c2f5e87bad3c948f4d605d)
Start importing Assets/JC_LP_MegaCity/Prefabs/Food/SM_Food_Tomato_01.prefab using Guid(b4659c42c6caa5e459ebe9c52814bb71) Importer(2089858483,b0f066a214c2f5e87bad3c948f4d605d) (ScriptedImporter) -> (artifact id: '72258b60fe4f89f4df43d7613b38629f') in 0.003696161 seconds
Number of updated asset objects reloaded before import = 0Number of asset objects unloaded after import = 9

========================================================================
Received Import Request.
  Time since last request: 0.000022 seconds.
  path: Assets/JC_LP_MegaCity/Models/BuildingsDecor/SM_BuildingsDecor_Ads_02.fbx
  artifactKey: Guid(c2a88c25eff7e3745a09cdb01574156e) Importer(2089858483,b0f066a214c2f5e87bad3c948f4d605d)
Start importing Assets/JC_LP_MegaCity/Models/BuildingsDecor/SM_BuildingsDecor_Ads_02.fbx using Guid(c2a88c25eff7e3745a09cdb01574156e) Importer(2089858483,b0f066a214c2f5e87bad3c948f4d605d) (ScriptedImporter) -> (artifact id: '253aa45645d03083d23b2e7deab3b102') in 0.005014305 seconds
Number of updated asset objects reloaded before import = 0Number of asset objects unloaded after import = 7

========================================================================
Received Import Request.
  Time since last request: 0.000010 seconds.
  path: Assets/JC_LP_MegaCity/Prefabs/Vehicles/SM_Vehicles_Bus_V1.prefab
  artifactKey: Guid(2c06af02d79467b429310e849b375e54) Importer(2089858483,b0f066a214c2f5e87bad3c948f4d605d)
Start importing Assets/JC_LP_MegaCity/Prefabs/Vehicles/SM_Vehicles_Bus_V1.prefab using Guid(2c06af02d79467b429310e849b375e54) Importer(2089858483,b0f066a214c2f5e87bad3c948f4d605d) (ScriptedImporter) -> (artifact id: '1c8e23a6641a6ba10d4fc5042d9c982d') in 0.003642531 seconds
Number of updated asset objects reloaded before import = 0Number of asset objects unloaded after import = 34

========================================================================
Received Import Request.
  Time since last request: 0.000008 seconds.
  path: Assets/JC_LP_MegaCity/Prefabs/Buildings/SM_Buildings_House_13_V1.prefab
  artifactKey: Guid(e4e5350325eda45448f594dd9400a08e) Importer(2089858483,b0f066a214c2f5e87bad3c948f4d605d)
Start importing Assets/JC_LP_MegaCity/Prefabs/Buildings/SM_Buildings_House_13_V1.prefab using Guid(e4e5350325eda45448f594dd9400a08e) Importer(2089858483,b0f066a214c2f5e87bad3c948f4d605d) (ScriptedImporter) -> (artifact id: '84134480aafe56305aefce72873bca93') in 0.005147075 seconds
Number of updated asset objects reloaded before import = 0Number of asset objects unloaded after import = 16

========================================================================
Received Import Request.
  Time since last request: 0.000009 seconds.
  path: Assets/JC_LP_MegaCity/Prefabs/Props/SM_Props_Darts_01.prefab
  artifactKey: Guid(876ded58994cf854cb68eac4eb782a7a) Importer(2089858483,b0f066a214c2f5e87bad3c948f4d605d)
Start importing Assets/JC_LP_MegaCity/Prefabs/Props/SM_Props_Darts_01.prefab using Guid(876ded58994cf854cb68eac4eb782a7a) Importer(2089858483,b0f066a214c2f5e87bad3c948f4d605d) (ScriptedImporter) -> (artifact id: '0265e79001b1ae1bafb00c4c6c2313c7') in 0.003474253 seconds
Number of updated asset objects reloaded before import = 0Number of asset objects unloaded after import = 9

========================================================================
Received Import Request.
  Time since last request: 0.000013 seconds.
  path: Assets/JC_LP_MegaCity/Prefabs/Food/SM_Food_FoodBox_12.prefab
  artifactKey: Guid(31ec20c3f28b82f49b22e8ff58c5c930) Importer(2089858483,b0f066a214c2f5e87bad3c948f4d605d)
Start importing Assets/JC_LP_MegaCity/Prefabs/Food/SM_Food_FoodBox_12.prefab using Guid(31ec20c3f28b82f49b22e8ff58c5c930) Importer(2089858483,b0f066a214c2f5e87bad3c948f4d605d) (ScriptedImporter) -> (artifact id: '0480fbe0c380d6cfed42f1a22c85fa6a') in 0.00604189 seconds
Number of updated asset objects reloaded before import = 0Number of asset objects unloaded after import = 9

========================================================================
Received Import Request.
  Time since last request: 0.000007 seconds.
  path: Assets/JC_LP_MegaCity/Prefabs/Buildings/SM_Buildings_House_04_V4.prefab
  artifactKey: Guid(340c96056a6e75448bd3ef7285d8e70d) Importer(2089858483,b0f066a214c2f5e87bad3c948f4d605d)
Start importing Assets/JC_LP_MegaCity/Prefabs/Buildings/SM_Buildings_House_04_V4.prefab using Guid(340c96056a6e75448bd3ef7285d8e70d) Importer(2089858483,b0f066a214c2f5e87bad3c948f4d605d) (ScriptedImporter) -> (artifact id: '09ebbc9d09f3d94fe0d5c236ceb915c3') in 0.005454132 seconds
Number of updated asset objects reloaded before import = 0Number of asset objects unloaded after import = 34

========================================================================
Received Import Request.
  Time since last request: 0.000009 seconds.
  path: Assets/JC_LP_MegaCity/Models/Buildings/SM_Buildings_House_12_Door_L.fbx
  artifactKey: Guid(7c61c1f55bce1474eabef9aed66c2703) Importer(2089858483,b0f066a214c2f5e87bad3c948f4d605d)
Start importing Assets/JC_LP_MegaCity/Models/Buildings/SM_Buildings_House_12_Door_L.fbx using Guid(7c61c1f55bce1474eabef9aed66c2703) Importer(2089858483,b0f066a214c2f5e87bad3c948f4d605d) (ScriptedImporter) -> (artifact id: 'e53b91495c6c97ace5daae979139f6d3') in 0.005480382 seconds
Number of updated asset objects reloaded before import = 0Number of asset objects unloaded after import = 7

========================================================================
Received Import Request.
  Time since last request: 0.000011 seconds.
  path: Assets/JC_LP_MegaCity/Models/Props/SM_Props_Ads_06.fbx
  artifactKey: Guid(28f08c8b1f2f8414d8db93321879ec71) Importer(2089858483,b0f066a214c2f5e87bad3c948f4d605d)
Start importing Assets/JC_LP_MegaCity/Models/Props/SM_Props_Ads_06.fbx using Guid(28f08c8b1f2f8414d8db93321879ec71) Importer(2089858483,b0f066a214c2f5e87bad3c948f4d605d) (ScriptedImporter) -> (artifact id: 'bfbad4bfd5821315e41a1368f4e0547d') in 0.004986825 seconds
Number of updated asset objects reloaded before import = 0Number of asset objects unloaded after import = 7

========================================================================
Received Import Request.
  Time since last request: 0.000013 seconds.
  path: Assets/JC_LP_MegaCity/Models/Buildings/SM_Buildings_Office_05_Door.fbx
  artifactKey: Guid(7f7581fa5fc38ae4ebdfd699426247dc) Importer(2089858483,b0f066a214c2f5e87bad3c948f4d605d)
Start importing Assets/JC_LP_MegaCity/Models/Buildings/SM_Buildings_Office_05_Door.fbx using Guid(7f7581fa5fc38ae4ebdfd699426247dc) Importer(2089858483,b0f066a214c2f5e87bad3c948f4d605d) (ScriptedImporter) -> (artifact id: 'e5e0d93eb50496ec12bc783a5532bf8c') in 0.007733321 seconds
Number of updated asset objects reloaded before import = 0Number of asset objects unloaded after import = 7

========================================================================
Received Import Request.
  Time since last request: 0.000013 seconds.
  path: Assets/JC_LP_MegaCity/Models/IndustrialProps/SM_IndustrialProps_ShippingContainer_02_Door_01.fbx
  artifactKey: Guid(43d6682d884a13645820e1a8bea36b7d) Importer(2089858483,b0f066a214c2f5e87bad3c948f4d605d)
Start importing Assets/JC_LP_MegaCity/Models/IndustrialProps/SM_IndustrialProps_ShippingContainer_02_Door_01.fbx using Guid(43d6682d884a13645820e1a8bea36b7d) Importer(2089858483,b0f066a214c2f5e87bad3c948f4d605d) (ScriptedImporter) -> (artifact id: '4615c0539c2669892f975c8fdbcf1638') in 0.005875311 seconds
Number of updated asset objects reloaded before import = 0Number of asset objects unloaded after import = 7

========================================================================
Received Import Request.
  Time since last request: 0.000017 seconds.
  path: Assets/JC_LP_MegaCity/Models/Buildings/SM_Buildings_House_05_Door_R.fbx
  artifactKey: Guid(6d41a84e811fd1e4fac16663867019bb) Importer(2089858483,b0f066a214c2f5e87bad3c948f4d605d)
Start importing Assets/JC_LP_MegaCity/Models/Buildings/SM_Buildings_House_05_Door_R.fbx using Guid(6d41a84e811fd1e4fac16663867019bb) Importer(2089858483,b0f066a214c2f5e87bad3c948f4d605d) (ScriptedImporter) -> (artifact id: '2842559c223e63768900e7f1e0bb0576') in 0.007267533 seconds
Number of updated asset objects reloaded before import = 0Number of asset objects unloaded after import = 7

========================================================================
Received Import Request.
  Time since last request: 0.000010 seconds.
  path: Assets/JC_LP_MegaCity/Models/Props/SM_Props_Trash_03.fbx
  artifactKey: Guid(144906a6d6c056c418fe345d236f6754) Importer(2089858483,b0f066a214c2f5e87bad3c948f4d605d)
Start importing Assets/JC_LP_MegaCity/Models/Props/SM_Props_Trash_03.fbx using Guid(144906a6d6c056c418fe345d236f6754) Importer(2089858483,b0f066a214c2f5e87bad3c948f4d605d) (ScriptedImporter) -> (artifact id: '7addb3cebddfa466ee1c0adec0ef3c17') in 0.005395613 seconds
Number of updated asset objects reloaded before import = 0Number of asset objects unloaded after import = 7

========================================================================
Received Import Request.
  Time since last request: 0.000009 seconds.
  path: Assets/JC_LP_MegaCity/Prefabs/Props/SM_Props_Pool_04.prefab
  artifactKey: Guid(7d6685bdf3ac8b6488eabbd1cff2b434) Importer(2089858483,b0f066a214c2f5e87bad3c948f4d605d)
Start importing Assets/JC_LP_MegaCity/Prefabs/Props/SM_Props_Pool_04.prefab using Guid(7d6685bdf3ac8b6488eabbd1cff2b434) Importer(2089858483,b0f066a214c2f5e87bad3c948f4d605d) (ScriptedImporter) -> (artifact id: 'cd040488594061c02a49f933b45c34d4') in 0.004842386 seconds
Number of updated asset objects reloaded before import = 0Number of asset objects unloaded after import = 9

========================================================================
Received Import Request.
  Time since last request: 0.000010 seconds.
  path: Assets/JC_LP_MegaCity/Models/BuildingsDecor/SM_BuildingsDecor_49.fbx
  artifactKey: Guid(ff8c68d2385f35d4dafa2be3f17a3cb1) Importer(2089858483,b0f066a214c2f5e87bad3c948f4d605d)
Start importing Assets/JC_LP_MegaCity/Models/BuildingsDecor/SM_BuildingsDecor_49.fbx using Guid(ff8c68d2385f35d4dafa2be3f17a3cb1) Importer(2089858483,b0f066a214c2f5e87bad3c948f4d605d) (ScriptedImporter) -> (artifact id: 'b5fc8f3ad050fdfe6ede3dac4d0a5c81') in 0.009691471 seconds
Number of updated asset objects reloaded before import = 0Number of asset objects unloaded after import = 7

========================================================================
Received Import Request.
  Time since last request: 0.000011 seconds.
  path: Assets/JC_LP_MegaCity/Models/Props/SM_Props_Garbage_07.fbx
  artifactKey: Guid(d0b07368e1759c647b8f5198c80a5417) Importer(2089858483,b0f066a214c2f5e87bad3c948f4d605d)
Start importing Assets/JC_LP_MegaCity/Models/Props/SM_Props_Garbage_07.fbx using Guid(d0b07368e1759c647b8f5198c80a5417) Importer(2089858483,b0f066a214c2f5e87bad3c948f4d605d) (ScriptedImporter) -> (artifact id: 'ead766dc7d30f5312e27e86da884ba8e') in 0.008196629 seconds
Number of updated asset objects reloaded before import = 0Number of asset objects unloaded after import = 7

========================================================================
Received Import Request.
  Time since last request: 0.000008 seconds.
  path: Assets/JC_LP_MegaCity/Scenes/LP_MegaCity_Demo.unity
  artifactKey: Guid(8a2be62668e453b4cac0243a5c536c1e) Importer(2089858483,b0f066a214c2f5e87bad3c948f4d605d)
Start importing Assets/JC_LP_MegaCity/Scenes/LP_MegaCity_Demo.unity using Guid(8a2be62668e453b4cac0243a5c536c1e) Importer(2089858483,b0f066a214c2f5e87bad3c948f4d605d) (ScriptedImporter) -> (artifact id: 'f024fcce902ef7c8650ab3290c9bc4f8') in 0.099624461 seconds
Number of updated asset objects reloaded before import = 0Number of asset objects unloaded after import = 1

========================================================================
Received Import Request.
  Time since last request: 0.000012 seconds.
  path: Assets/JC_LP_MegaCity/Models/FloorProps/SM_FloorProps_RoadSign_42.fbx
  artifactKey: Guid(5457f30e9de32cb4289916ae1378aa76) Importer(2089858483,b0f066a214c2f5e87bad3c948f4d605d)
Start importing Assets/JC_LP_MegaCity/Models/FloorProps/SM_FloorProps_RoadSign_42.fbx using Guid(5457f30e9de32cb4289916ae1378aa76) Importer(2089858483,b0f066a214c2f5e87bad3c948f4d605d) (ScriptedImporter) -> (artifact id: 'ffb1c8139b7af057c684b4f9937403f7') in 0.004433548 seconds
Number of updated asset objects reloaded before import = 0Number of asset objects unloaded after import = 7

========================================================================
Received Import Request.
  Time since last request: 0.000018 seconds.
  path: Assets/JC_LP_MegaCity/Prefabs/FloorProps/SM_FloorProps_04.prefab
  artifactKey: Guid(b61805e13df29464cad4d62cceb53cca) Importer(2089858483,b0f066a214c2f5e87bad3c948f4d605d)
Start importing Assets/JC_LP_MegaCity/Prefabs/FloorProps/SM_FloorProps_04.prefab using Guid(b61805e13df29464cad4d62cceb53cca) Importer(2089858483,b0f066a214c2f5e87bad3c948f4d605d) (ScriptedImporter) -> (artifact id: '8350cfa42cdeb795e394af019bf2ecdc') in 0.005053085 seconds
Number of updated asset objects reloaded before import = 0Number of asset objects unloaded after import = 9

========================================================================
Received Import Request.
  Time since last request: 0.000010 seconds.
  path: Assets/JC_LP_MegaCity/Prefabs/Props/SM_Props_Cafe_13.prefab
  artifactKey: Guid(401592a219727074891dd55a4e749577) Importer(2089858483,b0f066a214c2f5e87bad3c948f4d605d)
Start importing Assets/JC_LP_MegaCity/Prefabs/Props/SM_Props_Cafe_13.prefab using Guid(401592a219727074891dd55a4e749577) Importer(2089858483,b0f066a214c2f5e87bad3c948f4d605d) (ScriptedImporter) -> (artifact id: '85c0ecc36e0e1528c2fabbce8d1d5765') in 0.003801 seconds
Number of updated asset objects reloaded before import = 0Number of asset objects unloaded after import = 9

========================================================================
Received Import Request.
  Time since last request: 0.000007 seconds.
  path: Assets/JC_LP_MegaCity/Prefabs/FloorProps/SM_FloorProps_RoadSign_30.prefab
  artifactKey: Guid(533e0a97313bd804ca422d814532bccc) Importer(2089858483,b0f066a214c2f5e87bad3c948f4d605d)
Start importing Assets/JC_LP_MegaCity/Prefabs/FloorProps/SM_FloorProps_RoadSign_30.prefab using Guid(533e0a97313bd804ca422d814532bccc) Importer(2089858483,b0f066a214c2f5e87bad3c948f4d605d) (ScriptedImporter) -> (artifact id: 'f7ada4ef701d20919dc2d6e153147063') in 0.004716407 seconds
Number of updated asset objects reloaded before import = 0Number of asset objects unloaded after import = 9

========================================================================
Received Import Request.
  Time since last request: 0.000008 seconds.
  path: Assets/JC_LP_MegaCity/Textures/T_MegaCity_02_Opacity.png
  artifactKey: Guid(2465eb51d5d887144a6c0183887bf239) Importer(2089858483,b0f066a214c2f5e87bad3c948f4d605d)
Start importing Assets/JC_LP_MegaCity/Textures/T_MegaCity_02_Opacity.png using Guid(2465eb51d5d887144a6c0183887bf239) Importer(2089858483,b0f066a214c2f5e87bad3c948f4d605d) (ScriptedImporter) -> (artifact id: '2aea15a36c0067126dcf543171e22939') in 0.036484368 seconds
Number of updated asset objects reloaded before import = 0Number of asset objects unloaded after import = 1

========================================================================
Received Import Request.
  Time since last request: 0.000010 seconds.
  path: Assets/JC_LP_MegaCity/Scenes/LP_MegaCity_Overview/LightingData.asset
  artifactKey: Guid(8e1ec089bc4045342a61335914d032f3) Importer(2089858483,b0f066a214c2f5e87bad3c948f4d605d)
Start importing Assets/JC_LP_MegaCity/Scenes/LP_MegaCity_Overview/LightingData.asset using Guid(8e1ec089bc4045342a61335914d032f3) Importer(2089858483,b0f066a214c2f5e87bad3c948f4d605d) (ScriptedImporter) -> (artifact id: 'face47ab097720cbd99f102d243b7a1c') in 0.00202746 seconds
Number of updated asset objects reloaded before import = 0Number of asset objects unloaded after import = 2

========================================================================
Received Import Request.
  Time since last request: 0.000008 seconds.
  path: Assets/JC_LP_MegaCity/Prefabs/Vehicles/SM_Vehicles_09_V1.prefab
  artifactKey: Guid(2b4f4f377258643409ca76c9f5385d1e) Importer(2089858483,b0f066a214c2f5e87bad3c948f4d605d)
Start importing Assets/JC_LP_MegaCity/Prefabs/Vehicles/SM_Vehicles_09_V1.prefab using Guid(2b4f4f377258643409ca76c9f5385d1e) Importer(2089858483,b0f066a214c2f5e87bad3c948f4d605d) (ScriptedImporter) -> (artifact id: '80cab9993c4a0dfefb954a6781f9b301') in 0.003310723 seconds
Number of updated asset objects reloaded before import = 0Number of asset objects unloaded after import = 34

========================================================================
Received Import Request.
  Time since last request: 0.000009 seconds.
  path: Assets/JC_LP_MegaCity/Models/BuildingsDecor/SM_BuildingsDecor_02.fbx
  artifactKey: Guid(4146c5a323c5e044fad8984aaa6ca0c9) Importer(2089858483,b0f066a214c2f5e87bad3c948f4d605d)
Start importing Assets/JC_LP_MegaCity/Models/BuildingsDecor/SM_BuildingsDecor_02.fbx using Guid(4146c5a323c5e044fad8984aaa6ca0c9) Importer(2089858483,b0f066a214c2f5e87bad3c948f4d605d) (ScriptedImporter) -> (artifact id: '2f01359e2431bd39413bf26ee8cb911b') in 0.007205724 seconds
Number of updated asset objects reloaded before import = 0Number of asset objects unloaded after import = 7

========================================================================
Received Import Request.
  Time since last request: 0.000013 seconds.
  path: Assets/JC_LP_MegaCity/Models/BuildingsDecor/SM_BuildingsDecor_01.fbx
  artifactKey: Guid(6b08574e3b16a2045ab71b74d00b615d) Importer(2089858483,b0f066a214c2f5e87bad3c948f4d605d)
Start importing Assets/JC_LP_MegaCity/Models/BuildingsDecor/SM_BuildingsDecor_01.fbx using Guid(6b08574e3b16a2045ab71b74d00b615d) Importer(2089858483,b0f066a214c2f5e87bad3c948f4d605d) (ScriptedImporter) -> (artifact id: '09d484ec210d2b1a13a3ea7df2e159fc') in 0.005793531 seconds
Number of updated asset objects reloaded before import = 0Number of asset objects unloaded after import = 7

========================================================================
Received Import Request.
  Time since last request: 0.000015 seconds.
  path: Assets/JC_LP_MegaCity/Models/Food/SM_Food_Bottle_02.fbx
  artifactKey: Guid(6338f4690eecaa843af6459d7a3ed548) Importer(2089858483,b0f066a214c2f5e87bad3c948f4d605d)
Start importing Assets/JC_LP_MegaCity/Models/Food/SM_Food_Bottle_02.fbx using Guid(6338f4690eecaa843af6459d7a3ed548) Importer(2089858483,b0f066a214c2f5e87bad3c948f4d605d) (ScriptedImporter) -> (artifact id: 'b482e99b59700d761916b7004ad38404') in 0.005792571 seconds
Number of updated asset objects reloaded before import = 0Number of asset objects unloaded after import = 7

========================================================================
Received Import Request.
  Time since last request: 0.000015 seconds.
  path: Assets/JC_LP_MegaCity/Prefabs/Floor/SM_Floor_RoadPart_07.prefab
  artifactKey: Guid(b6132cfe0fb147542a242a879ac7808c) Importer(2089858483,b0f066a214c2f5e87bad3c948f4d605d)
Start importing Assets/JC_LP_MegaCity/Prefabs/Floor/SM_Floor_RoadPart_07.prefab using Guid(b6132cfe0fb147542a242a879ac7808c) Importer(2089858483,b0f066a214c2f5e87bad3c948f4d605d) (ScriptedImporter) -> (artifact id: 'aaa6555123c37115c347dc0dfeed7574') in 0.005055484 seconds
Number of updated asset objects reloaded before import = 0Number of asset objects unloaded after import = 9

========================================================================
Received Import Request.
  Time since last request: 0.000009 seconds.
  path: Assets/JC_LP_MegaCity/Models/Buildings/SM_Buildings_Gas_Station_03.fbx
  artifactKey: Guid(26dcc01f41b607d40a999ffd5b706fa8) Importer(2089858483,b0f066a214c2f5e87bad3c948f4d605d)
Start importing Assets/JC_LP_MegaCity/Models/Buildings/SM_Buildings_Gas_Station_03.fbx using Guid(26dcc01f41b607d40a999ffd5b706fa8) Importer(2089858483,b0f066a214c2f5e87bad3c948f4d605d) (ScriptedImporter) -> (artifact id: 'b5bff5986cea61e024f59b77ccaad1a6') in 0.006481008 seconds
Number of updated asset objects reloaded before import = 0Number of asset objects unloaded after import = 7

========================================================================
Received Import Request.
  Time since last request: 0.000010 seconds.
  path: Assets/JC_LP_MegaCity/Models/Food/SM_Food_Bottle_03.fbx
  artifactKey: Guid(97686afee6f79a14ca9ffc8ceddf4895) Importer(2089858483,b0f066a214c2f5e87bad3c948f4d605d)
Start importing Assets/JC_LP_MegaCity/Models/Food/SM_Food_Bottle_03.fbx using Guid(97686afee6f79a14ca9ffc8ceddf4895) Importer(2089858483,b0f066a214c2f5e87bad3c948f4d605d) (ScriptedImporter) -> (artifact id: '4620d05768ca405976249e13463130cf') in 0.00597644 seconds
Number of updated asset objects reloaded before import = 0Number of asset objects unloaded after import = 7

========================================================================
Received Import Request.
  Time since last request: 0.000011 seconds.
  path: Assets/JC_LP_MegaCity/Prefabs/Food/SM_Food_CannedFood_01.prefab
  artifactKey: Guid(c8a7ddeffd328c748bfcf471635b8b13) Importer(2089858483,b0f066a214c2f5e87bad3c948f4d605d)
Start importing Assets/JC_LP_MegaCity/Prefabs/Food/SM_Food_CannedFood_01.prefab using Guid(c8a7ddeffd328c748bfcf471635b8b13) Importer(2089858483,b0f066a214c2f5e87bad3c948f4d605d) (ScriptedImporter) -> (artifact id: '246c557373bb879128855e544b4432c9') in 0.004312489 seconds
Number of updated asset objects reloaded before import = 0Number of asset objects unloaded after import = 9

========================================================================
Received Import Request.
  Time since last request: 0.000010 seconds.
  path: Assets/JC_LP_MegaCity/Models/Props/SM_Props_Ads_08.fbx
  artifactKey: Guid(b58721e0d322ee5458becd3e60e83816) Importer(2089858483,b0f066a214c2f5e87bad3c948f4d605d)
Start importing Assets/JC_LP_MegaCity/Models/Props/SM_Props_Ads_08.fbx using Guid(b58721e0d322ee5458becd3e60e83816) Importer(2089858483,b0f066a214c2f5e87bad3c948f4d605d) (ScriptedImporter) -> (artifact id: 'da06ec8df591c4a720a13e0c229748b8') in 0.007374863 seconds
Number of updated asset objects reloaded before import = 0Number of asset objects unloaded after import = 7

========================================================================
Received Import Request.
  Time since last request: 0.000009 seconds.
  path: Assets/JC_LP_MegaCity/Prefabs/Floor/SM_Floor_Road_09_UP.prefab
  artifactKey: Guid(bb1215535ebd2eb4380dc1cb719143fe) Importer(2089858483,b0f066a214c2f5e87bad3c948f4d605d)
Start importing Assets/JC_LP_MegaCity/Prefabs/Floor/SM_Floor_Road_09_UP.prefab using Guid(bb1215535ebd2eb4380dc1cb719143fe) Importer(2089858483,b0f066a214c2f5e87bad3c948f4d605d) (ScriptedImporter) -> (artifact id: 'b7b1ed15331dadfe264b6e972c970be3') in 0.004110279 seconds
Number of updated asset objects reloaded before import = 0Number of asset objects unloaded after import = 9

========================================================================
Received Import Request.
  Time since last request: 0.000010 seconds.
  path: Assets/JC_LP_MegaCity/Models/Floor/SM_Floor_Road_03.fbx
  artifactKey: Guid(4410760227b586b47bdd386c29477712) Importer(2089858483,b0f066a214c2f5e87bad3c948f4d605d)
Start importing Assets/JC_LP_MegaCity/Models/Floor/SM_Floor_Road_03.fbx using Guid(4410760227b586b47bdd386c29477712) Importer(2089858483,b0f066a214c2f5e87bad3c948f4d605d) (ScriptedImporter) -> (artifact id: 'e9e023ff68050443f522e7b5fa6612bb') in 0.007018854 seconds
Number of updated asset objects reloaded before import = 0Number of asset objects unloaded after import = 7

========================================================================
Received Import Request.
  Time since last request: 0.000009 seconds.
  path: Assets/JC_LP_MegaCity/Prefabs/Vehicles/SM_Vehicles_06_V1.prefab
  artifactKey: Guid(973c50fb410c05a4fb62c15873dfff2d) Importer(2089858483,b0f066a214c2f5e87bad3c948f4d605d)
Start importing Assets/JC_LP_MegaCity/Prefabs/Vehicles/SM_Vehicles_06_V1.prefab using Guid(973c50fb410c05a4fb62c15873dfff2d) Importer(2089858483,b0f066a214c2f5e87bad3c948f4d605d) (ScriptedImporter) -> (artifact id: '3a7c5f0619a9dfde7dd06e377328b601') in 0.003714261 seconds
Number of updated asset objects reloaded before import = 0Number of asset objects unloaded after import = 34

========================================================================
Received Import Request.
  Time since last request: 0.000009 seconds.
  path: Assets/JC_LP_MegaCity/Models/IndustrialProps/SM_IndustrialProps_ShippingContainer_03.fbx
  artifactKey: Guid(abd31312b2300824c81a4fddbe6f22f3) Importer(2089858483,b0f066a214c2f5e87bad3c948f4d605d)
Start importing Assets/JC_LP_MegaCity/Models/IndustrialProps/SM_IndustrialProps_ShippingContainer_03.fbx using Guid(abd31312b2300824c81a4fddbe6f22f3) Importer(2089858483,b0f066a214c2f5e87bad3c948f4d605d) (ScriptedImporter) -> (artifact id: 'd1d906f9ac367fbf788d6f777e05a905') in 0.004507478 seconds
Number of updated asset objects reloaded before import = 0Number of asset objects unloaded after import = 7

========================================================================
Received Import Request.
  Time since last request: 0.000011 seconds.
  path: Assets/JC_LP_MegaCity/Models/Props/SM_Props_Plant_08.fbx
  artifactKey: Guid(c432e6d0b4682ad40b3241209b5ce791) Importer(2089858483,b0f066a214c2f5e87bad3c948f4d605d)
Start importing Assets/JC_LP_MegaCity/Models/Props/SM_Props_Plant_08.fbx using Guid(c432e6d0b4682ad40b3241209b5ce791) Importer(2089858483,b0f066a214c2f5e87bad3c948f4d605d) (ScriptedImporter) -> (artifact id: '393a1629c4722eff371c6abafa255244') in 0.004928125 seconds
Number of updated asset objects reloaded before import = 0Number of asset objects unloaded after import = 7

========================================================================
Received Import Request.
  Time since last request: 0.000016 seconds.
  path: Assets/JC_LP_MegaCity/Prefabs/Props/SM_Props_Safe_01.prefab
  artifactKey: Guid(621a690df706aa64d8a62ccf73f75507) Importer(2089858483,b0f066a214c2f5e87bad3c948f4d605d)
Start importing Assets/JC_LP_MegaCity/Prefabs/Props/SM_Props_Safe_01.prefab using Guid(621a690df706aa64d8a62ccf73f75507) Importer(2089858483,b0f066a214c2f5e87bad3c948f4d605d) (ScriptedImporter) -> (artifact id: '5764dfbb0574225c4f3eeb922e2a5fd2') in 0.004583587 seconds
Number of updated asset objects reloaded before import = 0Number of asset objects unloaded after import = 15

========================================================================
Received Import Request.
  Time since last request: 0.000008 seconds.
  path: Assets/JC_LP_MegaCity/Models/Buildings/SM_Buildings_House_06_V4.fbx
  artifactKey: Guid(5354570bacfaeef4aab0a762d2fd92dc) Importer(2089858483,b0f066a214c2f5e87bad3c948f4d605d)
Start importing Assets/JC_LP_MegaCity/Models/Buildings/SM_Buildings_House_06_V4.fbx using Guid(5354570bacfaeef4aab0a762d2fd92dc) Importer(2089858483,b0f066a214c2f5e87bad3c948f4d605d) (ScriptedImporter) -> (artifact id: '66748cedaaa521a475d4300a19a70e18') in 0.006973195 seconds
Number of updated asset objects reloaded before import = 0Number of asset objects unloaded after import = 7

========================================================================
Received Import Request.
  Time since last request: 0.000008 seconds.
  path: Assets/JC_LP_MegaCity/Prefabs/Props/SM_Props_PC_01.prefab
  artifactKey: Guid(ca7a230fd3f3dda449134aa39ee41b39) Importer(2089858483,b0f066a214c2f5e87bad3c948f4d605d)
Start importing Assets/JC_LP_MegaCity/Prefabs/Props/SM_Props_PC_01.prefab using Guid(ca7a230fd3f3dda449134aa39ee41b39) Importer(2089858483,b0f066a214c2f5e87bad3c948f4d605d) (ScriptedImporter) -> (artifact id: 'b80042eb769b17295b40bce54f2c4970') in 0.004975155 seconds
Number of updated asset objects reloaded before import = 0Number of asset objects unloaded after import = 11

========================================================================
Received Import Request.
  Time since last request: 0.922253 seconds.
  path: Assets/JC_LP_MegaCity/Prefabs/Buildings/SM_Buildings_Tire_Shop.prefab
  artifactKey: Guid(ec791ebaf07fbf145994aac1b543aa0d) Importer(2089858483,b0f066a214c2f5e87bad3c948f4d605d)
Start importing Assets/JC_LP_MegaCity/Prefabs/Buildings/SM_Buildings_Tire_Shop.prefab using Guid(ec791ebaf07fbf145994aac1b543aa0d) Importer(2089858483,b0f066a214c2f5e87bad3c948f4d605d) (ScriptedImporter) -> (artifact id: '5b879bf2d9db5511dd68e0eda4fca1f8') in 0.005120744 seconds
Number of updated asset objects reloaded before import = 0Number of asset objects unloaded after import = 10

========================================================================
Received Import Request.
  Time since last request: 0.000014 seconds.
  path: Assets/JC_LP_MegaCity/Models/Buildings/SM_Buildings_Commercial_11_Door_R.fbx
  artifactKey: Guid(e73ca39dee368d541b1cf105d5cacfca) Importer(2089858483,b0f066a214c2f5e87bad3c948f4d605d)
Start importing Assets/JC_LP_MegaCity/Models/Buildings/SM_Buildings_Commercial_11_Door_R.fbx using Guid(e73ca39dee368d541b1cf105d5cacfca) Importer(2089858483,b0f066a214c2f5e87bad3c948f4d605d) (ScriptedImporter) -> (artifact id: '26ab1da951a4357cc516f5022fc50944') in 0.005259844 seconds
Number of updated asset objects reloaded before import = 0Number of asset objects unloaded after import = 7

========================================================================
Received Import Request.
  Time since last request: 0.000014 seconds.
  path: Assets/JC_LP_MegaCity/Models/Vehicles/SM_Vehicles_FireEngine.fbx
  artifactKey: Guid(bf16c00153611e246921f6e88cf37a3e) Importer(2089858483,b0f066a214c2f5e87bad3c948f4d605d)
Start importing Assets/JC_LP_MegaCity/Models/Vehicles/SM_Vehicles_FireEngine.fbx using Guid(bf16c00153611e246921f6e88cf37a3e) Importer(2089858483,b0f066a214c2f5e87bad3c948f4d605d) (ScriptedImporter) -> (artifact id: '6fe29b21c5e3cba0327949bfd420f4c1') in 0.008435258 seconds
Number of updated asset objects reloaded before import = 0Number of asset objects unloaded after import = 29

========================================================================
Received Import Request.
  Time since last request: 0.000010 seconds.
  path: Assets/JC_LP_MegaCity/Models/Props/SM_Props_Market_02.fbx
  artifactKey: Guid(ff8fd4cc30985d84baf7cf35db007463) Importer(2089858483,b0f066a214c2f5e87bad3c948f4d605d)
Start importing Assets/JC_LP_MegaCity/Models/Props/SM_Props_Market_02.fbx using Guid(ff8fd4cc30985d84baf7cf35db007463) Importer(2089858483,b0f066a214c2f5e87bad3c948f4d605d) (ScriptedImporter) -> (artifact id: '892eb44e36e28260b6e36fb28f9aa56a') in 0.004581848 seconds
Number of updated asset objects reloaded before import = 0Number of asset objects unloaded after import = 7

========================================================================
Received Import Request.
  Time since last request: 0.000009 seconds.
  path: Assets/JC_LP_MegaCity/Prefabs/BuildingsDecor/SM_BuildingsDecor_19.prefab
  artifactKey: Guid(b02139822afeaa74095f5052943da35c) Importer(2089858483,b0f066a214c2f5e87bad3c948f4d605d)
Start importing Assets/JC_LP_MegaCity/Prefabs/BuildingsDecor/SM_BuildingsDecor_19.prefab using Guid(b02139822afeaa74095f5052943da35c) Importer(2089858483,b0f066a214c2f5e87bad3c948f4d605d) (ScriptedImporter) -> (artifact id: 'df58291d8a21c5a23b6f7c357823ee42') in 0.004396718 seconds
Number of updated asset objects reloaded before import = 0Number of asset objects unloaded after import = 10

========================================================================
Received Import Request.
  Time since last request: 0.000009 seconds.
  path: Assets/JC_LP_MegaCity/Models/Food/SM_Food_Hotdog_01.fbx
  artifactKey: Guid(0f1a77d6cd96f894db05ddd3cad40dac) Importer(2089858483,b0f066a214c2f5e87bad3c948f4d605d)
Start importing Assets/JC_LP_MegaCity/Models/Food/SM_Food_Hotdog_01.fbx using Guid(0f1a77d6cd96f894db05ddd3cad40dac) Importer(2089858483,b0f066a214c2f5e87bad3c948f4d605d) (ScriptedImporter) -> (artifact id: '458aacd8b6bc6ef981f164269d7abc37') in 0.004790966 seconds
Number of updated asset objects reloaded before import = 0Number of asset objects unloaded after import = 7

========================================================================
Received Import Request.
  Time since last request: 0.000009 seconds.
  path: Assets/JC_LP_MegaCity/Prefabs/Food/SM_Food_Eggplant_01.prefab
  artifactKey: Guid(3db96521e8c6f7043986f6c3c4b1258c) Importer(2089858483,b0f066a214c2f5e87bad3c948f4d605d)
Start importing Assets/JC_LP_MegaCity/Prefabs/Food/SM_Food_Eggplant_01.prefab using Guid(3db96521e8c6f7043986f6c3c4b1258c) Importer(2089858483,b0f066a214c2f5e87bad3c948f4d605d) (ScriptedImporter) -> (artifact id: '1366ba37a6e19bf91e1c39807bc6e0f0') in 0.003578402 seconds
Number of updated asset objects reloaded before import = 0Number of asset objects unloaded after import = 9

========================================================================
Received Import Request.
  Time since last request: 0.000008 seconds.
  path: Assets/JC_LP_MegaCity/Prefabs/FloorProps/SM_FloorProps_RoadSign_41.prefab
  artifactKey: Guid(b078447ecb513174ca2d866ba8643777) Importer(2089858483,b0f066a214c2f5e87bad3c948f4d605d)
Start importing Assets/JC_LP_MegaCity/Prefabs/FloorProps/SM_FloorProps_RoadSign_41.prefab using Guid(b078447ecb513174ca2d866ba8643777) Importer(2089858483,b0f066a214c2f5e87bad3c948f4d605d) (ScriptedImporter) -> (artifact id: '5f27a078f3080fd2f6fcbf0a4e65c38c') in 0.006209079 seconds
Number of updated asset objects reloaded before import = 0Number of asset objects unloaded after import = 9

========================================================================
Received Import Request.
  Time since last request: 0.000011 seconds.
  path: Assets/JC_LP_MegaCity/Prefabs/IndustrialProps/SM_IndustrialProps_Construction_03.prefab
  artifactKey: Guid(aa4aa2ecb1a10c44881afda25225bd25) Importer(2089858483,b0f066a214c2f5e87bad3c948f4d605d)
Start importing Assets/JC_LP_MegaCity/Prefabs/IndustrialProps/SM_IndustrialProps_Construction_03.prefab using Guid(aa4aa2ecb1a10c44881afda25225bd25) Importer(2089858483,b0f066a214c2f5e87bad3c948f4d605d) (ScriptedImporter) -> (artifact id: '5fd14117ab6a1b662575e3ae7c0d2d45') in 0.003462873 seconds
Number of updated asset objects reloaded before import = 0Number of asset objects unloaded after import = 9

========================================================================
Received Import Request.
  Time since last request: 0.000009 seconds.
  path: Assets/JC_LP_MegaCity/Prefabs/Food/SM_Food_Burger_01.prefab
  artifactKey: Guid(d5ea14e3f92e24743a96f60c8a9fbfb5) Importer(2089858483,b0f066a214c2f5e87bad3c948f4d605d)
Start importing Assets/JC_LP_MegaCity/Prefabs/Food/SM_Food_Burger_01.prefab using Guid(d5ea14e3f92e24743a96f60c8a9fbfb5) Importer(2089858483,b0f066a214c2f5e87bad3c948f4d605d) (ScriptedImporter) -> (artifact id: 'c3df6e7d2852ff9ed49a6ea1022f7604') in 0.005079135 seconds
Number of updated asset objects reloaded before import = 0Number of asset objects unloaded after import = 9

========================================================================
Received Import Request.
  Time since last request: 0.000008 seconds.
  path: Assets/JC_LP_MegaCity/Prefabs/Props/SM_Props_PC_08.prefab
  artifactKey: Guid(003afd2dad534b84fabbd9a641d9a74f) Importer(2089858483,b0f066a214c2f5e87bad3c948f4d605d)
Start importing Assets/JC_LP_MegaCity/Prefabs/Props/SM_Props_PC_08.prefab using Guid(003afd2dad534b84fabbd9a641d9a74f) Importer(2089858483,b0f066a214c2f5e87bad3c948f4d605d) (ScriptedImporter) -> (artifact id: '0b8bed08dfc3eb88aae06f6037c179c4') in 0.003389153 seconds
Number of updated asset objects reloaded before import = 0Number of asset objects unloaded after import = 9

========================================================================
Received Import Request.
  Time since last request: 0.000009 seconds.
  path: Assets/JC_LP_MegaCity/Models/Food/SM_Food_Bottle_10.fbx
  artifactKey: Guid(6e41c34aa5c9b904c95dc706ed746334) Importer(2089858483,b0f066a214c2f5e87bad3c948f4d605d)
Start importing Assets/JC_LP_MegaCity/Models/Food/SM_Food_Bottle_10.fbx using Guid(6e41c34aa5c9b904c95dc706ed746334) Importer(2089858483,b0f066a214c2f5e87bad3c948f4d605d) (ScriptedImporter) -> (artifact id: '0f3594c772a23c04824282ce204a11f7') in 0.004226179 seconds
Number of updated asset objects reloaded before import = 0Number of asset objects unloaded after import = 7

========================================================================
Received Import Request.
  Time since last request: 0.000011 seconds.
  path: Assets/JC_LP_MegaCity/Models/FloorProps/SM_FloorProps_RoadSign_22.fbx
  artifactKey: Guid(6a7e6c538787d744caa4c4db9a48c6f5) Importer(2089858483,b0f066a214c2f5e87bad3c948f4d605d)
Start importing Assets/JC_LP_MegaCity/Models/FloorProps/SM_FloorProps_RoadSign_22.fbx using Guid(6a7e6c538787d744caa4c4db9a48c6f5) Importer(2089858483,b0f066a214c2f5e87bad3c948f4d605d) (ScriptedImporter) -> (artifact id: '2d1a0dedf298186c808bb297f275a06a') in 0.00794319 seconds
Number of updated asset objects reloaded before import = 0Number of asset objects unloaded after import = 7

========================================================================
Received Import Request.
  Time since last request: 0.000018 seconds.
  path: Assets/JC_LP_MegaCity/Prefabs/FloorProps/SM_FloorProps_05.prefab
  artifactKey: Guid(93ee62095e192d24298e948a871a93be) Importer(2089858483,b0f066a214c2f5e87bad3c948f4d605d)
Start importing Assets/JC_LP_MegaCity/Prefabs/FloorProps/SM_FloorProps_05.prefab using Guid(93ee62095e192d24298e948a871a93be) Importer(2089858483,b0f066a214c2f5e87bad3c948f4d605d) (ScriptedImporter) -> (artifact id: '010a92e3337b4684b4cd4a3e8fe2423d') in 0.004936515 seconds
Number of updated asset objects reloaded before import = 0Number of asset objects unloaded after import = 9

========================================================================
Received Import Request.
  Time since last request: 0.000010 seconds.
  path: Assets/JC_LP_MegaCity/Prefabs/Buildings/SM_Buildings_House_15_V1.prefab
  artifactKey: Guid(73db177cb67809e42ba98567aace4e59) Importer(2089858483,b0f066a214c2f5e87bad3c948f4d605d)
Start importing Assets/JC_LP_MegaCity/Prefabs/Buildings/SM_Buildings_House_15_V1.prefab using Guid(73db177cb67809e42ba98567aace4e59) Importer(2089858483,b0f066a214c2f5e87bad3c948f4d605d) (ScriptedImporter) -> (artifact id: 'f037aa3501f76cf4b723edbb97ee3714') in 0.007321704 seconds
Number of updated asset objects reloaded before import = 0Number of asset objects unloaded after import = 22

========================================================================
Received Import Request.
  Time since last request: 0.000008 seconds.
  path: Assets/JC_LP_MegaCity/Models/Props/SM_Props_Electric_02.fbx
  artifactKey: Guid(d2a3ca11fbac64c4c85c2af1795a262b) Importer(2089858483,b0f066a214c2f5e87bad3c948f4d605d)
Start importing Assets/JC_LP_MegaCity/Models/Props/SM_Props_Electric_02.fbx using Guid(d2a3ca11fbac64c4c85c2af1795a262b) Importer(2089858483,b0f066a214c2f5e87bad3c948f4d605d) (ScriptedImporter) -> (artifact id: 'dc482d0238a353cd1312f3bda49266b1') in 0.004457687 seconds
Number of updated asset objects reloaded before import = 0Number of asset objects unloaded after import = 7

========================================================================
Received Import Request.
  Time since last request: 0.000008 seconds.
  path: Assets/JC_LP_MegaCity/Models/Nature/SM_Nature_Tree_09.fbx
  artifactKey: Guid(eeb6fd3a0b255bc47886c14de9fc4f1e) Importer(2089858483,b0f066a214c2f5e87bad3c948f4d605d)
Start importing Assets/JC_LP_MegaCity/Models/Nature/SM_Nature_Tree_09.fbx using Guid(eeb6fd3a0b255bc47886c14de9fc4f1e) Importer(2089858483,b0f066a214c2f5e87bad3c948f4d605d) (ScriptedImporter) -> (artifact id: 'ae8081a3ab2fa0de0ba8b12b593a99ea') in 0.006556917 seconds
Number of updated asset objects reloaded before import = 0Number of asset objects unloaded after import = 15

========================================================================
Received Import Request.
  Time since last request: 0.000008 seconds.
  path: Assets/JC_LP_MegaCity/Prefabs/FloorProps/SM_FloorProps_RoadSign_03.prefab
  artifactKey: Guid(2cd45e4f8778f1348b29db9bb812d2a9) Importer(2089858483,b0f066a214c2f5e87bad3c948f4d605d)
Start importing Assets/JC_LP_MegaCity/Prefabs/FloorProps/SM_FloorProps_RoadSign_03.prefab using Guid(2cd45e4f8778f1348b29db9bb812d2a9) Importer(2089858483,b0f066a214c2f5e87bad3c948f4d605d) (ScriptedImporter) -> (artifact id: '85976d245ab87a9ce829a1d3f384f448') in 0.00409526 seconds
Number of updated asset objects reloaded before import = 0Number of asset objects unloaded after import = 9

========================================================================
Received Import Request.
  Time since last request: 0.000008 seconds.
  path: Assets/JC_LP_MegaCity/Models/Floor/SM_Floor_Road_18_UP.fbx
  artifactKey: Guid(415cfb9e861b4af408c06b075b33fdc8) Importer(2089858483,b0f066a214c2f5e87bad3c948f4d605d)
Start importing Assets/JC_LP_MegaCity/Models/Floor/SM_Floor_Road_18_UP.fbx using Guid(415cfb9e861b4af408c06b075b33fdc8) Importer(2089858483,b0f066a214c2f5e87bad3c948f4d605d) (ScriptedImporter) -> (artifact id: '411a374273a8e73fcf2de343adb47a5c') in 0.005119045 seconds
Number of updated asset objects reloaded before import = 0Number of asset objects unloaded after import = 7

========================================================================
Received Import Request.
  Time since last request: 0.000007 seconds.
  path: Assets/JC_LP_MegaCity/Prefabs/FloorProps/SM_FloorProps_RoadSign_42.prefab
  artifactKey: Guid(ce168b5d8d39c1844b207f1337b162ea) Importer(2089858483,b0f066a214c2f5e87bad3c948f4d605d)
Start importing Assets/JC_LP_MegaCity/Prefabs/FloorProps/SM_FloorProps_RoadSign_42.prefab using Guid(ce168b5d8d39c1844b207f1337b162ea) Importer(2089858483,b0f066a214c2f5e87bad3c948f4d605d) (ScriptedImporter) -> (artifact id: '052ba91292d5aa008864f54a8e95d68d') in 0.003313993 seconds
Number of updated asset objects reloaded before import = 0Number of asset objects unloaded after import = 9

========================================================================
Received Import Request.
  Time since last request: 0.000008 seconds.
  path: Assets/JC_LP_MegaCity/Models/BuildingsDecor/SM_BuildingsDecor_34.fbx
  artifactKey: Guid(5e2d5243d06595147bacb448caafa5be) Importer(2089858483,b0f066a214c2f5e87bad3c948f4d605d)
Start importing Assets/JC_LP_MegaCity/Models/BuildingsDecor/SM_BuildingsDecor_34.fbx using Guid(5e2d5243d06595147bacb448caafa5be) Importer(2089858483,b0f066a214c2f5e87bad3c948f4d605d) (ScriptedImporter) -> (artifact id: '56a26f92d620d71a7b5a347383420a9e') in 0.004513428 seconds
Number of updated asset objects reloaded before import = 0Number of asset objects unloaded after import = 7

========================================================================
Received Import Request.
  Time since last request: 0.000008 seconds.
  path: Assets/JC_LP_MegaCity/Models/Props/SM_Props_Darts_01.fbx
  artifactKey: Guid(628895c0966953c4fa178c6df971194b) Importer(2089858483,b0f066a214c2f5e87bad3c948f4d605d)
Start importing Assets/JC_LP_MegaCity/Models/Props/SM_Props_Darts_01.fbx using Guid(628895c0966953c4fa178c6df971194b) Importer(2089858483,b0f066a214c2f5e87bad3c948f4d605d) (ScriptedImporter) -> (artifact id: 'ba203e1a9d0661ae36ba7d97d8e4a69c') in 0.005908041 seconds
Number of updated asset objects reloaded before import = 0Number of asset objects unloaded after import = 7

========================================================================
Received Import Request.
  Time since last request: 0.000007 seconds.
  path: Assets/JC_LP_MegaCity/Prefabs/Props/SM_Props_Box_05.prefab
  artifactKey: Guid(15686e9a9c5d9354a96901a4775bcf35) Importer(2089858483,b0f066a214c2f5e87bad3c948f4d605d)
Start importing Assets/JC_LP_MegaCity/Prefabs/Props/SM_Props_Box_05.prefab using Guid(15686e9a9c5d9354a96901a4775bcf35) Importer(2089858483,b0f066a214c2f5e87bad3c948f4d605d) (ScriptedImporter) -> (artifact id: '8db3637b1899d09aa6c98e3aa94302ac') in 0.00602138 seconds
Number of updated asset objects reloaded before import = 0Number of asset objects unloaded after import = 9

========================================================================
Received Import Request.
  Time since last request: 0.000014 seconds.
  path: Assets/JC_LP_MegaCity/Models/Food/SM_Food_Pan_01.fbx
  artifactKey: Guid(3676d7382c0ac804cbf5d87f5279a40d) Importer(2089858483,b0f066a214c2f5e87bad3c948f4d605d)
Start importing Assets/JC_LP_MegaCity/Models/Food/SM_Food_Pan_01.fbx using Guid(3676d7382c0ac804cbf5d87f5279a40d) Importer(2089858483,b0f066a214c2f5e87bad3c948f4d605d) (ScriptedImporter) -> (artifact id: '15b3503c95bc4c94fb58e8a38ec01f15') in 0.00607292 seconds
Number of updated asset objects reloaded before import = 0Number of asset objects unloaded after import = 7

========================================================================
Received Import Request.
  Time since last request: 1.468958 seconds.
  path: Assets/JC_LP_MegaCity/Prefabs/Props/SM_Props_GameConsole_04.prefab
  artifactKey: Guid(1d311c10d04f34a448fc4442ccd2cf84) Importer(2089858483,b0f066a214c2f5e87bad3c948f4d605d)
Start importing Assets/JC_LP_MegaCity/Prefabs/Props/SM_Props_GameConsole_04.prefab using Guid(1d311c10d04f34a448fc4442ccd2cf84) Importer(2089858483,b0f066a214c2f5e87bad3c948f4d605d) (ScriptedImporter) -> (artifact id: '729fb33444e3eedf0556b1dc422e0576') in 0.007648991 seconds
Number of updated asset objects reloaded before import = 0Number of asset objects unloaded after import = 9

========================================================================
Received Import Request.
  Time since last request: 0.000011 seconds.
  path: Assets/JC_LP_MegaCity/Models/Buildings/SM_Buildings_University_01_Door_01_R.fbx
  artifactKey: Guid(29f45882034c9914eb35e9dbb184269d) Importer(2089858483,b0f066a214c2f5e87bad3c948f4d605d)
Start importing Assets/JC_LP_MegaCity/Models/Buildings/SM_Buildings_University_01_Door_01_R.fbx using Guid(29f45882034c9914eb35e9dbb184269d) Importer(2089858483,b0f066a214c2f5e87bad3c948f4d605d) (ScriptedImporter) -> (artifact id: '89f2ddf01593f4c93bffc53dfa60edf0') in 0.006601897 seconds
Number of updated asset objects reloaded before import = 0Number of asset objects unloaded after import = 7

========================================================================
Received Import Request.
  Time since last request: 0.000009 seconds.
  path: Assets/JC_LP_MegaCity/Models/Vehicles/SM_Vehicles_Train_03.fbx
  artifactKey: Guid(28f0fa38258c41f4abbeb7d5fe67423d) Importer(2089858483,b0f066a214c2f5e87bad3c948f4d605d)
Start importing Assets/JC_LP_MegaCity/Models/Vehicles/SM_Vehicles_Train_03.fbx using Guid(28f0fa38258c41f4abbeb7d5fe67423d) Importer(2089858483,b0f066a214c2f5e87bad3c948f4d605d) (ScriptedImporter) -> (artifact id: 'b8aef6900413ebed73cfb0a504c2cfb5') in 0.009533992 seconds
Number of updated asset objects reloaded before import = 0Number of asset objects unloaded after import = 7

========================================================================
Received Import Request.
  Time since last request: 0.000008 seconds.
  path: Assets/JC_LP_MegaCity/Models/Nature/SM_Nature_BigRock_01.fbx
  artifactKey: Guid(f38b665896be50b47996f24d83a29637) Importer(2089858483,b0f066a214c2f5e87bad3c948f4d605d)
Start importing Assets/JC_LP_MegaCity/Models/Nature/SM_Nature_BigRock_01.fbx using Guid(f38b665896be50b47996f24d83a29637) Importer(2089858483,b0f066a214c2f5e87bad3c948f4d605d) (ScriptedImporter) -> (artifact id: 'dcc9ca36dfe9ecef257d8c73fbcc92b6') in 0.005310514 seconds
Number of updated asset objects reloaded before import = 0Number of asset objects unloaded after import = 7

========================================================================
Received Import Request.
  Time since last request: 0.000008 seconds.
  path: Assets/JC_LP_MegaCity/Models/Buildings/SM_Buildings_Skyscraper_04.fbx
  artifactKey: Guid(34690afb73bac6343b0a6f20a7fd6c9f) Importer(2089858483,b0f066a214c2f5e87bad3c948f4d605d)
Start importing Assets/JC_LP_MegaCity/Models/Buildings/SM_Buildings_Skyscraper_04.fbx using Guid(34690afb73bac6343b0a6f20a7fd6c9f) Importer(2089858483,b0f066a214c2f5e87bad3c948f4d605d) (ScriptedImporter) -> (artifact id: '9cad69170ec7e3bfecaecdc9ac56af33') in 0.011142295 seconds
Number of updated asset objects reloaded before import = 0Number of asset objects unloaded after import = 7

========================================================================
Received Import Request.
  Time since last request: 0.000008 seconds.
  path: Assets/JC_LP_MegaCity/Prefabs/Food/SM_Food_Egg_01.prefab
  artifactKey: Guid(5e38b43972bd7474a8ae10ff52621291) Importer(2089858483,b0f066a214c2f5e87bad3c948f4d605d)
Start importing Assets/JC_LP_MegaCity/Prefabs/Food/SM_Food_Egg_01.prefab using Guid(5e38b43972bd7474a8ae10ff52621291) Importer(2089858483,b0f066a214c2f5e87bad3c948f4d605d) (ScriptedImporter) -> (artifact id: '45b900e066e9dcc8f1dee756b42bfa96') in 0.00399661 seconds
Number of updated asset objects reloaded before import = 0Number of asset objects unloaded after import = 9

========================================================================
Received Import Request.
  Time since last request: 0.000010 seconds.
  path: Assets/JC_LP_MegaCity/Models/BuildingsDecor/SM_BuildingsDecor_53.fbx
  artifactKey: Guid(49d678227eb14a84fbae7cdd5fbe1b2c) Importer(2089858483,b0f066a214c2f5e87bad3c948f4d605d)
Start importing Assets/JC_LP_MegaCity/Models/BuildingsDecor/SM_BuildingsDecor_53.fbx using Guid(49d678227eb14a84fbae7cdd5fbe1b2c) Importer(2089858483,b0f066a214c2f5e87bad3c948f4d605d) (ScriptedImporter) -> (artifact id: 'a965b348d41e17beebc167246e3c1120') in 0.006175799 seconds
Number of updated asset objects reloaded before import = 0Number of asset objects unloaded after import = 7

========================================================================
Received Import Request.
  Time since last request: 0.000014 seconds.
  path: Assets/JC_LP_MegaCity/Prefabs/Props/SM_Props_Reception_05.prefab
  artifactKey: Guid(f3f887e9eb1a2a94a972783fe8df6181) Importer(2089858483,b0f066a214c2f5e87bad3c948f4d605d)
Start importing Assets/JC_LP_MegaCity/Prefabs/Props/SM_Props_Reception_05.prefab using Guid(f3f887e9eb1a2a94a972783fe8df6181) Importer(2089858483,b0f066a214c2f5e87bad3c948f4d605d) (ScriptedImporter) -> (artifact id: '7770873a9a96d2d331fd0b854cff145a') in 0.003892081 seconds
Number of updated asset objects reloaded before import = 0Number of asset objects unloaded after import = 9

========================================================================
Received Import Request.
  Time since last request: 0.000007 seconds.
  path: Assets/JC_LP_MegaCity/Models/BuildingsDecor/SM_BuildingsDecor_11.fbx
  artifactKey: Guid(37d5cc763d7a07f4d8926f20750d855f) Importer(2089858483,b0f066a214c2f5e87bad3c948f4d605d)
Start importing Assets/JC_LP_MegaCity/Models/BuildingsDecor/SM_BuildingsDecor_11.fbx using Guid(37d5cc763d7a07f4d8926f20750d855f) Importer(2089858483,b0f066a214c2f5e87bad3c948f4d605d) (ScriptedImporter) -> (artifact id: '2ff41c937e2a5a76939fc4107b0d9b11') in 0.005009694 seconds
Number of updated asset objects reloaded before import = 0Number of asset objects unloaded after import = 7

========================================================================
Received Import Request.
  Time since last request: 0.000010 seconds.
  path: Assets/JC_LP_MegaCity/Models/Props/SM_Props_Supermarket_03.fbx
  artifactKey: Guid(c16cb7e909c992245aaaaf70e0cc2fa4) Importer(2089858483,b0f066a214c2f5e87bad3c948f4d605d)
Start importing Assets/JC_LP_MegaCity/Models/Props/SM_Props_Supermarket_03.fbx using Guid(c16cb7e909c992245aaaaf70e0cc2fa4) Importer(2089858483,b0f066a214c2f5e87bad3c948f4d605d) (ScriptedImporter) -> (artifact id: '69de6db5b0c79f9e7efe7e9075e6aa28') in 0.006449388 seconds
Number of updated asset objects reloaded before import = 0Number of asset objects unloaded after import = 7

========================================================================
Received Import Request.
  Time since last request: 0.000010 seconds.
  path: Assets/JC_LP_MegaCity/Models/Food/SM_Food_Apple_02.fbx
  artifactKey: Guid(c7bfc58df3e2ac84ba52f141593e021a) Importer(2089858483,b0f066a214c2f5e87bad3c948f4d605d)
Start importing Assets/JC_LP_MegaCity/Models/Food/SM_Food_Apple_02.fbx using Guid(c7bfc58df3e2ac84ba52f141593e021a) Importer(2089858483,b0f066a214c2f5e87bad3c948f4d605d) (ScriptedImporter) -> (artifact id: 'af01c82797685a40e4e3c0916336d28d') in 0.004836046 seconds
Number of updated asset objects reloaded before import = 0Number of asset objects unloaded after import = 7

========================================================================
Received Import Request.
  Time since last request: 0.000010 seconds.
  path: Assets/JC_LP_MegaCity/Prefabs/Food/SM_Food_FoodBox_06.prefab
  artifactKey: Guid(2b8fa351890222041a30ddea19c3840a) Importer(2089858483,b0f066a214c2f5e87bad3c948f4d605d)
Start importing Assets/JC_LP_MegaCity/Prefabs/Food/SM_Food_FoodBox_06.prefab using Guid(2b8fa351890222041a30ddea19c3840a) Importer(2089858483,b0f066a214c2f5e87bad3c948f4d605d) (ScriptedImporter) -> (artifact id: 'df12b39a445675cb68fc72cb18da68e0') in 0.006220378 seconds
Number of updated asset objects reloaded before import = 0Number of asset objects unloaded after import = 9

========================================================================
Received Import Request.
  Time since last request: 0.000015 seconds.
  path: Assets/JC_LP_MegaCity/Models/Props/SM_Props_Ads_05.fbx
  artifactKey: Guid(c1474e4a0cf02de46a7da56a9b9a3bfe) Importer(2089858483,b0f066a214c2f5e87bad3c948f4d605d)
Start importing Assets/JC_LP_MegaCity/Models/Props/SM_Props_Ads_05.fbx using Guid(c1474e4a0cf02de46a7da56a9b9a3bfe) Importer(2089858483,b0f066a214c2f5e87bad3c948f4d605d) (ScriptedImporter) -> (artifact id: 'a70a97e370803ed25e225ec65efb412c') in 0.007024444 seconds
Number of updated asset objects reloaded before import = 0Number of asset objects unloaded after import = 7

========================================================================
Received Import Request.
  Time since last request: 0.000008 seconds.
  path: Assets/JC_LP_MegaCity/Models/Buildings/SM_Buildings_Police_01_Door_L_01.fbx
  artifactKey: Guid(afdef490790c30749a4a0cc2c75f6fe7) Importer(2089858483,b0f066a214c2f5e87bad3c948f4d605d)
Start importing Assets/JC_LP_MegaCity/Models/Buildings/SM_Buildings_Police_01_Door_L_01.fbx using Guid(afdef490790c30749a4a0cc2c75f6fe7) Importer(2089858483,b0f066a214c2f5e87bad3c948f4d605d) (ScriptedImporter) -> (artifact id: '8464494ae5b45680cce5febfdedcba63') in 0.004877416 seconds
Number of updated asset objects reloaded before import = 0Number of asset objects unloaded after import = 7

========================================================================
Received Import Request.
  Time since last request: 0.000007 seconds.
  path: Assets/JC_LP_MegaCity/Prefabs/Props/SM_Props_GameConsole_01.prefab
  artifactKey: Guid(d30aab03e4f80d640b57280dc8baa5de) Importer(2089858483,b0f066a214c2f5e87bad3c948f4d605d)
Start importing Assets/JC_LP_MegaCity/Prefabs/Props/SM_Props_GameConsole_01.prefab using Guid(d30aab03e4f80d640b57280dc8baa5de) Importer(2089858483,b0f066a214c2f5e87bad3c948f4d605d) (ScriptedImporter) -> (artifact id: 'cca1b376520bc46fd3b8f069a5086bd1') in 0.004310239 seconds
Number of updated asset objects reloaded before import = 0Number of asset objects unloaded after import = 10

========================================================================
Received Import Request.
  Time since last request: 0.000008 seconds.
  path: Assets/JC_LP_MegaCity/Models/Buildings/SM_Buildings_Warehouse_02.fbx
  artifactKey: Guid(5f7b9a863ea7ae34686830d00a9fccb4) Importer(2089858483,b0f066a214c2f5e87bad3c948f4d605d)
Start importing Assets/JC_LP_MegaCity/Models/Buildings/SM_Buildings_Warehouse_02.fbx using Guid(5f7b9a863ea7ae34686830d00a9fccb4) Importer(2089858483,b0f066a214c2f5e87bad3c948f4d605d) (ScriptedImporter) -> (artifact id: '9076560b70cb7263e2afb7eda6cf2a3f') in 0.005762321 seconds
Number of updated asset objects reloaded before import = 0Number of asset objects unloaded after import = 7

========================================================================
Received Import Request.
  Time since last request: 0.000011 seconds.
  path: Assets/JC_LP_MegaCity/Models/Floor/SM_Floor_Sand_01.fbx
  artifactKey: Guid(5542385a5f7361a46ad10d00489aec8d) Importer(2089858483,b0f066a214c2f5e87bad3c948f4d605d)
Start importing Assets/JC_LP_MegaCity/Models/Floor/SM_Floor_Sand_01.fbx using Guid(5542385a5f7361a46ad10d00489aec8d) Importer(2089858483,b0f066a214c2f5e87bad3c948f4d605d) (ScriptedImporter) -> (artifact id: '1725b20592a516e39cdc725e17137e45') in 0.006350178 seconds
Number of updated asset objects reloaded before import = 0Number of asset objects unloaded after import = 7

========================================================================
Received Import Request.
  Time since last request: 0.000017 seconds.
  path: Assets/JC_LP_MegaCity/Prefabs/Vehicles/SM_Vehicles_Taxi_01.prefab
  artifactKey: Guid(04c5f6e9be748f442a292ec9b72ca8e0) Importer(2089858483,b0f066a214c2f5e87bad3c948f4d605d)
Start importing Assets/JC_LP_MegaCity/Prefabs/Vehicles/SM_Vehicles_Taxi_01.prefab using Guid(04c5f6e9be748f442a292ec9b72ca8e0) Importer(2089858483,b0f066a214c2f5e87bad3c948f4d605d) (ScriptedImporter) -> (artifact id: '2f004ce8e86871dc7b5e96e9a413e432') in 0.003653072 seconds
Number of updated asset objects reloaded before import = 0Number of asset objects unloaded after import = 34

========================================================================
Received Import Request.
  Time since last request: 0.000006 seconds.
  path: Assets/JC_LP_MegaCity/Models/Vehicles/SM_Vehicles_Taxi_02.fbx
  artifactKey: Guid(516e8e72a40e461458138492b5379365) Importer(2089858483,b0f066a214c2f5e87bad3c948f4d605d)
Start importing Assets/JC_LP_MegaCity/Models/Vehicles/SM_Vehicles_Taxi_02.fbx using Guid(516e8e72a40e461458138492b5379365) Importer(2089858483,b0f066a214c2f5e87bad3c948f4d605d) (ScriptedImporter) -> (artifact id: '4ad0ca36db1d5fb3bce3026ca09cd562') in 0.006679586 seconds
Number of updated asset objects reloaded before import = 0Number of asset objects unloaded after import = 29

========================================================================
Received Import Request.
  Time since last request: 0.000012 seconds.
  path: Assets/JC_LP_MegaCity/Models/BuildingsDecor/SM_BuildingsDecor_05.fbx
  artifactKey: Guid(361b7665afa7a8f43801d527928a6f85) Importer(2089858483,b0f066a214c2f5e87bad3c948f4d605d)
Start importing Assets/JC_LP_MegaCity/Models/BuildingsDecor/SM_BuildingsDecor_05.fbx using Guid(361b7665afa7a8f43801d527928a6f85) Importer(2089858483,b0f066a214c2f5e87bad3c948f4d605d) (ScriptedImporter) -> (artifact id: '3ad25239459e7258e5f59d0f7f123696') in 0.004787406 seconds
Number of updated asset objects reloaded before import = 0Number of asset objects unloaded after import = 7

========================================================================
Received Import Request.
  Time since last request: 0.000007 seconds.
  path: Assets/JC_LP_MegaCity/Prefabs/Vehicles/SM_Vehicles_ Bike_02_V1.prefab
  artifactKey: Guid(696223bedc33d134ca31ee0768d9898b) Importer(2089858483,b0f066a214c2f5e87bad3c948f4d605d)
Start importing Assets/JC_LP_MegaCity/Prefabs/Vehicles/SM_Vehicles_ Bike_02_V1.prefab using Guid(696223bedc33d134ca31ee0768d9898b) Importer(2089858483,b0f066a214c2f5e87bad3c948f4d605d) (ScriptedImporter) -> (artifact id: '007e484665eb2a22eb0557f08fb9c59d') in 0.002896525 seconds
Number of updated asset objects reloaded before import = 0Number of asset objects unloaded after import = 34

========================================================================
Received Import Request.
  Time since last request: 0.000008 seconds.
  path: Assets/JC_LP_MegaCity/Models/Vehicles/SM_Vehicles_Police_02.fbx
  artifactKey: Guid(7575b879bb33305439bbae4e4c7b117f) Importer(2089858483,b0f066a214c2f5e87bad3c948f4d605d)
Start importing Assets/JC_LP_MegaCity/Models/Vehicles/SM_Vehicles_Police_02.fbx using Guid(7575b879bb33305439bbae4e4c7b117f) Importer(2089858483,b0f066a214c2f5e87bad3c948f4d605d) (ScriptedImporter) -> (artifact id: 'e87621e2032604f150be4758ac4564c8') in 0.008485168 seconds
Number of updated asset objects reloaded before import = 0Number of asset objects unloaded after import = 29

========================================================================
Received Import Request.
  Time since last request: 0.000009 seconds.
  path: Assets/JC_LP_MegaCity/Models/Buildings/SM_Buildings_House_04_V3.fbx
  artifactKey: Guid(92063141caaa02e44a19d131fca71ce7) Importer(2089858483,b0f066a214c2f5e87bad3c948f4d605d)
Start importing Assets/JC_LP_MegaCity/Models/Buildings/SM_Buildings_House_04_V3.fbx using Guid(92063141caaa02e44a19d131fca71ce7) Importer(2089858483,b0f066a214c2f5e87bad3c948f4d605d) (ScriptedImporter) -> (artifact id: '3c09196af0e3379b1fe12e8db28e5b6f') in 0.006135509 seconds
Number of updated asset objects reloaded before import = 0Number of asset objects unloaded after import = 7

========================================================================
Received Import Request.
  Time since last request: 0.000008 seconds.
  path: Assets/JC_LP_MegaCity/Models/Props/SM_Props_Bank_01.fbx
  artifactKey: Guid(a5c7dacfa35eccc47b0d9d6daa35ba17) Importer(2089858483,b0f066a214c2f5e87bad3c948f4d605d)
Start importing Assets/JC_LP_MegaCity/Models/Props/SM_Props_Bank_01.fbx using Guid(a5c7dacfa35eccc47b0d9d6daa35ba17) Importer(2089858483,b0f066a214c2f5e87bad3c948f4d605d) (ScriptedImporter) -> (artifact id: '8cd7ed78c6714f4298865b7787e92be9') in 0.004612577 seconds
Number of updated asset objects reloaded before import = 0Number of asset objects unloaded after import = 7

========================================================================
Received Import Request.
  Time since last request: 0.000010 seconds.
  path: Assets/JC_LP_MegaCity/Models/Floor/SM_Floor_Parking_03.fbx
  artifactKey: Guid(5f6a323dc0a525743befd79f7a47f5a3) Importer(2089858483,b0f066a214c2f5e87bad3c948f4d605d)
Start importing Assets/JC_LP_MegaCity/Models/Floor/SM_Floor_Parking_03.fbx using Guid(5f6a323dc0a525743befd79f7a47f5a3) Importer(2089858483,b0f066a214c2f5e87bad3c948f4d605d) (ScriptedImporter) -> (artifact id: '0e6cfebff87d2004018f9fdfb859fa50') in 0.004911265 seconds
Number of updated asset objects reloaded before import = 0Number of asset objects unloaded after import = 7

========================================================================
Received Import Request.
  Time since last request: 1.427671 seconds.
  path: Assets/JC_LP_MegaCity/Prefabs/FloorProps/SM_FloorProps_RoadSign_14.prefab
  artifactKey: Guid(ad429fc005b312e4186a83e21a0b1818) Importer(2089858483,b0f066a214c2f5e87bad3c948f4d605d)
Start importing Assets/JC_LP_MegaCity/Prefabs/FloorProps/SM_FloorProps_RoadSign_14.prefab using Guid(ad429fc005b312e4186a83e21a0b1818) Importer(2089858483,b0f066a214c2f5e87bad3c948f4d605d) (ScriptedImporter) -> (artifact id: '6a797daaf1ed6c04414f4c45448b437d') in 0.008577097 seconds
Number of updated asset objects reloaded before import = 0Number of asset objects unloaded after import = 9

========================================================================
Received Import Request.
  Time since last request: 0.000008 seconds.
  path: Assets/JC_LP_MegaCity/Models/Buildings/SM_Buildings_Gas_Station_Gate_01.fbx
  artifactKey: Guid(54913290004303a45a58a6bdc540629b) Importer(2089858483,b0f066a214c2f5e87bad3c948f4d605d)
Start importing Assets/JC_LP_MegaCity/Models/Buildings/SM_Buildings_Gas_Station_Gate_01.fbx using Guid(54913290004303a45a58a6bdc540629b) Importer(2089858483,b0f066a214c2f5e87bad3c948f4d605d) (ScriptedImporter) -> (artifact id: 'b75ff9bce8c3f057051c5ce9c75717ab') in 0.005731391 seconds
Number of updated asset objects reloaded before import = 0Number of asset objects unloaded after import = 7

========================================================================
Received Import Request.
  Time since last request: 0.000007 seconds.
  path: Assets/JC_LP_MegaCity/Prefabs/BuildingsDecor/SM_BuildingsDecor_02.prefab
  artifactKey: Guid(8ce8ec53484af7d4c862885a9089cc30) Importer(2089858483,b0f066a214c2f5e87bad3c948f4d605d)
Start importing Assets/JC_LP_MegaCity/Prefabs/BuildingsDecor/SM_BuildingsDecor_02.prefab using Guid(8ce8ec53484af7d4c862885a9089cc30) Importer(2089858483,b0f066a214c2f5e87bad3c948f4d605d) (ScriptedImporter) -> (artifact id: '321775fa3ad06f0ffed331f5bccec080') in 0.003555612 seconds
Number of updated asset objects reloaded before import = 0Number of asset objects unloaded after import = 9

========================================================================
Received Import Request.
  Time since last request: 0.000007 seconds.
  path: Assets/JC_LP_MegaCity/Prefabs/BuildingsDecor/SM_BuildingsDecor_60.prefab
  artifactKey: Guid(bb183486ee1213e478e002c6b8f92410) Importer(2089858483,b0f066a214c2f5e87bad3c948f4d605d)
Start importing Assets/JC_LP_MegaCity/Prefabs/BuildingsDecor/SM_BuildingsDecor_60.prefab using Guid(bb183486ee1213e478e002c6b8f92410) Importer(2089858483,b0f066a214c2f5e87bad3c948f4d605d) (ScriptedImporter) -> (artifact id: '6eeab1ee13502b2a16792c177248b883') in 0.003977721 seconds
Number of updated asset objects reloaded before import = 0Number of asset objects unloaded after import = 10

========================================================================
Received Import Request.
  Time since last request: 0.000007 seconds.
  path: Assets/JC_LP_MegaCity/Models/Buildings/SM_Buildings_House_03_V1.fbx
  artifactKey: Guid(62ae3daaa0bae8d4fa310e03625032ab) Importer(2089858483,b0f066a214c2f5e87bad3c948f4d605d)
Start importing Assets/JC_LP_MegaCity/Models/Buildings/SM_Buildings_House_03_V1.fbx using Guid(62ae3daaa0bae8d4fa310e03625032ab) Importer(2089858483,b0f066a214c2f5e87bad3c948f4d605d) (ScriptedImporter) -> (artifact id: '931a6dea2a6e8327e90dc0d68dcdc469') in 0.006758486 seconds
Number of updated asset objects reloaded before import = 0Number of asset objects unloaded after import = 7

========================================================================
Received Import Request.
  Time since last request: 0.000008 seconds.
  path: Assets/JC_LP_MegaCity/Prefabs/Props/SM_Props_Supermarket_02.prefab
  artifactKey: Guid(84270ae4cc56d44449e5b483bb2546b7) Importer(2089858483,b0f066a214c2f5e87bad3c948f4d605d)
Start importing Assets/JC_LP_MegaCity/Prefabs/Props/SM_Props_Supermarket_02.prefab using Guid(84270ae4cc56d44449e5b483bb2546b7) Importer(2089858483,b0f066a214c2f5e87bad3c948f4d605d) (ScriptedImporter) -> (artifact id: '1c9fa838fad369315e3ebc64c0de9eca') in 0.003454183 seconds
Number of updated asset objects reloaded before import = 0Number of asset objects unloaded after import = 9

========================================================================
Received Import Request.
  Time since last request: 0.000008 seconds.
  path: Assets/JC_LP_MegaCity/Models/Nature
  artifactKey: Guid(23a1ccf42b3ed9a48bd70db606cfee42) Importer(2089858483,b0f066a214c2f5e87bad3c948f4d605d)
Start importing Assets/JC_LP_MegaCity/Models/Nature using Guid(23a1ccf42b3ed9a48bd70db606cfee42) Importer(2089858483,b0f066a214c2f5e87bad3c948f4d605d) (ScriptedImporter) -> (artifact id: 'b2268b0721cf27f9427b50ab389c214b') in 0.001209694 seconds
Number of updated asset objects reloaded before import = 0Number of asset objects unloaded after import = 1

========================================================================
Received Import Request.
  Time since last request: 0.000011 seconds.
  path: Assets/JC_LP_MegaCity/Models/Props/SM_Props_Safe_02.fbx
  artifactKey: Guid(cf1c20a9767b7f64ea36db3e262efc78) Importer(2089858483,b0f066a214c2f5e87bad3c948f4d605d)
Start importing Assets/JC_LP_MegaCity/Models/Props/SM_Props_Safe_02.fbx using Guid(cf1c20a9767b7f64ea36db3e262efc78) Importer(2089858483,b0f066a214c2f5e87bad3c948f4d605d) (ScriptedImporter) -> (artifact id: 'd88359a7e1bd87cb2fca24c3d27da5bf') in 0.007615922 seconds
Number of updated asset objects reloaded before import = 0Number of asset objects unloaded after import = 7

========================================================================
Received Import Request.
  Time since last request: 0.000008 seconds.
  path: Assets/JC_LP_MegaCity/Prefabs/Props/SM_Props_Cafe_15.prefab
  artifactKey: Guid(d01bf0448992ab04ea92697217a7b3f0) Importer(2089858483,b0f066a214c2f5e87bad3c948f4d605d)
Start importing Assets/JC_LP_MegaCity/Prefabs/Props/SM_Props_Cafe_15.prefab using Guid(d01bf0448992ab04ea92697217a7b3f0) Importer(2089858483,b0f066a214c2f5e87bad3c948f4d605d) (ScriptedImporter) -> (artifact id: 'cfa396be2f8c52c5b247cf0b0a4a73b2') in 0.003601852 seconds
Number of updated asset objects reloaded before import = 0Number of asset objects unloaded after import = 9

========================================================================
Received Import Request.
  Time since last request: 0.000008 seconds.
  path: Assets/JC_LP_MegaCity/Prefabs/Floor/SM_Floor_Railway_03.prefab
  artifactKey: Guid(5061e6e49d927224597aefa2f9ea3f21) Importer(2089858483,b0f066a214c2f5e87bad3c948f4d605d)
Start importing Assets/JC_LP_MegaCity/Prefabs/Floor/SM_Floor_Railway_03.prefab using Guid(5061e6e49d927224597aefa2f9ea3f21) Importer(2089858483,b0f066a214c2f5e87bad3c948f4d605d) (ScriptedImporter) -> (artifact id: '5fa10812674745f5dd46068b106d2a65') in 0.00382131 seconds
Number of updated asset objects reloaded before import = 0Number of asset objects unloaded after import = 9

========================================================================
Received Import Request.
  Time since last request: 0.000011 seconds.
  path: Assets/JC_LP_MegaCity/Models/BuildingsDecor/SM_BuildingsDecor_06.fbx
  artifactKey: Guid(7cd729fd8df4b504bab426e62552efcc) Importer(2089858483,b0f066a214c2f5e87bad3c948f4d605d)
Start importing Assets/JC_LP_MegaCity/Models/BuildingsDecor/SM_BuildingsDecor_06.fbx using Guid(7cd729fd8df4b504bab426e62552efcc) Importer(2089858483,b0f066a214c2f5e87bad3c948f4d605d) (ScriptedImporter) -> (artifact id: '168e02c4984f8dea1a5387dfad803186') in 0.004769136 seconds
Number of updated asset objects reloaded before import = 0Number of asset objects unloaded after import = 7

========================================================================
Received Import Request.
  Time since last request: 0.000014 seconds.
  path: Assets/JC_LP_MegaCity/Prefabs/Nature/SM_Nature_Tree_02.prefab
  artifactKey: Guid(5aa9f72390ba6584d81e696e8894efdb) Importer(2089858483,b0f066a214c2f5e87bad3c948f4d605d)
Start importing Assets/JC_LP_MegaCity/Prefabs/Nature/SM_Nature_Tree_02.prefab using Guid(5aa9f72390ba6584d81e696e8894efdb) Importer(2089858483,b0f066a214c2f5e87bad3c948f4d605d) (ScriptedImporter) -> (artifact id: 'e3ba51350a4b4032117f147ba08e6ad2') in 0.002668656 seconds
Number of updated asset objects reloaded before import = 0Number of asset objects unloaded after import = 17

========================================================================
Received Import Request.
  Time since last request: 0.000008 seconds.
  path: Assets/JC_LP_MegaCity/Prefabs/Vehicles/SM_Vehilces_Helicopter_V1.prefab
  artifactKey: Guid(310af3f9c680149468d24453815046cf) Importer(2089858483,b0f066a214c2f5e87bad3c948f4d605d)
Start importing Assets/JC_LP_MegaCity/Prefabs/Vehicles/SM_Vehilces_Helicopter_V1.prefab using Guid(310af3f9c680149468d24453815046cf) Importer(2089858483,b0f066a214c2f5e87bad3c948f4d605d) (ScriptedImporter) -> (artifact id: 'd244a43c646e19375b2c8dda03ae9b97') in 0.00217891 seconds
Number of updated asset objects reloaded before import = 0Number of asset objects unloaded after import = 22

========================================================================
Received Import Request.
  Time since last request: 0.000007 seconds.
  path: Assets/JC_LP_MegaCity/Models/Props/SM_Props_Trash_01.fbx
  artifactKey: Guid(c9e6585c51ef6c7448cb414a1c9e9c84) Importer(2089858483,b0f066a214c2f5e87bad3c948f4d605d)
Start importing Assets/JC_LP_MegaCity/Models/Props/SM_Props_Trash_01.fbx using Guid(c9e6585c51ef6c7448cb414a1c9e9c84) Importer(2089858483,b0f066a214c2f5e87bad3c948f4d605d) (ScriptedImporter) -> (artifact id: '41f8db5ec1a971e5a6a66022a633b8a6') in 0.005557742 seconds
Number of updated asset objects reloaded before import = 0Number of asset objects unloaded after import = 7

========================================================================
Received Import Request.
  Time since last request: 0.000007 seconds.
  path: Assets/JC_LP_MegaCity/Models/Buildings/SM_Buildings_Port_02.fbx
  artifactKey: Guid(476b9075bbae197469f9e37334792520) Importer(2089858483,b0f066a214c2f5e87bad3c948f4d605d)
Start importing Assets/JC_LP_MegaCity/Models/Buildings/SM_Buildings_Port_02.fbx using Guid(476b9075bbae197469f9e37334792520) Importer(2089858483,b0f066a214c2f5e87bad3c948f4d605d) (ScriptedImporter) -> (artifact id: '7501d055bc49d66e7016bfdef52f5816') in 0.005534863 seconds
Number of updated asset objects reloaded before import = 0Number of asset objects unloaded after import = 7

========================================================================
Received Import Request.
  Time since last request: 0.000008 seconds.
  path: Assets/JC_LP_MegaCity/Models/BuildingsDecor/SM_BuildingsDecor_26.fbx
  artifactKey: Guid(6d5fcb3ac324f2c478e027a435a085cf) Importer(2089858483,b0f066a214c2f5e87bad3c948f4d605d)
Start importing Assets/JC_LP_MegaCity/Models/BuildingsDecor/SM_BuildingsDecor_26.fbx using Guid(6d5fcb3ac324f2c478e027a435a085cf) Importer(2089858483,b0f066a214c2f5e87bad3c948f4d605d) (ScriptedImporter) -> (artifact id: 'de4b1a680cf86127ce795d15875f88b1') in 0.005260613 seconds
Number of updated asset objects reloaded before import = 0Number of asset objects unloaded after import = 7

========================================================================
Received Import Request.
  Time since last request: 0.000008 seconds.
  path: Assets/JC_LP_MegaCity/Models/Props/SM_Props_Playground_01.fbx
  artifactKey: Guid(d1e76a15376b78a4182a6662e94f3974) Importer(2089858483,b0f066a214c2f5e87bad3c948f4d605d)
Start importing Assets/JC_LP_MegaCity/Models/Props/SM_Props_Playground_01.fbx using Guid(d1e76a15376b78a4182a6662e94f3974) Importer(2089858483,b0f066a214c2f5e87bad3c948f4d605d) (ScriptedImporter) -> (artifact id: '66e8fd4e020cda9f9aa65759e95bb537') in 0.004371659 seconds
Number of updated asset objects reloaded before import = 0Number of asset objects unloaded after import = 7

========================================================================
Received Import Request.
  Time since last request: 0.000007 seconds.
  path: Assets/JC_LP_MegaCity/Prefabs/Food/SM_Food_Apple_02.prefab
  artifactKey: Guid(c824fee3ab1421648b6c7ee87c11b477) Importer(2089858483,b0f066a214c2f5e87bad3c948f4d605d)
Start importing Assets/JC_LP_MegaCity/Prefabs/Food/SM_Food_Apple_02.prefab using Guid(c824fee3ab1421648b6c7ee87c11b477) Importer(2089858483,b0f066a214c2f5e87bad3c948f4d605d) (ScriptedImporter) -> (artifact id: 'a57edf44f5a63b9df41ed0c5f8054c64') in 0.00405501 seconds
Number of updated asset objects reloaded before import = 0Number of asset objects unloaded after import = 9

========================================================================
Received Import Request.
  Time since last request: 0.000008 seconds.
  path: Assets/JC_LP_MegaCity/Prefabs/Props/SM_Props_Pool_02.prefab
  artifactKey: Guid(9371c609c4e2184479d88ccb3936af96) Importer(2089858483,b0f066a214c2f5e87bad3c948f4d605d)
Start importing Assets/JC_LP_MegaCity/Prefabs/Props/SM_Props_Pool_02.prefab using Guid(9371c609c4e2184479d88ccb3936af96) Importer(2089858483,b0f066a214c2f5e87bad3c948f4d605d) (ScriptedImporter) -> (artifact id: '47cce864b093edba1ca41053c69a0084') in 0.003754881 seconds
Number of updated asset objects reloaded before import = 0Number of asset objects unloaded after import = 9

========================================================================
Received Import Request.
  Time since last request: 0.000007 seconds.
  path: Assets/JC_LP_MegaCity/Models/Food/SM_Food_FoodBox_09.fbx
  artifactKey: Guid(c4632d9fb6edd554c875f4f1bbb690d9) Importer(2089858483,b0f066a214c2f5e87bad3c948f4d605d)
Start importing Assets/JC_LP_MegaCity/Models/Food/SM_Food_FoodBox_09.fbx using Guid(c4632d9fb6edd554c875f4f1bbb690d9) Importer(2089858483,b0f066a214c2f5e87bad3c948f4d605d) (ScriptedImporter) -> (artifact id: 'f15310d9d6b1e4af1aacb9fb3d376a3f') in 0.006461467 seconds
Number of updated asset objects reloaded before import = 0Number of asset objects unloaded after import = 7

========================================================================
Received Import Request.
  Time since last request: 0.000007 seconds.
  path: Assets/JC_LP_MegaCity/Prefabs/Buildings/SM_Buildings_Commercial_02.prefab
  artifactKey: Guid(1cff2139f5cbbc54f9049a38ad0f1991) Importer(2089858483,b0f066a214c2f5e87bad3c948f4d605d)
Start importing Assets/JC_LP_MegaCity/Prefabs/Buildings/SM_Buildings_Commercial_02.prefab using Guid(1cff2139f5cbbc54f9049a38ad0f1991) Importer(2089858483,b0f066a214c2f5e87bad3c948f4d605d) (ScriptedImporter) -> (artifact id: '4eeb5f962d728bbfdadddd34d9544f16') in 0.005160585 seconds
Number of updated asset objects reloaded before import = 0Number of asset objects unloaded after import = 28

========================================================================
Received Import Request.
  Time since last request: 0.000011 seconds.
  path: Assets/JC_LP_MegaCity/Materials/M_MegaCity_TrafficLight_Green.mat
  artifactKey: Guid(25a3e8e5a57e3d04b9fddd48955ac6b6) Importer(2089858483,b0f066a214c2f5e87bad3c948f4d605d)
Start importing Assets/JC_LP_MegaCity/Materials/M_MegaCity_TrafficLight_Green.mat using Guid(25a3e8e5a57e3d04b9fddd48955ac6b6) Importer(2089858483,b0f066a214c2f5e87bad3c948f4d605d) (ScriptedImporter) -> (artifact id: '1418ee45dcccbf755344578f2994b8ec') in 0.002409917 seconds
Number of updated asset objects reloaded before import = 0Number of asset objects unloaded after import = 1

========================================================================
Received Import Request.
  Time since last request: 0.000014 seconds.
  path: Assets/JC_LP_MegaCity/Prefabs/Props/SM_Props_Ads_06.prefab
  artifactKey: Guid(c9b9563ff99700446a69f9879d5e6e94) Importer(2089858483,b0f066a214c2f5e87bad3c948f4d605d)
Start importing Assets/JC_LP_MegaCity/Prefabs/Props/SM_Props_Ads_06.prefab using Guid(c9b9563ff99700446a69f9879d5e6e94) Importer(2089858483,b0f066a214c2f5e87bad3c948f4d605d) (ScriptedImporter) -> (artifact id: 'ef4e4a9e6f94cc9cb281597ff6f82c01') in 0.003326843 seconds
Number of updated asset objects reloaded before import = 0Number of asset objects unloaded after import = 9

========================================================================
Received Import Request.
  Time since last request: 0.000007 seconds.
  path: Assets/JC_LP_MegaCity/Models/FloorProps/SM_FloorProps_03.fbx
  artifactKey: Guid(43ef20cdf0410f444bfce12bb5b910e2) Importer(2089858483,b0f066a214c2f5e87bad3c948f4d605d)
Start importing Assets/JC_LP_MegaCity/Models/FloorProps/SM_FloorProps_03.fbx using Guid(43ef20cdf0410f444bfce12bb5b910e2) Importer(2089858483,b0f066a214c2f5e87bad3c948f4d605d) (ScriptedImporter) -> (artifact id: '77cc0baa7486e26de28fc61c10fb2149') in 0.004597267 seconds
Number of updated asset objects reloaded before import = 0Number of asset objects unloaded after import = 7

========================================================================
Received Import Request.
  Time since last request: 0.000008 seconds.
  path: Assets/JC_LP_MegaCity/Models/Buildings/SM_Buildings_Hotel_02_Door_R.fbx
  artifactKey: Guid(ccabd6200babce8438c14e3565369d92) Importer(2089858483,b0f066a214c2f5e87bad3c948f4d605d)
Start importing Assets/JC_LP_MegaCity/Models/Buildings/SM_Buildings_Hotel_02_Door_R.fbx using Guid(ccabd6200babce8438c14e3565369d92) Importer(2089858483,b0f066a214c2f5e87bad3c948f4d605d) (ScriptedImporter) -> (artifact id: 'e42a63e435aa6987fdc4742c4e5b7c67') in 0.007077205 seconds
Number of updated asset objects reloaded before import = 0Number of asset objects unloaded after import = 7

========================================================================
Received Import Request.
  Time since last request: 0.000008 seconds.
  path: Assets/JC_LP_MegaCity/Models/FloorProps/SM_FloorProps_Fence_08.fbx
  artifactKey: Guid(a2bffc3156cee8446a7241fb3f830c78) Importer(2089858483,b0f066a214c2f5e87bad3c948f4d605d)
Start importing Assets/JC_LP_MegaCity/Models/FloorProps/SM_FloorProps_Fence_08.fbx using Guid(a2bffc3156cee8446a7241fb3f830c78) Importer(2089858483,b0f066a214c2f5e87bad3c948f4d605d) (ScriptedImporter) -> (artifact id: '1226266ddb127188ba554ca5850106d2') in 0.004388128 seconds
Number of updated asset objects reloaded before import = 0Number of asset objects unloaded after import = 7

========================================================================
Received Import Request.
  Time since last request: 0.000009 seconds.
  path: Assets/JC_LP_MegaCity/Models/Buildings/SM_Buildings_Hotel_02_Door_L.fbx
  artifactKey: Guid(f1b53ae9e2ddbbc42a738c9a01f60db3) Importer(2089858483,b0f066a214c2f5e87bad3c948f4d605d)
Start importing Assets/JC_LP_MegaCity/Models/Buildings/SM_Buildings_Hotel_02_Door_L.fbx using Guid(f1b53ae9e2ddbbc42a738c9a01f60db3) Importer(2089858483,b0f066a214c2f5e87bad3c948f4d605d) (ScriptedImporter) -> (artifact id: 'd53f9bc0fc0436b65a687ae46bafe61b') in 0.004475137 seconds
Number of updated asset objects reloaded before import = 0Number of asset objects unloaded after import = 7

========================================================================
Received Import Request.
  Time since last request: 0.000009 seconds.
  path: Assets/JC_LP_MegaCity/Prefabs/Floor/SM_Floor_Tile_02.prefab
  artifactKey: Guid(8c55f248dc625bd42ab060010e029ca6) Importer(2089858483,b0f066a214c2f5e87bad3c948f4d605d)
Start importing Assets/JC_LP_MegaCity/Prefabs/Floor/SM_Floor_Tile_02.prefab using Guid(8c55f248dc625bd42ab060010e029ca6) Importer(2089858483,b0f066a214c2f5e87bad3c948f4d605d) (ScriptedImporter) -> (artifact id: '4e12b892927862663960586d9a51f7ae') in 0.004099609 seconds
Number of updated asset objects reloaded before import = 0Number of asset objects unloaded after import = 9

========================================================================
Received Import Request.
  Time since last request: 0.000008 seconds.
  path: Assets/JC_LP_MegaCity/Models/Props/SM_Props_Park_02_Cabin_03.fbx
  artifactKey: Guid(7f6187b8459504947a48da0683696051) Importer(2089858483,b0f066a214c2f5e87bad3c948f4d605d)
Start importing Assets/JC_LP_MegaCity/Models/Props/SM_Props_Park_02_Cabin_03.fbx using Guid(7f6187b8459504947a48da0683696051) Importer(2089858483,b0f066a214c2f5e87bad3c948f4d605d) (ScriptedImporter) -> (artifact id: 'c9d7038fa6c55d8fcd2659358c7fefbb') in 0.004697107 seconds
Number of updated asset objects reloaded before import = 0Number of asset objects unloaded after import = 7

========================================================================
Received Import Request.
  Time since last request: 0.000010 seconds.
  path: Assets/JC_LP_MegaCity/Prefabs/Buildings/SM_Buildings_Port_01.prefab
  artifactKey: Guid(38514b5efd2fc7c428da9981f4afd3c5) Importer(2089858483,b0f066a214c2f5e87bad3c948f4d605d)
Start importing Assets/JC_LP_MegaCity/Prefabs/Buildings/SM_Buildings_Port_01.prefab using Guid(38514b5efd2fc7c428da9981f4afd3c5) Importer(2089858483,b0f066a214c2f5e87bad3c948f4d605d) (ScriptedImporter) -> (artifact id: 'afd5a0894585276814e84d11cddb72da') in 0.005847911 seconds
Number of updated asset objects reloaded before import = 0Number of asset objects unloaded after import = 16

========================================================================
Received Import Request.
  Time since last request: 0.000008 seconds.
  path: Assets/JC_LP_MegaCity/Prefabs/Food/SM_Food_Soda_03.prefab
  artifactKey: Guid(172c8a90900dbb046b17a27daf819eac) Importer(2089858483,b0f066a214c2f5e87bad3c948f4d605d)
Start importing Assets/JC_LP_MegaCity/Prefabs/Food/SM_Food_Soda_03.prefab using Guid(172c8a90900dbb046b17a27daf819eac) Importer(2089858483,b0f066a214c2f5e87bad3c948f4d605d) (ScriptedImporter) -> (artifact id: '1a605ce99ad81c72026e66a03dc5cc01') in 0.004228888 seconds
Number of updated asset objects reloaded before import = 0Number of asset objects unloaded after import = 9

========================================================================
Received Import Request.
  Time since last request: 0.000007 seconds.
  path: Assets/JC_LP_MegaCity/Prefabs/Props/SM_Props_Fountain_01.prefab
  artifactKey: Guid(1cfeb5367e3c4504d959a128d27a1353) Importer(2089858483,b0f066a214c2f5e87bad3c948f4d605d)
Start importing Assets/JC_LP_MegaCity/Prefabs/Props/SM_Props_Fountain_01.prefab using Guid(1cfeb5367e3c4504d959a128d27a1353) Importer(2089858483,b0f066a214c2f5e87bad3c948f4d605d) (ScriptedImporter) -> (artifact id: 'fd54fbb45c5f8b24a7c962ac67798609') in 0.004648096 seconds
Number of updated asset objects reloaded before import = 0Number of asset objects unloaded after import = 48

========================================================================
Received Import Request.
  Time since last request: 0.000010 seconds.
  path: Assets/JC_LP_MegaCity/Prefabs/Vehicles/SM_Vehicles_08_V1.prefab
  artifactKey: Guid(d48122fbdd862a84c82524532d94ce38) Importer(2089858483,b0f066a214c2f5e87bad3c948f4d605d)
Start importing Assets/JC_LP_MegaCity/Prefabs/Vehicles/SM_Vehicles_08_V1.prefab using Guid(d48122fbdd862a84c82524532d94ce38) Importer(2089858483,b0f066a214c2f5e87bad3c948f4d605d) (ScriptedImporter) -> (artifact id: 'b59a12a9c7066915bb9e9aa7da58b358') in 0.002277528 seconds
Number of updated asset objects reloaded before import = 0Number of asset objects unloaded after import = 34

========================================================================
Received Import Request.
  Time since last request: 0.000014 seconds.
  path: Assets/JC_LP_MegaCity/Models/Buildings/SM_Buildings_Hospital_01.fbx
  artifactKey: Guid(9f0fd1a929ef9ac42a323156ce484017) Importer(2089858483,b0f066a214c2f5e87bad3c948f4d605d)
Start importing Assets/JC_LP_MegaCity/Models/Buildings/SM_Buildings_Hospital_01.fbx using Guid(9f0fd1a929ef9ac42a323156ce484017) Importer(2089858483,b0f066a214c2f5e87bad3c948f4d605d) (ScriptedImporter) -> (artifact id: 'ea3a092bb35dc5c72e8be347529c6e11') in 0.004730936 seconds
Number of updated asset objects reloaded before import = 0Number of asset objects unloaded after import = 7

========================================================================
Received Import Request.
  Time since last request: 0.000007 seconds.
  path: Assets/JC_LP_MegaCity/Models/Props/SM_Props_PingPong_01_2.fbx
  artifactKey: Guid(ced91987e6ea01a4aa44b210ecfcc79a) Importer(2089858483,b0f066a214c2f5e87bad3c948f4d605d)
Start importing Assets/JC_LP_MegaCity/Models/Props/SM_Props_PingPong_01_2.fbx using Guid(ced91987e6ea01a4aa44b210ecfcc79a) Importer(2089858483,b0f066a214c2f5e87bad3c948f4d605d) (ScriptedImporter) -> (artifact id: '5a9df52bc01c1bd46d51f70c99f4acf0') in 0.004243628 seconds
Number of updated asset objects reloaded before import = 0Number of asset objects unloaded after import = 7

========================================================================
Received Import Request.
  Time since last request: 0.000009 seconds.
  path: Assets/JC_LP_MegaCity/Models/Buildings/SM_Buildings_Gas_Station_01.fbx
  artifactKey: Guid(4d4befd8d8d249747902abb9d4f42095) Importer(2089858483,b0f066a214c2f5e87bad3c948f4d605d)
Start importing Assets/JC_LP_MegaCity/Models/Buildings/SM_Buildings_Gas_Station_01.fbx using Guid(4d4befd8d8d249747902abb9d4f42095) Importer(2089858483,b0f066a214c2f5e87bad3c948f4d605d) (ScriptedImporter) -> (artifact id: 'de41163bab4ef4d395390257410c8ef2') in 0.006220799 seconds
Number of updated asset objects reloaded before import = 0Number of asset objects unloaded after import = 7

========================================================================
Received Import Request.
  Time since last request: 0.000008 seconds.
  path: Assets/JC_LP_MegaCity/Prefabs/Floor/SM_Floor_Railway_05.prefab
  artifactKey: Guid(b84645a884f97e84eaa6838a9c010313) Importer(2089858483,b0f066a214c2f5e87bad3c948f4d605d)
Start importing Assets/JC_LP_MegaCity/Prefabs/Floor/SM_Floor_Railway_05.prefab using Guid(b84645a884f97e84eaa6838a9c010313) Importer(2089858483,b0f066a214c2f5e87bad3c948f4d605d) (ScriptedImporter) -> (artifact id: 'dbcf124e13ef8237638ea1afa46dc368') in 0.004691787 seconds
Number of updated asset objects reloaded before import = 0Number of asset objects unloaded after import = 9

========================================================================
Received Import Request.
  Time since last request: 0.000008 seconds.
  path: Assets/JC_LP_MegaCity/Models/Vehicles/SM_Vehicles_04_V1.fbx
  artifactKey: Guid(2d347d56af99cc247bf000a2bc7a81b8) Importer(2089858483,b0f066a214c2f5e87bad3c948f4d605d)
Start importing Assets/JC_LP_MegaCity/Models/Vehicles/SM_Vehicles_04_V1.fbx using Guid(2d347d56af99cc247bf000a2bc7a81b8) Importer(2089858483,b0f066a214c2f5e87bad3c948f4d605d) (ScriptedImporter) -> (artifact id: '6be902e6e344982a6bd33ddbd5129865') in 0.006141029 seconds
Number of updated asset objects reloaded before import = 0Number of asset objects unloaded after import = 34

========================================================================
Received Import Request.
  Time since last request: 1.225452 seconds.
  path: Assets/JC_LP_MegaCity/Models/Buildings/SM_Buildings_House_15_V2.fbx
  artifactKey: Guid(e1867869e1308884f9021b9225a4c1c7) Importer(2089858483,b0f066a214c2f5e87bad3c948f4d605d)
Start importing Assets/JC_LP_MegaCity/Models/Buildings/SM_Buildings_House_15_V2.fbx using Guid(e1867869e1308884f9021b9225a4c1c7) Importer(2089858483,b0f066a214c2f5e87bad3c948f4d605d) (ScriptedImporter) -> (artifact id: 'c1d3753a8aeb29cbb6e59cea0a505524') in 0.004489418 seconds
Number of updated asset objects reloaded before import = 0Number of asset objects unloaded after import = 7

========================================================================
Received Import Request.
  Time since last request: 0.000009 seconds.
  path: Assets/JC_LP_MegaCity/Prefabs/FloorProps/SM_FloorProps_RoadSign_01.prefab
  artifactKey: Guid(4a87513590e36a74f840eb84d14b4ef8) Importer(2089858483,b0f066a214c2f5e87bad3c948f4d605d)
Start importing Assets/JC_LP_MegaCity/Prefabs/FloorProps/SM_FloorProps_RoadSign_01.prefab using Guid(4a87513590e36a74f840eb84d14b4ef8) Importer(2089858483,b0f066a214c2f5e87bad3c948f4d605d) (ScriptedImporter) -> (artifact id: 'e0c7a8cb4c5ce733bce201d11d285bab') in 0.004261998 seconds
Number of updated asset objects reloaded before import = 0Number of asset objects unloaded after import = 9

========================================================================
Received Import Request.
  Time since last request: 0.000007 seconds.
  path: Assets/JC_LP_MegaCity/Models/Props/SM_Props_GameConsole_03.fbx
  artifactKey: Guid(75a40f4ee45f9fc41b21997c623a1d75) Importer(2089858483,b0f066a214c2f5e87bad3c948f4d605d)
Start importing Assets/JC_LP_MegaCity/Models/Props/SM_Props_GameConsole_03.fbx using Guid(75a40f4ee45f9fc41b21997c623a1d75) Importer(2089858483,b0f066a214c2f5e87bad3c948f4d605d) (ScriptedImporter) -> (artifact id: 'a1a316259b076a7a5b3fc503531faa34') in 0.007001675 seconds
Number of updated asset objects reloaded before import = 0Number of asset objects unloaded after import = 7

========================================================================
Received Import Request.
  Time since last request: 0.000011 seconds.
  path: Assets/JC_LP_MegaCity/Scenes/Settings/URP_JC_LP_MegaCity_Renderer.asset
  artifactKey: Guid(412433d544128cd4d887bc91d8c6f163) Importer(2089858483,b0f066a214c2f5e87bad3c948f4d605d)
Start importing Assets/JC_LP_MegaCity/Scenes/Settings/URP_JC_LP_MegaCity_Renderer.asset using Guid(412433d544128cd4d887bc91d8c6f163) Importer(2089858483,b0f066a214c2f5e87bad3c948f4d605d) (ScriptedImporter) -> (artifact id: 'b648d444c3b011b62c7f30b9fda1dd74') in 0.028701476 seconds
Number of updated asset objects reloaded before import = 0Number of asset objects unloaded after import = 1

========================================================================
Received Import Request.
  Time since last request: 0.000014 seconds.
  path: Assets/JC_LP_MegaCity/Models/Buildings/SM_Buildings_Factory_03_Door_L.fbx
  artifactKey: Guid(a2e89ae8d849a524d9af820b6f52b884) Importer(2089858483,b0f066a214c2f5e87bad3c948f4d605d)
Start importing Assets/JC_LP_MegaCity/Models/Buildings/SM_Buildings_Factory_03_Door_L.fbx using Guid(a2e89ae8d849a524d9af820b6f52b884) Importer(2089858483,b0f066a214c2f5e87bad3c948f4d605d) (ScriptedImporter) -> (artifact id: '3f284ebf82b0562a9d1df8c70236384b') in 0.004447518 seconds
Number of updated asset objects reloaded before import = 0Number of asset objects unloaded after import = 7

========================================================================
Received Import Request.
  Time since last request: 0.000008 seconds.
  path: Assets/JC_LP_MegaCity/Models/FloorProps/SM_FloorProps_Fence_06.fbx
  artifactKey: Guid(3cae0e489ac74b1429e655b79a8eaaa7) Importer(2089858483,b0f066a214c2f5e87bad3c948f4d605d)
Start importing Assets/JC_LP_MegaCity/Models/FloorProps/SM_FloorProps_Fence_06.fbx using Guid(3cae0e489ac74b1429e655b79a8eaaa7) Importer(2089858483,b0f066a214c2f5e87bad3c948f4d605d) (ScriptedImporter) -> (artifact id: '669b9c6f6c0a1d10158b3cc4a592d699') in 0.004509878 seconds
Number of updated asset objects reloaded before import = 0Number of asset objects unloaded after import = 7

========================================================================
Received Import Request.
  Time since last request: 0.000008 seconds.
  path: Assets/JC_LP_MegaCity/Prefabs/Buildings/SM_Buildings_House_11_V2.prefab
  artifactKey: Guid(519be8e5fa0d6fc478b38baa52f48425) Importer(2089858483,b0f066a214c2f5e87bad3c948f4d605d)
Start importing Assets/JC_LP_MegaCity/Prefabs/Buildings/SM_Buildings_House_11_V2.prefab using Guid(519be8e5fa0d6fc478b38baa52f48425) Importer(2089858483,b0f066a214c2f5e87bad3c948f4d605d) (ScriptedImporter) -> (artifact id: '4817c9aaa886cf65353d95c14eba9911') in 0.007658182 seconds
Number of updated asset objects reloaded before import = 0Number of asset objects unloaded after import = 16

========================================================================
Received Import Request.
  Time since last request: 0.000012 seconds.
  path: Assets/JC_LP_MegaCity/Models/Buildings/SM_Buildings_House_11_V2.fbx
  artifactKey: Guid(e8be09d89ef4c1043917a84d302ef5b7) Importer(2089858483,b0f066a214c2f5e87bad3c948f4d605d)
Start importing Assets/JC_LP_MegaCity/Models/Buildings/SM_Buildings_House_11_V2.fbx using Guid(e8be09d89ef4c1043917a84d302ef5b7) Importer(2089858483,b0f066a214c2f5e87bad3c948f4d605d) (ScriptedImporter) -> (artifact id: '7c703e162db177e0e2aefe7f0e4e7530') in 0.006225358 seconds
Number of updated asset objects reloaded before import = 0Number of asset objects unloaded after import = 7

========================================================================
Received Import Request.
  Time since last request: 0.000009 seconds.
  path: Assets/JC_LP_MegaCity/Models/Buildings/SM_Buildings_House_07_V1.fbx
  artifactKey: Guid(1f36f8dbdfa5dcc42b9f9dcae0445ebe) Importer(2089858483,b0f066a214c2f5e87bad3c948f4d605d)
Start importing Assets/JC_LP_MegaCity/Models/Buildings/SM_Buildings_House_07_V1.fbx using Guid(1f36f8dbdfa5dcc42b9f9dcae0445ebe) Importer(2089858483,b0f066a214c2f5e87bad3c948f4d605d) (ScriptedImporter) -> (artifact id: 'da42c4119e04eae5a4c65196ba48681e') in 0.010324688 seconds
Number of updated asset objects reloaded before import = 0Number of asset objects unloaded after import = 7

========================================================================
Received Import Request.
  Time since last request: 0.000010 seconds.
  path: Assets/JC_LP_MegaCity/Models/Food/SM_Food_Bottle_09.fbx
  artifactKey: Guid(95f6aa0b007279a4797c133aaecbe573) Importer(2089858483,b0f066a214c2f5e87bad3c948f4d605d)
Start importing Assets/JC_LP_MegaCity/Models/Food/SM_Food_Bottle_09.fbx using Guid(95f6aa0b007279a4797c133aaecbe573) Importer(2089858483,b0f066a214c2f5e87bad3c948f4d605d) (ScriptedImporter) -> (artifact id: 'a4c72f187bf502fb0f5de25741a0d5ed') in 0.004597247 seconds
Number of updated asset objects reloaded before import = 0Number of asset objects unloaded after import = 7

========================================================================
Received Import Request.
  Time since last request: 0.000009 seconds.
  path: Assets/JC_LP_MegaCity/Prefabs/BuildingsDecor/SM_BuildingsDecor_07.prefab
  artifactKey: Guid(c4ad8bb2a64761a49bbc9b2896ebb71a) Importer(2089858483,b0f066a214c2f5e87bad3c948f4d605d)
Start importing Assets/JC_LP_MegaCity/Prefabs/BuildingsDecor/SM_BuildingsDecor_07.prefab using Guid(c4ad8bb2a64761a49bbc9b2896ebb71a) Importer(2089858483,b0f066a214c2f5e87bad3c948f4d605d) (ScriptedImporter) -> (artifact id: '3abde551f1fdd020795931880da3b5fe') in 0.005047664 seconds
Number of updated asset objects reloaded before import = 0Number of asset objects unloaded after import = 9

========================================================================
Received Import Request.
  Time since last request: 0.000008 seconds.
  path: Assets/JC_LP_MegaCity/Prefabs/Food/SM_Food_Pizza_03.prefab
  artifactKey: Guid(92a99af216486dc49895bc29c62f14d8) Importer(2089858483,b0f066a214c2f5e87bad3c948f4d605d)
Start importing Assets/JC_LP_MegaCity/Prefabs/Food/SM_Food_Pizza_03.prefab using Guid(92a99af216486dc49895bc29c62f14d8) Importer(2089858483,b0f066a214c2f5e87bad3c948f4d605d) (ScriptedImporter) -> (artifact id: '1fb7ffd12f9c2da5db7765401cc92075') in 0.004385568 seconds
Number of updated asset objects reloaded before import = 0Number of asset objects unloaded after import = 9

========================================================================
Received Import Request.
  Time since last request: 0.000009 seconds.
  path: Assets/JC_LP_MegaCity/Models/FloorProps/SM_FloorProps_RoadSign_44.fbx
  artifactKey: Guid(5f056d6ab09a9ac40a3f717dd0fe5e8e) Importer(2089858483,b0f066a214c2f5e87bad3c948f4d605d)
Start importing Assets/JC_LP_MegaCity/Models/FloorProps/SM_FloorProps_RoadSign_44.fbx using Guid(5f056d6ab09a9ac40a3f717dd0fe5e8e) Importer(2089858483,b0f066a214c2f5e87bad3c948f4d605d) (ScriptedImporter) -> (artifact id: 'e3baa6099f9cc61a9595211a616381d8') in 0.004683906 seconds
Number of updated asset objects reloaded before import = 0Number of asset objects unloaded after import = 7

========================================================================
Received Import Request.
  Time since last request: 0.000016 seconds.
  path: Assets/JC_LP_MegaCity/Models/IndustrialProps/SM_IndustrialProps_Fence_03R.fbx
  artifactKey: Guid(61a2c18f3af59aa4d9c485221c3563f3) Importer(2089858483,b0f066a214c2f5e87bad3c948f4d605d)
Start importing Assets/JC_LP_MegaCity/Models/IndustrialProps/SM_IndustrialProps_Fence_03R.fbx using Guid(61a2c18f3af59aa4d9c485221c3563f3) Importer(2089858483,b0f066a214c2f5e87bad3c948f4d605d) (ScriptedImporter) -> (artifact id: 'a1f2f00a7e972ef198965271a39d4f00') in 0.005706591 seconds
Number of updated asset objects reloaded before import = 0Number of asset objects unloaded after import = 7

========================================================================
Received Import Request.
  Time since last request: 0.000016 seconds.
  path: Assets/JC_LP_MegaCity/Models/Floor/SM_Floor_Tile_01.fbx
  artifactKey: Guid(35c1cd66250e46f49aedb77c3c6b942d) Importer(2089858483,b0f066a214c2f5e87bad3c948f4d605d)
Start importing Assets/JC_LP_MegaCity/Models/Floor/SM_Floor_Tile_01.fbx using Guid(35c1cd66250e46f49aedb77c3c6b942d) Importer(2089858483,b0f066a214c2f5e87bad3c948f4d605d) (ScriptedImporter) -> (artifact id: '4d953e6d8e13caad171bd653a19cee4f') in 0.006413758 seconds
Number of updated asset objects reloaded before import = 0Number of asset objects unloaded after import = 7

========================================================================
Received Import Request.
  Time since last request: 0.000008 seconds.
  path: Assets/JC_LP_MegaCity/Prefabs/Props/SM_Props_SurfBoard_01.prefab
  artifactKey: Guid(2ae2696221f279441a10af99dc36032f) Importer(2089858483,b0f066a214c2f5e87bad3c948f4d605d)
Start importing Assets/JC_LP_MegaCity/Prefabs/Props/SM_Props_SurfBoard_01.prefab using Guid(2ae2696221f279441a10af99dc36032f) Importer(2089858483,b0f066a214c2f5e87bad3c948f4d605d) (ScriptedImporter) -> (artifact id: 'cae9f3612a59b950c18380f511cfccfe') in 0.004301519 seconds
Number of updated asset objects reloaded before import = 0Number of asset objects unloaded after import = 9

========================================================================
Received Import Request.
  Time since last request: 0.000008 seconds.
  path: Assets/JC_LP_MegaCity/Models/IndustrialProps/SM_IndustrialProps_Barrel_04.fbx
  artifactKey: Guid(73ca5fef1ef101e4eb3485444e41eac8) Importer(2089858483,b0f066a214c2f5e87bad3c948f4d605d)
Start importing Assets/JC_LP_MegaCity/Models/IndustrialProps/SM_IndustrialProps_Barrel_04.fbx using Guid(73ca5fef1ef101e4eb3485444e41eac8) Importer(2089858483,b0f066a214c2f5e87bad3c948f4d605d) (ScriptedImporter) -> (artifact id: '997b0870953a797080b487889b808d1f') in 0.005541262 seconds
Number of updated asset objects reloaded before import = 0Number of asset objects unloaded after import = 7

========================================================================
Received Import Request.
  Time since last request: 0.000008 seconds.
  path: Assets/JC_LP_MegaCity/Models/Buildings/SM_Buildings_House_14_V2.fbx
  artifactKey: Guid(8262abe6ea0a27c4e80099a08dc86c1f) Importer(2089858483,b0f066a214c2f5e87bad3c948f4d605d)
Start importing Assets/JC_LP_MegaCity/Models/Buildings/SM_Buildings_House_14_V2.fbx using Guid(8262abe6ea0a27c4e80099a08dc86c1f) Importer(2089858483,b0f066a214c2f5e87bad3c948f4d605d) (ScriptedImporter) -> (artifact id: '31d8b5e58b9f65f167dd36cd65139715') in 0.005501212 seconds
Number of updated asset objects reloaded before import = 0Number of asset objects unloaded after import = 7

========================================================================
Received Import Request.
  Time since last request: 0.000009 seconds.
  path: Assets/JC_LP_MegaCity/Models/Food/SM_Food_Soda_02.fbx
  artifactKey: Guid(583bea237b4a5534dbf984b21a64a02f) Importer(2089858483,b0f066a214c2f5e87bad3c948f4d605d)
Start importing Assets/JC_LP_MegaCity/Models/Food/SM_Food_Soda_02.fbx using Guid(583bea237b4a5534dbf984b21a64a02f) Importer(2089858483,b0f066a214c2f5e87bad3c948f4d605d) (ScriptedImporter) -> (artifact id: '64d7e6e41458372161400894f7007d4a') in 0.004506547 seconds
Number of updated asset objects reloaded before import = 0Number of asset objects unloaded after import = 7

========================================================================
Received Import Request.
  Time since last request: 0.000007 seconds.
  path: Assets/JC_LP_MegaCity/Models/Buildings/SM_Buildings_Skyscraper_05_Door_L.fbx
  artifactKey: Guid(185fd1c386a2d174d93661e0cb095a36) Importer(2089858483,b0f066a214c2f5e87bad3c948f4d605d)
Start importing Assets/JC_LP_MegaCity/Models/Buildings/SM_Buildings_Skyscraper_05_Door_L.fbx using Guid(185fd1c386a2d174d93661e0cb095a36) Importer(2089858483,b0f066a214c2f5e87bad3c948f4d605d) (ScriptedImporter) -> (artifact id: '537457307311093f582839dd96c00420') in 0.005549442 seconds
Number of updated asset objects reloaded before import = 0Number of asset objects unloaded after import = 7

========================================================================
Received Import Request.
  Time since last request: 0.000007 seconds.
  path: Assets/JC_LP_MegaCity/Models/BuildingsDecor/SM_BuildingDecor_65.fbx
  artifactKey: Guid(dcdeeacd67c319a46a051e9cb08009e4) Importer(2089858483,b0f066a214c2f5e87bad3c948f4d605d)
Start importing Assets/JC_LP_MegaCity/Models/BuildingsDecor/SM_BuildingDecor_65.fbx using Guid(dcdeeacd67c319a46a051e9cb08009e4) Importer(2089858483,b0f066a214c2f5e87bad3c948f4d605d) (ScriptedImporter) -> (artifact id: 'f16082489d2b7bc38d6f6e7da9020179') in 0.005213054 seconds
Number of updated asset objects reloaded before import = 0Number of asset objects unloaded after import = 7

========================================================================
Received Import Request.
  Time since last request: 0.000007 seconds.
  path: Assets/JC_LP_MegaCity/Models/FloorProps/SM_FloorProps_RoadSign_15.fbx
  artifactKey: Guid(6d50c8b211a93b949bf9661158a0df0c) Importer(2089858483,b0f066a214c2f5e87bad3c948f4d605d)
Start importing Assets/JC_LP_MegaCity/Models/FloorProps/SM_FloorProps_RoadSign_15.fbx using Guid(6d50c8b211a93b949bf9661158a0df0c) Importer(2089858483,b0f066a214c2f5e87bad3c948f4d605d) (ScriptedImporter) -> (artifact id: '1c95ea361185eec487cf54fb46f1ddcd') in 0.004636757 seconds
Number of updated asset objects reloaded before import = 0Number of asset objects unloaded after import = 7

========================================================================
Received Import Request.
  Time since last request: 0.000013 seconds.
  path: Assets/JC_LP_MegaCity/Models/Buildings/SM_Buildings_Warehouse_01_Gate.fbx
  artifactKey: Guid(bfbc4618b14d82746a580f742b7f142d) Importer(2089858483,b0f066a214c2f5e87bad3c948f4d605d)
Start importing Assets/JC_LP_MegaCity/Models/Buildings/SM_Buildings_Warehouse_01_Gate.fbx using Guid(bfbc4618b14d82746a580f742b7f142d) Importer(2089858483,b0f066a214c2f5e87bad3c948f4d605d) (ScriptedImporter) -> (artifact id: '12ee02c0ba4b386cbab66ed67b80a239') in 0.004397568 seconds
Number of updated asset objects reloaded before import = 0Number of asset objects unloaded after import = 7

========================================================================
Received Import Request.
  Time since last request: 0.000007 seconds.
  path: Assets/JC_LP_MegaCity/Prefabs/FloorProps/SM_FloorProps_RoadSign_37.prefab
  artifactKey: Guid(6e245ee63a642fa4596487ac4628b9f6) Importer(2089858483,b0f066a214c2f5e87bad3c948f4d605d)
Start importing Assets/JC_LP_MegaCity/Prefabs/FloorProps/SM_FloorProps_RoadSign_37.prefab using Guid(6e245ee63a642fa4596487ac4628b9f6) Importer(2089858483,b0f066a214c2f5e87bad3c948f4d605d) (ScriptedImporter) -> (artifact id: 'e773e709e31c2061d9c5a3f5c0764187') in 0.004413328 seconds
Number of updated asset objects reloaded before import = 0Number of asset objects unloaded after import = 9

========================================================================
Received Import Request.
  Time since last request: 0.000010 seconds.
  path: Assets/JC_LP_MegaCity/Prefabs/FloorProps/SM_FloorProps_RoadSign_19.prefab
  artifactKey: Guid(96ba7cb5c25fd6c4b9341e9cd5a03e08) Importer(2089858483,b0f066a214c2f5e87bad3c948f4d605d)
Start importing Assets/JC_LP_MegaCity/Prefabs/FloorProps/SM_FloorProps_RoadSign_19.prefab using Guid(96ba7cb5c25fd6c4b9341e9cd5a03e08) Importer(2089858483,b0f066a214c2f5e87bad3c948f4d605d) (ScriptedImporter) -> (artifact id: '78e10a2e9ae06f44c693ef7d84fae7ec') in 0.00409594 seconds
Number of updated asset objects reloaded before import = 0Number of asset objects unloaded after import = 9

========================================================================
Received Import Request.
  Time since last request: 0.000014 seconds.
  path: Assets/JC_LP_MegaCity/Models/BuildingsDecor/SM_BuildingsDecor_36.fbx
  artifactKey: Guid(17e1b8bd21ee5ad49b56faf70e066ec7) Importer(2089858483,b0f066a214c2f5e87bad3c948f4d605d)
Start importing Assets/JC_LP_MegaCity/Models/BuildingsDecor/SM_BuildingsDecor_36.fbx using Guid(17e1b8bd21ee5ad49b56faf70e066ec7) Importer(2089858483,b0f066a214c2f5e87bad3c948f4d605d) (ScriptedImporter) -> (artifact id: 'bdb01975426b83291c041bfc6daab40a') in 0.004830236 seconds
Number of updated asset objects reloaded before import = 0Number of asset objects unloaded after import = 7

========================================================================
Received Import Request.
  Time since last request: 0.000008 seconds.
  path: Assets/JC_LP_MegaCity/Prefabs/Buildings/SM_Buildings_Commercial_11.prefab
  artifactKey: Guid(89dd62ee7f2bf0043871b09f0ebf2494) Importer(2089858483,b0f066a214c2f5e87bad3c948f4d605d)
Start importing Assets/JC_LP_MegaCity/Prefabs/Buildings/SM_Buildings_Commercial_11.prefab using Guid(89dd62ee7f2bf0043871b09f0ebf2494) Importer(2089858483,b0f066a214c2f5e87bad3c948f4d605d) (ScriptedImporter) -> (artifact id: '0867ba46103f047a94d020b468517980') in 0.005865271 seconds
Number of updated asset objects reloaded before import = 0Number of asset objects unloaded after import = 23

========================================================================
Received Import Request.
  Time since last request: 0.000007 seconds.
  path: Assets/JC_LP_MegaCity/Prefabs/Food/SM_Food_Orange_01.prefab
  artifactKey: Guid(63ac83ed48472aa408ed8cad488cbe5f) Importer(2089858483,b0f066a214c2f5e87bad3c948f4d605d)
Start importing Assets/JC_LP_MegaCity/Prefabs/Food/SM_Food_Orange_01.prefab using Guid(63ac83ed48472aa408ed8cad488cbe5f) Importer(2089858483,b0f066a214c2f5e87bad3c948f4d605d) (ScriptedImporter) -> (artifact id: 'd5a6a69af98dbd011cd8601353654768') in 0.003441673 seconds
Number of updated asset objects reloaded before import = 0Number of asset objects unloaded after import = 9

========================================================================
Received Import Request.
  Time since last request: 0.000008 seconds.
  path: Assets/JC_LP_MegaCity/Models/IndustrialProps/SM_IndustrialProps_Truck_02.fbx
  artifactKey: Guid(0c3198e6901ad1345a632fe4506a9085) Importer(2089858483,b0f066a214c2f5e87bad3c948f4d605d)
Start importing Assets/JC_LP_MegaCity/Models/IndustrialProps/SM_IndustrialProps_Truck_02.fbx using Guid(0c3198e6901ad1345a632fe4506a9085) Importer(2089858483,b0f066a214c2f5e87bad3c948f4d605d) (ScriptedImporter) -> (artifact id: '886d968a60bd7d2a319346972750f9bc') in 0.00587897 seconds
Number of updated asset objects reloaded before import = 0Number of asset objects unloaded after import = 7

========================================================================
Received Import Request.
  Time since last request: 0.000008 seconds.
  path: Assets/JC_LP_MegaCity/Models/Buildings/SM_Buildings_Supermarket_02_Door_L.fbx
  artifactKey: Guid(5acea309295f3854c9c80865c85fb848) Importer(2089858483,b0f066a214c2f5e87bad3c948f4d605d)
Start importing Assets/JC_LP_MegaCity/Models/Buildings/SM_Buildings_Supermarket_02_Door_L.fbx using Guid(5acea309295f3854c9c80865c85fb848) Importer(2089858483,b0f066a214c2f5e87bad3c948f4d605d) (ScriptedImporter) -> (artifact id: '324da4f9a6e94d967b0bcb74ca06306e') in 0.005679621 seconds
Number of updated asset objects reloaded before import = 0Number of asset objects unloaded after import = 7

========================================================================
Received Import Request.
  Time since last request: 0.000007 seconds.
  path: Assets/JC_LP_MegaCity/Models/Food/SM_Food_Pizza_01.fbx
  artifactKey: Guid(11b4f0207fa9b9a40abc9d147ca7ad69) Importer(2089858483,b0f066a214c2f5e87bad3c948f4d605d)
Start importing Assets/JC_LP_MegaCity/Models/Food/SM_Food_Pizza_01.fbx using Guid(11b4f0207fa9b9a40abc9d147ca7ad69) Importer(2089858483,b0f066a214c2f5e87bad3c948f4d605d) (ScriptedImporter) -> (artifact id: 'dd0dc6fe5b5ed6126763380d4312a6ff') in 0.006763377 seconds
Number of updated asset objects reloaded before import = 0Number of asset objects unloaded after import = 7

========================================================================
Received Import Request.
  Time since last request: 0.000009 seconds.
  path: Assets/JC_LP_MegaCity/Scenes/Settings/URP_JC_LP_MegaCity.asset
  artifactKey: Guid(8e4d77a4bdea1384b9907165e21b5087) Importer(2089858483,b0f066a214c2f5e87bad3c948f4d605d)
Start importing Assets/JC_LP_MegaCity/Scenes/Settings/URP_JC_LP_MegaCity.asset using Guid(8e4d77a4bdea1384b9907165e21b5087) Importer(2089858483,b0f066a214c2f5e87bad3c948f4d605d) (ScriptedImporter) -> (artifact id: '79d7eba6639fcdd6dd135663d40bac2c') in 0.037134304 seconds
Number of updated asset objects reloaded before import = 0Number of asset objects unloaded after import = 2

========================================================================
Received Import Request.
  Time since last request: 0.000010 seconds.
  path: Assets/JC_LP_MegaCity/Prefabs/Vehicles/SM_Vehicles_13_V2.prefab
  artifactKey: Guid(61eace261b43ad847a3a62c9d80fed4a) Importer(2089858483,b0f066a214c2f5e87bad3c948f4d605d)
Start importing Assets/JC_LP_MegaCity/Prefabs/Vehicles/SM_Vehicles_13_V2.prefab using Guid(61eace261b43ad847a3a62c9d80fed4a) Importer(2089858483,b0f066a214c2f5e87bad3c948f4d605d) (ScriptedImporter) -> (artifact id: 'b1c9ea8703a90761b9cccf364b078de0') in 0.002361138 seconds
Number of updated asset objects reloaded before import = 0Number of asset objects unloaded after import = 34

========================================================================
Received Import Request.
  Time since last request: 0.000007 seconds.
  path: Assets/JC_LP_MegaCity/Models/BuildingsDecor/SM_BuildingsDecor_03.fbx
  artifactKey: Guid(cdaa57a0945c5e6409e4dcd1126565c7) Importer(2089858483,b0f066a214c2f5e87bad3c948f4d605d)
Start importing Assets/JC_LP_MegaCity/Models/BuildingsDecor/SM_BuildingsDecor_03.fbx using Guid(cdaa57a0945c5e6409e4dcd1126565c7) Importer(2089858483,b0f066a214c2f5e87bad3c948f4d605d) (ScriptedImporter) -> (artifact id: '9b876d3d25d596b9de74fb7c1b608ca0') in 0.004227709 seconds
Number of updated asset objects reloaded before import = 0Number of asset objects unloaded after import = 7

========================================================================
Received Import Request.
  Time since last request: 0.000015 seconds.
  path: Assets/JC_LP_MegaCity/Models/Floor/SM_Floor_Road_14_S.fbx
  artifactKey: Guid(05bdf35433463a94c982d86bbf0bde9f) Importer(2089858483,b0f066a214c2f5e87bad3c948f4d605d)
Start importing Assets/JC_LP_MegaCity/Models/Floor/SM_Floor_Road_14_S.fbx using Guid(05bdf35433463a94c982d86bbf0bde9f) Importer(2089858483,b0f066a214c2f5e87bad3c948f4d605d) (ScriptedImporter) -> (artifact id: '1cf4d345e30ca3bda2fe9c802a7005ba') in 0.005061045 seconds
Number of updated asset objects reloaded before import = 0Number of asset objects unloaded after import = 7

========================================================================
Received Import Request.
  Time since last request: 1.190375 seconds.
  path: Assets/JC_LP_MegaCity/Models/Props/SM_Props_ArcadeMachine_01.fbx
  artifactKey: Guid(0cce6c4c9e79d2145aec9e3af6f3a8d1) Importer(2089858483,b0f066a214c2f5e87bad3c948f4d605d)
Start importing Assets/JC_LP_MegaCity/Models/Props/SM_Props_ArcadeMachine_01.fbx using Guid(0cce6c4c9e79d2145aec9e3af6f3a8d1) Importer(2089858483,b0f066a214c2f5e87bad3c948f4d605d) (ScriptedImporter) -> (artifact id: '880d8dffb99a5f4f3788fe3babd7085e') in 0.009126174 seconds
Number of updated asset objects reloaded before import = 0Number of asset objects unloaded after import = 7

========================================================================
Received Import Request.
  Time since last request: 0.000011 seconds.
  path: Assets/JC_LP_MegaCity/Prefabs/Nature/SM_Nature_Tree_01.prefab
  artifactKey: Guid(67fb8d078aea921459212dbe22580055) Importer(2089858483,b0f066a214c2f5e87bad3c948f4d605d)
Start importing Assets/JC_LP_MegaCity/Prefabs/Nature/SM_Nature_Tree_01.prefab using Guid(67fb8d078aea921459212dbe22580055) Importer(2089858483,b0f066a214c2f5e87bad3c948f4d605d) (ScriptedImporter) -> (artifact id: '986ad8fa015b424fb3c982d3382887d3') in 0.002619587 seconds
Number of updated asset objects reloaded before import = 0Number of asset objects unloaded after import = 17

========================================================================
Received Import Request.
  Time since last request: 0.000014 seconds.
  path: Assets/JC_LP_MegaCity/Models/Props/SM_Props_Bank_02.fbx
  artifactKey: Guid(98f54663fa6acb1418c07d87e0daab7c) Importer(2089858483,b0f066a214c2f5e87bad3c948f4d605d)
Start importing Assets/JC_LP_MegaCity/Models/Props/SM_Props_Bank_02.fbx using Guid(98f54663fa6acb1418c07d87e0daab7c) Importer(2089858483,b0f066a214c2f5e87bad3c948f4d605d) (ScriptedImporter) -> (artifact id: 'd0b290f0eabac63aa361cf7904f07950') in 0.00602494 seconds
Number of updated asset objects reloaded before import = 0Number of asset objects unloaded after import = 7

========================================================================
Received Import Request.
  Time since last request: 0.000008 seconds.
  path: Assets/JC_LP_MegaCity/Models/Buildings/SM_Buildings_Commercial_20_Door_L.fbx
  artifactKey: Guid(8e8c5add9db74ea4988f00158fc926f6) Importer(2089858483,b0f066a214c2f5e87bad3c948f4d605d)
Start importing Assets/JC_LP_MegaCity/Models/Buildings/SM_Buildings_Commercial_20_Door_L.fbx using Guid(8e8c5add9db74ea4988f00158fc926f6) Importer(2089858483,b0f066a214c2f5e87bad3c948f4d605d) (ScriptedImporter) -> (artifact id: '66abdc0196c9a3086c0bde350e3bdbef') in 0.004796546 seconds
Number of updated asset objects reloaded before import = 0Number of asset objects unloaded after import = 7

========================================================================
Received Import Request.
  Time since last request: 0.000007 seconds.
  path: Assets/JC_LP_MegaCity/Prefabs/Props/SM_Props_Market_01.prefab
  artifactKey: Guid(b3fed738a63493343a60e61b74ff86d0) Importer(2089858483,b0f066a214c2f5e87bad3c948f4d605d)
Start importing Assets/JC_LP_MegaCity/Prefabs/Props/SM_Props_Market_01.prefab using Guid(b3fed738a63493343a60e61b74ff86d0) Importer(2089858483,b0f066a214c2f5e87bad3c948f4d605d) (ScriptedImporter) -> (artifact id: '638205280c387950a96b953aa49c683f') in 0.006893636 seconds
Number of updated asset objects reloaded before import = 0Number of asset objects unloaded after import = 10

========================================================================
Received Import Request.
  Time since last request: 0.000008 seconds.
  path: Assets/JC_LP_MegaCity/Prefabs/Buildings/SM_Buildings_Port_03.prefab
  artifactKey: Guid(c3684f7201fa14944b4405e0cbbfd8c3) Importer(2089858483,b0f066a214c2f5e87bad3c948f4d605d)
Start importing Assets/JC_LP_MegaCity/Prefabs/Buildings/SM_Buildings_Port_03.prefab using Guid(c3684f7201fa14944b4405e0cbbfd8c3) Importer(2089858483,b0f066a214c2f5e87bad3c948f4d605d) (ScriptedImporter) -> (artifact id: 'a053eba4ffcf218c697095d8ff07fff6') in 0.004181689 seconds
Number of updated asset objects reloaded before import = 0Number of asset objects unloaded after import = 9

========================================================================
Received Import Request.
  Time since last request: 0.000010 seconds.
  path: Assets/JC_LP_MegaCity/Prefabs/BuildingsDecor/SM_BuildingsDecor_62.prefab
  artifactKey: Guid(ba34d3a18f26ea043baf12ebe0083c56) Importer(2089858483,b0f066a214c2f5e87bad3c948f4d605d)
Start importing Assets/JC_LP_MegaCity/Prefabs/BuildingsDecor/SM_BuildingsDecor_62.prefab using Guid(ba34d3a18f26ea043baf12ebe0083c56) Importer(2089858483,b0f066a214c2f5e87bad3c948f4d605d) (ScriptedImporter) -> (artifact id: '081d8c0d39f966c73b85265d186edead') in 0.003771531 seconds
Number of updated asset objects reloaded before import = 0Number of asset objects unloaded after import = 10

========================================================================
Received Import Request.
  Time since last request: 0.000009 seconds.
  path: Assets/JC_LP_MegaCity/Models/Props/SM_Props_Plant_02.fbx
  artifactKey: Guid(0b486a554f6e2494eb7377e35c1d7982) Importer(2089858483,b0f066a214c2f5e87bad3c948f4d605d)
Start importing Assets/JC_LP_MegaCity/Models/Props/SM_Props_Plant_02.fbx using Guid(0b486a554f6e2494eb7377e35c1d7982) Importer(2089858483,b0f066a214c2f5e87bad3c948f4d605d) (ScriptedImporter) -> (artifact id: '450f5a0d1ecba478fa5131096ca355dd') in 0.005449223 seconds
Number of updated asset objects reloaded before import = 0Number of asset objects unloaded after import = 7

========================================================================
Received Import Request.
  Time since last request: 0.000008 seconds.
  path: Assets/JC_LP_MegaCity/Prefabs/Vehicles/SM_Vehicles_12_V1.prefab
  artifactKey: Guid(e0f4cb0bf1f194544ae5ba5a06ce3e3d) Importer(2089858483,b0f066a214c2f5e87bad3c948f4d605d)
Start importing Assets/JC_LP_MegaCity/Prefabs/Vehicles/SM_Vehicles_12_V1.prefab using Guid(e0f4cb0bf1f194544ae5ba5a06ce3e3d) Importer(2089858483,b0f066a214c2f5e87bad3c948f4d605d) (ScriptedImporter) -> (artifact id: '0d06a364fbe2ea7edfb1c5ba36e0734e') in 0.002622147 seconds
Number of updated asset objects reloaded before import = 0Number of asset objects unloaded after import = 34

========================================================================
Received Import Request.
  Time since last request: 0.000008 seconds.
  path: Assets/JC_LP_MegaCity/Materials/M_MegaCity_Light_Building_05.mat
  artifactKey: Guid(ddbda3e97e15be840ae1be4b5d83e72f) Importer(2089858483,b0f066a214c2f5e87bad3c948f4d605d)
Start importing Assets/JC_LP_MegaCity/Materials/M_MegaCity_Light_Building_05.mat using Guid(ddbda3e97e15be840ae1be4b5d83e72f) Importer(2089858483,b0f066a214c2f5e87bad3c948f4d605d) (ScriptedImporter) -> (artifact id: 'fe2938a67124caed7c402d838f855413') in 0.003073474 seconds
Number of updated asset objects reloaded before import = 0Number of asset objects unloaded after import = 1

========================================================================
Received Import Request.
  Time since last request: 0.000008 seconds.
  path: Assets/JC_LP_MegaCity/Prefabs/Props/SM_Props_Cafe_11.prefab
  artifactKey: Guid(d8c69898422ffac40a11fa70da22a8bd) Importer(2089858483,b0f066a214c2f5e87bad3c948f4d605d)
Start importing Assets/JC_LP_MegaCity/Prefabs/Props/SM_Props_Cafe_11.prefab using Guid(d8c69898422ffac40a11fa70da22a8bd) Importer(2089858483,b0f066a214c2f5e87bad3c948f4d605d) (ScriptedImporter) -> (artifact id: '7a7683adfb7bdeb55f4cd37fe4df5e1c') in 0.003629691 seconds
Number of updated asset objects reloaded before import = 0Number of asset objects unloaded after import = 9

========================================================================
Received Import Request.
  Time since last request: 0.000009 seconds.
  path: Assets/JC_LP_MegaCity/Prefabs/Food/SM_Food_FoodBox_05.prefab
  artifactKey: Guid(651643fdfdedf3e49bd7905b6a72b2f3) Importer(2089858483,b0f066a214c2f5e87bad3c948f4d605d)
Start importing Assets/JC_LP_MegaCity/Prefabs/Food/SM_Food_FoodBox_05.prefab using Guid(651643fdfdedf3e49bd7905b6a72b2f3) Importer(2089858483,b0f066a214c2f5e87bad3c948f4d605d) (ScriptedImporter) -> (artifact id: '79c4fbabea1c76534081e97e22284146') in 0.003884431 seconds
Number of updated asset objects reloaded before import = 0Number of asset objects unloaded after import = 9

========================================================================
Received Import Request.
  Time since last request: 0.000014 seconds.
  path: Assets/JC_LP_MegaCity/Prefabs/Food/SM_Food_Pie_05.prefab
  artifactKey: Guid(7f21b8836165dc049985612692061133) Importer(2089858483,b0f066a214c2f5e87bad3c948f4d605d)
Start importing Assets/JC_LP_MegaCity/Prefabs/Food/SM_Food_Pie_05.prefab using Guid(7f21b8836165dc049985612692061133) Importer(2089858483,b0f066a214c2f5e87bad3c948f4d605d) (ScriptedImporter) -> (artifact id: '9c8e5f1713463d45fd2ef9bb3fe38015') in 0.003634992 seconds
Number of updated asset objects reloaded before import = 0Number of asset objects unloaded after import = 9

========================================================================
Received Import Request.
  Time since last request: 0.000016 seconds.
  path: Assets/JC_LP_MegaCity/Prefabs/Props/SM_Props_Pool_01.prefab
  artifactKey: Guid(1378539c11de87d4e8cfc8882ad396d2) Importer(2089858483,b0f066a214c2f5e87bad3c948f4d605d)
Start importing Assets/JC_LP_MegaCity/Prefabs/Props/SM_Props_Pool_01.prefab using Guid(1378539c11de87d4e8cfc8882ad396d2) Importer(2089858483,b0f066a214c2f5e87bad3c948f4d605d) (ScriptedImporter) -> (artifact id: '131b8234e427abda90ec6bfd66d5167d') in 0.005097094 seconds
Number of updated asset objects reloaded before import = 0Number of asset objects unloaded after import = 9

========================================================================
Received Import Request.
  Time since last request: 0.000008 seconds.
  path: Assets/JC_LP_MegaCity/Models/FloorProps/SM_FloorProps_RoadSign_05.fbx
  artifactKey: Guid(67739f9477c9d134ebd4f56e2b153841) Importer(2089858483,b0f066a214c2f5e87bad3c948f4d605d)
Start importing Assets/JC_LP_MegaCity/Models/FloorProps/SM_FloorProps_RoadSign_05.fbx using Guid(67739f9477c9d134ebd4f56e2b153841) Importer(2089858483,b0f066a214c2f5e87bad3c948f4d605d) (ScriptedImporter) -> (artifact id: '29d3f74371b11eef7bf532bf5e9276b4') in 0.005415323 seconds
Number of updated asset objects reloaded before import = 0Number of asset objects unloaded after import = 7

========================================================================
Received Import Request.
  Time since last request: 0.000008 seconds.
  path: Assets/JC_LP_MegaCity/Models/Nature/SM_Nature_Tree_12.fbx
  artifactKey: Guid(84979dfcd1b659f40a3af2718f6a928e) Importer(2089858483,b0f066a214c2f5e87bad3c948f4d605d)
Start importing Assets/JC_LP_MegaCity/Models/Nature/SM_Nature_Tree_12.fbx using Guid(84979dfcd1b659f40a3af2718f6a928e) Importer(2089858483,b0f066a214c2f5e87bad3c948f4d605d) (ScriptedImporter) -> (artifact id: 'dcf85e8420e793da65b366c1dd484b64') in 0.005647512 seconds
Number of updated asset objects reloaded before import = 0Number of asset objects unloaded after import = 15

========================================================================
Received Import Request.
  Time since last request: 0.000013 seconds.
  path: Assets/JC_LP_MegaCity/Prefabs/Props/SM_Props_Box_02.prefab
  artifactKey: Guid(24e53a0412cb3624db744d5f385e706d) Importer(2089858483,b0f066a214c2f5e87bad3c948f4d605d)
Start importing Assets/JC_LP_MegaCity/Prefabs/Props/SM_Props_Box_02.prefab using Guid(24e53a0412cb3624db744d5f385e706d) Importer(2089858483,b0f066a214c2f5e87bad3c948f4d605d) (ScriptedImporter) -> (artifact id: '442f8202173d0838bc55310141675233') in 0.00409653 seconds
Number of updated asset objects reloaded before import = 0Number of asset objects unloaded after import = 9

========================================================================
Received Import Request.
  Time since last request: 0.000009 seconds.
  path: Assets/JC_LP_MegaCity/Models/Buildings/SM_Buildings_Commercial_12_Door_L.fbx
  artifactKey: Guid(2a12962f47b0d07489900128f081ef04) Importer(2089858483,b0f066a214c2f5e87bad3c948f4d605d)
Start importing Assets/JC_LP_MegaCity/Models/Buildings/SM_Buildings_Commercial_12_Door_L.fbx using Guid(2a12962f47b0d07489900128f081ef04) Importer(2089858483,b0f066a214c2f5e87bad3c948f4d605d) (ScriptedImporter) -> (artifact id: '2ea247a484822465f4af23ca237d893a') in 0.004593927 seconds
Number of updated asset objects reloaded before import = 0Number of asset objects unloaded after import = 7

========================================================================
Received Import Request.
  Time since last request: 0.000011 seconds.
  path: Assets/JC_LP_MegaCity/Models/Buildings/SM_Buildings_House_10_V2.fbx
  artifactKey: Guid(a0e6d5df75a190a43aec364fb1ccfe77) Importer(2089858483,b0f066a214c2f5e87bad3c948f4d605d)
Start importing Assets/JC_LP_MegaCity/Models/Buildings/SM_Buildings_House_10_V2.fbx using Guid(a0e6d5df75a190a43aec364fb1ccfe77) Importer(2089858483,b0f066a214c2f5e87bad3c948f4d605d) (ScriptedImporter) -> (artifact id: '6e47c2348b6fb4cb2687a8326305fdc6') in 0.007516402 seconds
Number of updated asset objects reloaded before import = 0Number of asset objects unloaded after import = 7

========================================================================
Received Import Request.
  Time since last request: 0.000009 seconds.
  path: Assets/JC_LP_MegaCity/Prefabs/Food/SM_Food_FoodBox_13.prefab
  artifactKey: Guid(371ee07c69b106d47a001bd1fc25e6be) Importer(2089858483,b0f066a214c2f5e87bad3c948f4d605d)
Start importing Assets/JC_LP_MegaCity/Prefabs/Food/SM_Food_FoodBox_13.prefab using Guid(371ee07c69b106d47a001bd1fc25e6be) Importer(2089858483,b0f066a214c2f5e87bad3c948f4d605d) (ScriptedImporter) -> (artifact id: 'a64fd70c7f9336553aef1f8c90c95b69') in 0.00400233 seconds
Number of updated asset objects reloaded before import = 0Number of asset objects unloaded after import = 9

========================================================================
Received Import Request.
  Time since last request: 0.000008 seconds.
  path: Assets/JC_LP_MegaCity/Textures/T_MegaCity_Water_Normal.png
  artifactKey: Guid(6399cc6bbe298fc478e7bc894295efb6) Importer(2089858483,b0f066a214c2f5e87bad3c948f4d605d)
Start importing Assets/JC_LP_MegaCity/Textures/T_MegaCity_Water_Normal.png using Guid(6399cc6bbe298fc478e7bc894295efb6) Importer(2089858483,b0f066a214c2f5e87bad3c948f4d605d) (ScriptedImporter) -> (artifact id: 'e241a2283f909782a946efbb2b0ebc9f') in 0.004534787 seconds
Number of updated asset objects reloaded before import = 0Number of asset objects unloaded after import = 1

========================================================================
Received Import Request.
  Time since last request: 0.000010 seconds.
  path: Assets/JC_LP_MegaCity/Models/Buildings/SM_Buildings_House_08_V2.fbx
  artifactKey: Guid(d2f86771778a84c4a86ca31ed75a7776) Importer(2089858483,b0f066a214c2f5e87bad3c948f4d605d)
Start importing Assets/JC_LP_MegaCity/Models/Buildings/SM_Buildings_House_08_V2.fbx using Guid(d2f86771778a84c4a86ca31ed75a7776) Importer(2089858483,b0f066a214c2f5e87bad3c948f4d605d) (ScriptedImporter) -> (artifact id: 'c8479ce9b09e7cb753b94bab0d333dcf') in 0.005223884 seconds
Number of updated asset objects reloaded before import = 0Number of asset objects unloaded after import = 7

========================================================================
Received Import Request.
  Time since last request: 0.000008 seconds.
  path: Assets/JC_LP_MegaCity/Models/BuildingsDecor/SM_BuildingsDecor_14.fbx
  artifactKey: Guid(c15a1d05466c3184abc22e222a3c03ee) Importer(2089858483,b0f066a214c2f5e87bad3c948f4d605d)
Start importing Assets/JC_LP_MegaCity/Models/BuildingsDecor/SM_BuildingsDecor_14.fbx using Guid(c15a1d05466c3184abc22e222a3c03ee) Importer(2089858483,b0f066a214c2f5e87bad3c948f4d605d) (ScriptedImporter) -> (artifact id: 'c458a578c7cdaf3ede3a18bfd3eb9191') in 0.004513668 seconds
Number of updated asset objects reloaded before import = 0Number of asset objects unloaded after import = 7

========================================================================
Received Import Request.
  Time since last request: 0.000012 seconds.
  path: Assets/JC_LP_MegaCity/Prefabs/Buildings/SM_Buildings_House_03_V1.prefab
  artifactKey: Guid(8ab8497d18464634286b9c9a355cc2ac) Importer(2089858483,b0f066a214c2f5e87bad3c948f4d605d)
Start importing Assets/JC_LP_MegaCity/Prefabs/Buildings/SM_Buildings_House_03_V1.prefab using Guid(8ab8497d18464634286b9c9a355cc2ac) Importer(2089858483,b0f066a214c2f5e87bad3c948f4d605d) (ScriptedImporter) -> (artifact id: 'e9537a48cb4ab260c4dbd93df3b64011') in 0.006803136 seconds
Number of updated asset objects reloaded before import = 0Number of asset objects unloaded after import = 34

========================================================================
Received Import Request.
  Time since last request: 0.000014 seconds.
  path: Assets/JC_LP_MegaCity/Prefabs/Floor/SM_Floor_Road_25.prefab
  artifactKey: Guid(a077c63e0ca444d4986b16077f74f08c) Importer(2089858483,b0f066a214c2f5e87bad3c948f4d605d)
Start importing Assets/JC_LP_MegaCity/Prefabs/Floor/SM_Floor_Road_25.prefab using Guid(a077c63e0ca444d4986b16077f74f08c) Importer(2089858483,b0f066a214c2f5e87bad3c948f4d605d) (ScriptedImporter) -> (artifact id: '92b433911885f024c3b04693c3f97923') in 0.005670922 seconds
Number of updated asset objects reloaded before import = 0Number of asset objects unloaded after import = 9

========================================================================
Received Import Request.
  Time since last request: 0.000007 seconds.
  path: Assets/JC_LP_MegaCity/Models/Buildings/SM_Buildings_CityHall_01.Door_L.fbx
  artifactKey: Guid(a61fd638d6189a34aa78f23189468815) Importer(2089858483,b0f066a214c2f5e87bad3c948f4d605d)
Start importing Assets/JC_LP_MegaCity/Models/Buildings/SM_Buildings_CityHall_01.Door_L.fbx using Guid(a61fd638d6189a34aa78f23189468815) Importer(2089858483,b0f066a214c2f5e87bad3c948f4d605d) (ScriptedImporter) -> (artifact id: '82413efb852584b71c9540535958c399') in 0.004299439 seconds
Number of updated asset objects reloaded before import = 0Number of asset objects unloaded after import = 7

========================================================================
Received Import Request.
  Time since last request: 0.000007 seconds.
  path: Assets/JC_LP_MegaCity/Prefabs/Food/SM_Food_FoodBox_07.prefab
  artifactKey: Guid(695da8e2ad4362d42a1a9dc846126562) Importer(2089858483,b0f066a214c2f5e87bad3c948f4d605d)
Start importing Assets/JC_LP_MegaCity/Prefabs/Food/SM_Food_FoodBox_07.prefab using Guid(695da8e2ad4362d42a1a9dc846126562) Importer(2089858483,b0f066a214c2f5e87bad3c948f4d605d) (ScriptedImporter) -> (artifact id: '6d9c87db6d86cad349a85f5f17ec6fd0') in 0.003464063 seconds
Number of updated asset objects reloaded before import = 0Number of asset objects unloaded after import = 9

========================================================================
Received Import Request.
  Time since last request: 0.000007 seconds.
  path: Assets/JC_LP_MegaCity/Prefabs/Food/SM_Food_Watermelon_01.prefab
  artifactKey: Guid(d410e4bde9e58b14bb3a9941ea8b0e76) Importer(2089858483,b0f066a214c2f5e87bad3c948f4d605d)
Start importing Assets/JC_LP_MegaCity/Prefabs/Food/SM_Food_Watermelon_01.prefab using Guid(d410e4bde9e58b14bb3a9941ea8b0e76) Importer(2089858483,b0f066a214c2f5e87bad3c948f4d605d) (ScriptedImporter) -> (artifact id: 'e50a8b777bed0450cf8a0f111128e719') in 0.003932151 seconds
Number of updated asset objects reloaded before import = 0Number of asset objects unloaded after import = 9

========================================================================
Received Import Request.
  Time since last request: 0.000008 seconds.
  path: Assets/JC_LP_MegaCity/Models/BuildingsDecor/SM_BuildingsDecor_23.fbx
  artifactKey: Guid(60c501b8b2918624182f989945f2e255) Importer(2089858483,b0f066a214c2f5e87bad3c948f4d605d)
Start importing Assets/JC_LP_MegaCity/Models/BuildingsDecor/SM_BuildingsDecor_23.fbx using Guid(60c501b8b2918624182f989945f2e255) Importer(2089858483,b0f066a214c2f5e87bad3c948f4d605d) (ScriptedImporter) -> (artifact id: 'd64f39310818f33856a4db1d7008e08c') in 0.005236744 seconds
Number of updated asset objects reloaded before import = 0Number of asset objects unloaded after import = 7

========================================================================
Received Import Request.
  Time since last request: 0.000008 seconds.
  path: Assets/JC_LP_MegaCity/Prefabs/FloorProps/SM_FloorProps_RoadSign_23.prefab
  artifactKey: Guid(83748cb162ce9864387150062af8adcc) Importer(2089858483,b0f066a214c2f5e87bad3c948f4d605d)
Start importing Assets/JC_LP_MegaCity/Prefabs/FloorProps/SM_FloorProps_RoadSign_23.prefab using Guid(83748cb162ce9864387150062af8adcc) Importer(2089858483,b0f066a214c2f5e87bad3c948f4d605d) (ScriptedImporter) -> (artifact id: '7e94559908fd78f92f4bab91e9f4b92d') in 0.003704091 seconds
Number of updated asset objects reloaded before import = 0Number of asset objects unloaded after import = 9

========================================================================
Received Import Request.
  Time since last request: 0.000010 seconds.
  path: Assets/JC_LP_MegaCity/Models/Food/SM_Food_Bottle_05.fbx
  artifactKey: Guid(b2e77020a9bcd45469abcb423e9f728b) Importer(2089858483,b0f066a214c2f5e87bad3c948f4d605d)
Start importing Assets/JC_LP_MegaCity/Models/Food/SM_Food_Bottle_05.fbx using Guid(b2e77020a9bcd45469abcb423e9f728b) Importer(2089858483,b0f066a214c2f5e87bad3c948f4d605d) (ScriptedImporter) -> (artifact id: '5c4f1a3c9c9ff7a3987ebc0103f89601') in 0.006127359 seconds
Number of updated asset objects reloaded before import = 0Number of asset objects unloaded after import = 7

========================================================================
Received Import Request.
  Time since last request: 0.000010 seconds.
  path: Assets/JC_LP_MegaCity/Models/Food/SM_Food_CannedFood_07.fbx
  artifactKey: Guid(ae734cb2d76012848add94506c554aef) Importer(2089858483,b0f066a214c2f5e87bad3c948f4d605d)
Start importing Assets/JC_LP_MegaCity/Models/Food/SM_Food_CannedFood_07.fbx using Guid(ae734cb2d76012848add94506c554aef) Importer(2089858483,b0f066a214c2f5e87bad3c948f4d605d) (ScriptedImporter) -> (artifact id: 'ace5b3cfa62c58a93a62ef1f48fdd1f0') in 0.004646207 seconds
Number of updated asset objects reloaded before import = 0Number of asset objects unloaded after import = 7

========================================================================
Received Import Request.
  Time since last request: 0.000008 seconds.
  path: Assets/JC_LP_MegaCity/Models/Buildings/SM_Buildings_Tire_Shop.fbx
  artifactKey: Guid(b9032af6386472f4ab07a6179f305fda) Importer(2089858483,b0f066a214c2f5e87bad3c948f4d605d)
Start importing Assets/JC_LP_MegaCity/Models/Buildings/SM_Buildings_Tire_Shop.fbx using Guid(b9032af6386472f4ab07a6179f305fda) Importer(2089858483,b0f066a214c2f5e87bad3c948f4d605d) (ScriptedImporter) -> (artifact id: '728a23c6a1853d2777c1131d1844cee1') in 0.004752476 seconds
Number of updated asset objects reloaded before import = 0Number of asset objects unloaded after import = 7

========================================================================
Received Import Request.
  Time since last request: 0.000009 seconds.
  path: Assets/JC_LP_MegaCity/Prefabs/Buildings/SM_Buildings_Factory_01.prefab
  artifactKey: Guid(c752f572d2f44d34986669f90df0f991) Importer(2089858483,b0f066a214c2f5e87bad3c948f4d605d)
Start importing Assets/JC_LP_MegaCity/Prefabs/Buildings/SM_Buildings_Factory_01.prefab using Guid(c752f572d2f44d34986669f90df0f991) Importer(2089858483,b0f066a214c2f5e87bad3c948f4d605d) (ScriptedImporter) -> (artifact id: '63682d6d880f975b0092be78361c223c') in 0.006190749 seconds
Number of updated asset objects reloaded before import = 0Number of asset objects unloaded after import = 48

========================================================================
Received Import Request.
  Time since last request: 0.000011 seconds.
  path: Assets/JC_LP_MegaCity/Models/Vehicles/SM_Vehicles_Plane_01.fbx
  artifactKey: Guid(c2f6a21f292543a45862ba08b39e67d0) Importer(2089858483,b0f066a214c2f5e87bad3c948f4d605d)
Start importing Assets/JC_LP_MegaCity/Models/Vehicles/SM_Vehicles_Plane_01.fbx using Guid(c2f6a21f292543a45862ba08b39e67d0) Importer(2089858483,b0f066a214c2f5e87bad3c948f4d605d) (ScriptedImporter) -> (artifact id: '354fc71d6dfcc7478edd9be7eaa7c37b') in 0.005317193 seconds
Number of updated asset objects reloaded before import = 0Number of asset objects unloaded after import = 7

========================================================================
Received Import Request.
  Time since last request: 0.000013 seconds.
  path: Assets/JC_LP_MegaCity/Models/Props/SM_Props_WaterCooler_01.fbx
  artifactKey: Guid(2306b4c5cb3051a4995c905d019d0bbd) Importer(2089858483,b0f066a214c2f5e87bad3c948f4d605d)
Start importing Assets/JC_LP_MegaCity/Models/Props/SM_Props_WaterCooler_01.fbx using Guid(2306b4c5cb3051a4995c905d019d0bbd) Importer(2089858483,b0f066a214c2f5e87bad3c948f4d605d) (ScriptedImporter) -> (artifact id: '7286f16d5f8a53069cff12e753543c4d') in 0.007214644 seconds
Number of updated asset objects reloaded before import = 0Number of asset objects unloaded after import = 7

========================================================================
Received Import Request.
  Time since last request: 0.000008 seconds.
  path: Assets/JC_LP_MegaCity/Models/IndustrialProps/SM_IndustrialProps_Fence_03L.fbx
  artifactKey: Guid(e04b056779b0a9d43864328efe8118c3) Importer(2089858483,b0f066a214c2f5e87bad3c948f4d605d)
Start importing Assets/JC_LP_MegaCity/Models/IndustrialProps/SM_IndustrialProps_Fence_03L.fbx using Guid(e04b056779b0a9d43864328efe8118c3) Importer(2089858483,b0f066a214c2f5e87bad3c948f4d605d) (ScriptedImporter) -> (artifact id: 'c5826052f64f36fffa3f9e229d826905') in 0.005472783 seconds
Number of updated asset objects reloaded before import = 0Number of asset objects unloaded after import = 7

========================================================================
Received Import Request.
  Time since last request: 0.000009 seconds.
  path: Assets/JC_LP_MegaCity/Prefabs/Props/SM_Props_Cafe_16.prefab
  artifactKey: Guid(c875268485d769549a78d552ed4a29c8) Importer(2089858483,b0f066a214c2f5e87bad3c948f4d605d)
Start importing Assets/JC_LP_MegaCity/Prefabs/Props/SM_Props_Cafe_16.prefab using Guid(c875268485d769549a78d552ed4a29c8) Importer(2089858483,b0f066a214c2f5e87bad3c948f4d605d) (ScriptedImporter) -> (artifact id: '252b93d6702fdbeca5fb75b8dfa25fe7') in 0.003549322 seconds
Number of updated asset objects reloaded before import = 0Number of asset objects unloaded after import = 9

========================================================================
Received Import Request.
  Time since last request: 0.000007 seconds.
  path: Assets/JC_LP_MegaCity/Models/Food/SM_Food_Pancakes_01.fbx
  artifactKey: Guid(590db54a95d68124f88a636c7413d4ff) Importer(2089858483,b0f066a214c2f5e87bad3c948f4d605d)
Start importing Assets/JC_LP_MegaCity/Models/Food/SM_Food_Pancakes_01.fbx using Guid(590db54a95d68124f88a636c7413d4ff) Importer(2089858483,b0f066a214c2f5e87bad3c948f4d605d) (ScriptedImporter) -> (artifact id: '811b79767558935e2335e23db6824784') in 0.005336073 seconds
Number of updated asset objects reloaded before import = 0Number of asset objects unloaded after import = 7

========================================================================
Received Import Request.
  Time since last request: 0.000009 seconds.
  path: Assets/JC_LP_MegaCity/Prefabs/Buildings/SM_Buildings_House_07_V1.prefab
  artifactKey: Guid(800f1a9568a492f4fa0c19cb147ad82f) Importer(2089858483,b0f066a214c2f5e87bad3c948f4d605d)
Start importing Assets/JC_LP_MegaCity/Prefabs/Buildings/SM_Buildings_House_07_V1.prefab using Guid(800f1a9568a492f4fa0c19cb147ad82f) Importer(2089858483,b0f066a214c2f5e87bad3c948f4d605d) (ScriptedImporter) -> (artifact id: '6c4c391707d6f3cc1bef780ed69038da') in 0.006737007 seconds
Number of updated asset objects reloaded before import = 0Number of asset objects unloaded after import = 35

========================================================================
Received Import Request.
  Time since last request: 0.000009 seconds.
  path: Assets/JC_LP_MegaCity/Prefabs/Props/SM_Props_Cafe_20.prefab
  artifactKey: Guid(f165267a1b3fb9245886debc818ca71c) Importer(2089858483,b0f066a214c2f5e87bad3c948f4d605d)
Start importing Assets/JC_LP_MegaCity/Prefabs/Props/SM_Props_Cafe_20.prefab using Guid(f165267a1b3fb9245886debc818ca71c) Importer(2089858483,b0f066a214c2f5e87bad3c948f4d605d) (ScriptedImporter) -> (artifact id: '6ee394c14118be69fb7271c3043eb651') in 0.003423103 seconds
Number of updated asset objects reloaded before import = 0Number of asset objects unloaded after import = 9

========================================================================
Received Import Request.
  Time since last request: 0.000009 seconds.
  path: Assets/JC_LP_MegaCity/Models/FloorProps/SM_FloorProps_RoadSign_41.fbx
  artifactKey: Guid(034104bef761a324f99f8da5e2fc11c5) Importer(2089858483,b0f066a214c2f5e87bad3c948f4d605d)
Start importing Assets/JC_LP_MegaCity/Models/FloorProps/SM_FloorProps_RoadSign_41.fbx using Guid(034104bef761a324f99f8da5e2fc11c5) Importer(2089858483,b0f066a214c2f5e87bad3c948f4d605d) (ScriptedImporter) -> (artifact id: '10b7b42b8091b9c9699fe2da31361505') in 0.007877401 seconds
Number of updated asset objects reloaded before import = 0Number of asset objects unloaded after import = 7

========================================================================
Received Import Request.
  Time since last request: 0.000007 seconds.
  path: Assets/JC_LP_MegaCity/Models/Buildings/SM_Buildings_Parking_01.fbx
  artifactKey: Guid(c50ad4db07f6bc24fa4b735b3be06af6) Importer(2089858483,b0f066a214c2f5e87bad3c948f4d605d)
Start importing Assets/JC_LP_MegaCity/Models/Buildings/SM_Buildings_Parking_01.fbx using Guid(c50ad4db07f6bc24fa4b735b3be06af6) Importer(2089858483,b0f066a214c2f5e87bad3c948f4d605d) (ScriptedImporter) -> (artifact id: 'cb979ee59d9c5d6eb527b5ba65d58ec7') in 0.005133094 seconds
Number of updated asset objects reloaded before import = 0Number of asset objects unloaded after import = 7

========================================================================
Received Import Request.
  Time since last request: 0.000008 seconds.
  path: Assets/JC_LP_MegaCity/Models/Food/SM_Food_Bottle_01.fbx
  artifactKey: Guid(ef1d49ee0b38c9d49976bd8af5f416ab) Importer(2089858483,b0f066a214c2f5e87bad3c948f4d605d)
Start importing Assets/JC_LP_MegaCity/Models/Food/SM_Food_Bottle_01.fbx using Guid(ef1d49ee0b38c9d49976bd8af5f416ab) Importer(2089858483,b0f066a214c2f5e87bad3c948f4d605d) (ScriptedImporter) -> (artifact id: 'ef712b3e40d5b39ebba16d8de0ae9782') in 0.004434368 seconds
Number of updated asset objects reloaded before import = 0Number of asset objects unloaded after import = 7

========================================================================
Received Import Request.
  Time since last request: 0.000007 seconds.
  path: Assets/JC_LP_MegaCity/Models/Food/SM_Food_Cup_03.fbx
  artifactKey: Guid(53683d97e3ca33f48880ee5cbaf50d8f) Importer(2089858483,b0f066a214c2f5e87bad3c948f4d605d)
Start importing Assets/JC_LP_MegaCity/Models/Food/SM_Food_Cup_03.fbx using Guid(53683d97e3ca33f48880ee5cbaf50d8f) Importer(2089858483,b0f066a214c2f5e87bad3c948f4d605d) (ScriptedImporter) -> (artifact id: 'd9ab91fec002d8f32c94fa06b8eddaf6') in 0.004418437 seconds
Number of updated asset objects reloaded before import = 0Number of asset objects unloaded after import = 7

========================================================================
Received Import Request.
  Time since last request: 0.000010 seconds.
  path: Assets/JC_LP_MegaCity/Models/Nature/SM_Nature_BigRock_02.fbx
  artifactKey: Guid(173131bf1824e3d40a73c5819ec954e3) Importer(2089858483,b0f066a214c2f5e87bad3c948f4d605d)
Start importing Assets/JC_LP_MegaCity/Models/Nature/SM_Nature_BigRock_02.fbx using Guid(173131bf1824e3d40a73c5819ec954e3) Importer(2089858483,b0f066a214c2f5e87bad3c948f4d605d) (ScriptedImporter) -> (artifact id: '4bae1bebaf28fc0e33c56786a0bf0c13') in 0.006450688 seconds
Number of updated asset objects reloaded before import = 0Number of asset objects unloaded after import = 7

========================================================================
Received Import Request.
  Time since last request: 0.000013 seconds.
  path: Assets/JC_LP_MegaCity/Models/Buildings/SM_Buildings_Commercial_SideDoor_01.fbx
  artifactKey: Guid(2b525597fb423d448810f842db085642) Importer(2089858483,b0f066a214c2f5e87bad3c948f4d605d)
Start importing Assets/JC_LP_MegaCity/Models/Buildings/SM_Buildings_Commercial_SideDoor_01.fbx using Guid(2b525597fb423d448810f842db085642) Importer(2089858483,b0f066a214c2f5e87bad3c948f4d605d) (ScriptedImporter) -> (artifact id: '39498c713f134b56330471ec60d7d0b2') in 0.007462553 seconds
Number of updated asset objects reloaded before import = 0Number of asset objects unloaded after import = 7

========================================================================
Received Import Request.
  Time since last request: 0.000009 seconds.
  path: Assets/JC_LP_MegaCity/Models/Props/SM_Props_Park_03_Сarousel_01.fbx
  artifactKey: Guid(b22f17c4315595c43bbd06e066ce4d54) Importer(2089858483,b0f066a214c2f5e87bad3c948f4d605d)
Start importing Assets/JC_LP_MegaCity/Models/Props/SM_Props_Park_03_Сarousel_01.fbx using Guid(b22f17c4315595c43bbd06e066ce4d54) Importer(2089858483,b0f066a214c2f5e87bad3c948f4d605d) (ScriptedImporter) -> (artifact id: 'a7153cb0a9047f6beb92fd8463e04ea6') in 0.006818336 seconds
Number of updated asset objects reloaded before import = 0Number of asset objects unloaded after import = 7

========================================================================
Received Import Request.
  Time since last request: 0.000009 seconds.
  path: Assets/JC_LP_MegaCity/Prefabs/Props/SM_Props_PC_05.prefab
  artifactKey: Guid(5699f8720aba7fc47a863775e1cc98c1) Importer(2089858483,b0f066a214c2f5e87bad3c948f4d605d)
Start importing Assets/JC_LP_MegaCity/Prefabs/Props/SM_Props_PC_05.prefab using Guid(5699f8720aba7fc47a863775e1cc98c1) Importer(2089858483,b0f066a214c2f5e87bad3c948f4d605d) (ScriptedImporter) -> (artifact id: 'a53b0d1c0dfa1c80a291c17d40679608') in 0.004493327 seconds
Number of updated asset objects reloaded before import = 0Number of asset objects unloaded after import = 9

========================================================================
Received Import Request.
  Time since last request: 0.000008 seconds.
  path: Assets/JC_LP_MegaCity/Models/Props/SM_Props_CashRegister_01.fbx
  artifactKey: Guid(e4c3abb25f2898c43b6aa7df00d090dc) Importer(2089858483,b0f066a214c2f5e87bad3c948f4d605d)
Start importing Assets/JC_LP_MegaCity/Models/Props/SM_Props_CashRegister_01.fbx using Guid(e4c3abb25f2898c43b6aa7df00d090dc) Importer(2089858483,b0f066a214c2f5e87bad3c948f4d605d) (ScriptedImporter) -> (artifact id: 'f1431b807d950c6e8a27199c03639416') in 0.006131139 seconds
Number of updated asset objects reloaded before import = 0Number of asset objects unloaded after import = 7

========================================================================
Received Import Request.
  Time since last request: 0.000007 seconds.
  path: Assets/JC_LP_MegaCity/Models/Floor/SM_Floor_Metro_12.fbx
  artifactKey: Guid(ed814cbcf410ad44987b2824770d2f9a) Importer(2089858483,b0f066a214c2f5e87bad3c948f4d605d)
Start importing Assets/JC_LP_MegaCity/Models/Floor/SM_Floor_Metro_12.fbx using Guid(ed814cbcf410ad44987b2824770d2f9a) Importer(2089858483,b0f066a214c2f5e87bad3c948f4d605d) (ScriptedImporter) -> (artifact id: 'ba511b068c6152ab35b08d3bd0b5980d') in 0.004435498 seconds
Number of updated asset objects reloaded before import = 0Number of asset objects unloaded after import = 7

========================================================================
Received Import Request.
  Time since last request: 0.000007 seconds.
  path: Assets/JC_LP_MegaCity/Models/Food/SM_Food_CannedFood_04.fbx
  artifactKey: Guid(614d938269ec93c4fa280f6a62ea424d) Importer(2089858483,b0f066a214c2f5e87bad3c948f4d605d)
Start importing Assets/JC_LP_MegaCity/Models/Food/SM_Food_CannedFood_04.fbx using Guid(614d938269ec93c4fa280f6a62ea424d) Importer(2089858483,b0f066a214c2f5e87bad3c948f4d605d) (ScriptedImporter) -> (artifact id: 'ba125c8f2c3d8af6c5506a2d9628e924') in 0.004269389 seconds
Number of updated asset objects reloaded before import = 0Number of asset objects unloaded after import = 7

========================================================================
Received Import Request.
  Time since last request: 0.000007 seconds.
  path: Assets/JC_LP_MegaCity/Models/Floor/SM_Floor_Garden_05.fbx
  artifactKey: Guid(0141a0a29fd6be54293b372c52a60ce6) Importer(2089858483,b0f066a214c2f5e87bad3c948f4d605d)
Start importing Assets/JC_LP_MegaCity/Models/Floor/SM_Floor_Garden_05.fbx using Guid(0141a0a29fd6be54293b372c52a60ce6) Importer(2089858483,b0f066a214c2f5e87bad3c948f4d605d) (ScriptedImporter) -> (artifact id: '0f187884da429a6f42f622dfb9a414fc') in 0.004740707 seconds
Number of updated asset objects reloaded before import = 0Number of asset objects unloaded after import = 7

========================================================================
Received Import Request.
  Time since last request: 0.000007 seconds.
  path: Assets/JC_LP_MegaCity/Prefabs/FloorProps/SM_FloorProps_Fence_01.prefab
  artifactKey: Guid(9ced0c103d643314184af08e26d35af7) Importer(2089858483,b0f066a214c2f5e87bad3c948f4d605d)
Start importing Assets/JC_LP_MegaCity/Prefabs/FloorProps/SM_FloorProps_Fence_01.prefab using Guid(9ced0c103d643314184af08e26d35af7) Importer(2089858483,b0f066a214c2f5e87bad3c948f4d605d) (ScriptedImporter) -> (artifact id: '0bbf295003ae5b7d038612c61d85ea81') in 0.00393834 seconds
Number of updated asset objects reloaded before import = 0Number of asset objects unloaded after import = 9

========================================================================
Received Import Request.
  Time since last request: 0.000007 seconds.
  path: Assets/JC_LP_MegaCity/Prefabs/BuildingsDecor/SM_BuildingsDecor_63.prefab
  artifactKey: Guid(d7edc9b3b16138d4aa27011ee09a9802) Importer(2089858483,b0f066a214c2f5e87bad3c948f4d605d)
Start importing Assets/JC_LP_MegaCity/Prefabs/BuildingsDecor/SM_BuildingsDecor_63.prefab using Guid(d7edc9b3b16138d4aa27011ee09a9802) Importer(2089858483,b0f066a214c2f5e87bad3c948f4d605d) (ScriptedImporter) -> (artifact id: '253c109223c53456aa26c932a2b9053b') in 0.005679931 seconds
Number of updated asset objects reloaded before import = 0Number of asset objects unloaded after import = 10

========================================================================
Received Import Request.
  Time since last request: 0.000008 seconds.
  path: Assets/JC_LP_MegaCity/Models/Floor/SM_Floor_Garden_02.fbx
  artifactKey: Guid(8d9ab654a0f15454d8832455c9baf1ca) Importer(2089858483,b0f066a214c2f5e87bad3c948f4d605d)
Start importing Assets/JC_LP_MegaCity/Models/Floor/SM_Floor_Garden_02.fbx using Guid(8d9ab654a0f15454d8832455c9baf1ca) Importer(2089858483,b0f066a214c2f5e87bad3c948f4d605d) (ScriptedImporter) -> (artifact id: 'c9044c74b57e749c2b636a947432617b') in 0.004392128 seconds
Number of updated asset objects reloaded before import = 0Number of asset objects unloaded after import = 7

========================================================================
Received Import Request.
  Time since last request: 0.000012 seconds.
  path: Assets/JC_LP_MegaCity/Models/Food/SM_Food_Plate_03.fbx
  artifactKey: Guid(fb993914204af9346ab14309c250d66f) Importer(2089858483,b0f066a214c2f5e87bad3c948f4d605d)
Start importing Assets/JC_LP_MegaCity/Models/Food/SM_Food_Plate_03.fbx using Guid(fb993914204af9346ab14309c250d66f) Importer(2089858483,b0f066a214c2f5e87bad3c948f4d605d) (ScriptedImporter) -> (artifact id: 'c5536987f9cc94ca8b36aac5b9732201') in 0.004457098 seconds
Number of updated asset objects reloaded before import = 0Number of asset objects unloaded after import = 7

========================================================================
Received Import Request.
  Time since last request: 0.000015 seconds.
  path: Assets/JC_LP_MegaCity/Prefabs/Food/SM_Food_Cup_02.prefab
  artifactKey: Guid(f641d598a66fcd5489092c9e857d07f0) Importer(2089858483,b0f066a214c2f5e87bad3c948f4d605d)
Start importing Assets/JC_LP_MegaCity/Prefabs/Food/SM_Food_Cup_02.prefab using Guid(f641d598a66fcd5489092c9e857d07f0) Importer(2089858483,b0f066a214c2f5e87bad3c948f4d605d) (ScriptedImporter) -> (artifact id: '2940b9b1c8c051b12f4e1a40c3522b13') in 0.004536497 seconds
Number of updated asset objects reloaded before import = 0Number of asset objects unloaded after import = 9

========================================================================
Received Import Request.
  Time since last request: 0.000009 seconds.
  path: Assets/JC_LP_MegaCity/Prefabs/BuildingsDecor/SM_BuildingsDecor_37.prefab
  artifactKey: Guid(6c0018996d3300a45ae3a2dbcb45599d) Importer(2089858483,b0f066a214c2f5e87bad3c948f4d605d)
Start importing Assets/JC_LP_MegaCity/Prefabs/BuildingsDecor/SM_BuildingsDecor_37.prefab using Guid(6c0018996d3300a45ae3a2dbcb45599d) Importer(2089858483,b0f066a214c2f5e87bad3c948f4d605d) (ScriptedImporter) -> (artifact id: 'efbc3c05e0eaf9f9e2d798f3fa481dee') in 0.004230989 seconds
Number of updated asset objects reloaded before import = 0Number of asset objects unloaded after import = 9

========================================================================
Received Import Request.
  Time since last request: 0.000012 seconds.
  path: Assets/JC_LP_MegaCity/Prefabs/Props/SM_Props_Reception_04.prefab
  artifactKey: Guid(b21dba3d37f4cfd4a83e014d1abf1070) Importer(2089858483,b0f066a214c2f5e87bad3c948f4d605d)
Start importing Assets/JC_LP_MegaCity/Prefabs/Props/SM_Props_Reception_04.prefab using Guid(b21dba3d37f4cfd4a83e014d1abf1070) Importer(2089858483,b0f066a214c2f5e87bad3c948f4d605d) (ScriptedImporter) -> (artifact id: 'ccddc58083e215f08d4d3a71e5eac3a2') in 0.003811551 seconds
Number of updated asset objects reloaded before import = 0Number of asset objects unloaded after import = 10

========================================================================
Received Import Request.
  Time since last request: 0.000008 seconds.
  path: Assets/JC_LP_MegaCity/Textures/T_MegaCity_02.png
  artifactKey: Guid(f26dcc08e9c4fe4498669e2f58c6b32f) Importer(2089858483,b0f066a214c2f5e87bad3c948f4d605d)
Start importing Assets/JC_LP_MegaCity/Textures/T_MegaCity_02.png using Guid(f26dcc08e9c4fe4498669e2f58c6b32f) Importer(2089858483,b0f066a214c2f5e87bad3c948f4d605d) (ScriptedImporter) -> (artifact id: '38726bb5db53e2edcad2e7d3eb4c892b') in 0.010315929 seconds
Number of updated asset objects reloaded before import = 0Number of asset objects unloaded after import = 1

========================================================================
Received Import Request.
  Time since last request: 0.000008 seconds.
  path: Assets/JC_LP_MegaCity/Prefabs/Food/SM_Food_Carrot_01.prefab
  artifactKey: Guid(c971a395996c68a46ab8ed354e40f878) Importer(2089858483,b0f066a214c2f5e87bad3c948f4d605d)
Start importing Assets/JC_LP_MegaCity/Prefabs/Food/SM_Food_Carrot_01.prefab using Guid(c971a395996c68a46ab8ed354e40f878) Importer(2089858483,b0f066a214c2f5e87bad3c948f4d605d) (ScriptedImporter) -> (artifact id: 'dcf7a38ff19e67eed1d9c9a1f91ce226') in 0.00397153 seconds
Number of updated asset objects reloaded before import = 0Number of asset objects unloaded after import = 9

========================================================================
Received Import Request.
  Time since last request: 0.000008 seconds.
  path: Assets/JC_LP_MegaCity/Models/Floor/SM_Floor_Tile_05.fbx
  artifactKey: Guid(05fe90c8695e443498bf56e570043426) Importer(2089858483,b0f066a214c2f5e87bad3c948f4d605d)
Start importing Assets/JC_LP_MegaCity/Models/Floor/SM_Floor_Tile_05.fbx using Guid(05fe90c8695e443498bf56e570043426) Importer(2089858483,b0f066a214c2f5e87bad3c948f4d605d) (ScriptedImporter) -> (artifact id: 'e5604ea8a8d55ba52b69d47c89d96aba') in 0.005599802 seconds
Number of updated asset objects reloaded before import = 0Number of asset objects unloaded after import = 7

========================================================================
Received Import Request.
  Time since last request: 0.000009 seconds.
  path: Assets/JC_LP_MegaCity/Prefabs/BuildingsDecor/SM_BuildingsDecor_52.prefab
  artifactKey: Guid(ee4e1b5580b627b44b40b01097ececf8) Importer(2089858483,b0f066a214c2f5e87bad3c948f4d605d)
Start importing Assets/JC_LP_MegaCity/Prefabs/BuildingsDecor/SM_BuildingsDecor_52.prefab using Guid(ee4e1b5580b627b44b40b01097ececf8) Importer(2089858483,b0f066a214c2f5e87bad3c948f4d605d) (ScriptedImporter) -> (artifact id: '7c4f23dbe2520a9246fb771e37e37180') in 0.004470098 seconds
Number of updated asset objects reloaded before import = 0Number of asset objects unloaded after import = 10

========================================================================
Received Import Request.
  Time since last request: 0.000007 seconds.
  path: Assets/JC_LP_MegaCity/Prefabs/BuildingsDecor/SM_BuildingsDecor_53.prefab
  artifactKey: Guid(c36570dd2a52432448f0cad0dd719375) Importer(2089858483,b0f066a214c2f5e87bad3c948f4d605d)
Start importing Assets/JC_LP_MegaCity/Prefabs/BuildingsDecor/SM_BuildingsDecor_53.prefab using Guid(c36570dd2a52432448f0cad0dd719375) Importer(2089858483,b0f066a214c2f5e87bad3c948f4d605d) (ScriptedImporter) -> (artifact id: 'b4a0f70db7eb7fa994ed80a2ffe3100f') in 0.005713021 seconds
Number of updated asset objects reloaded before import = 0Number of asset objects unloaded after import = 10

========================================================================
Received Import Request.
  Time since last request: 0.000013 seconds.
  path: Assets/JC_LP_MegaCity/Models/Props/SM_Props_Cafe_08.fbx
  artifactKey: Guid(a71d6a2b74cdcb44ab3ed06b451a0114) Importer(2089858483,b0f066a214c2f5e87bad3c948f4d605d)
Start importing Assets/JC_LP_MegaCity/Models/Props/SM_Props_Cafe_08.fbx using Guid(a71d6a2b74cdcb44ab3ed06b451a0114) Importer(2089858483,b0f066a214c2f5e87bad3c948f4d605d) (ScriptedImporter) -> (artifact id: '1d6a9ebd021ae6cf18c7d12839a7227e') in 0.006775396 seconds
Number of updated asset objects reloaded before import = 0Number of asset objects unloaded after import = 7

========================================================================
Received Import Request.
  Time since last request: 0.000009 seconds.
  path: Assets/JC_LP_MegaCity/Materials/M_MegaCity_01.mat
  artifactKey: Guid(88c625725e767ad478b9f38a5e0f6fd4) Importer(2089858483,b0f066a214c2f5e87bad3c948f4d605d)
Start importing Assets/JC_LP_MegaCity/Materials/M_MegaCity_01.mat using Guid(88c625725e767ad478b9f38a5e0f6fd4) Importer(2089858483,b0f066a214c2f5e87bad3c948f4d605d) (ScriptedImporter) -> (artifact id: '47407f01147a26e4a421bd415718e5cd') in 0.005073975 seconds
Number of updated asset objects reloaded before import = 0Number of asset objects unloaded after import = 3

========================================================================
Received Import Request.
  Time since last request: 0.000012 seconds.
  path: Assets/JC_LP_MegaCity/Models/Vehicles/SM_Vehicles_Truck_03_V1.fbx
  artifactKey: Guid(6a533262ad2840f48ad1df5c36de7d57) Importer(2089858483,b0f066a214c2f5e87bad3c948f4d605d)
Start importing Assets/JC_LP_MegaCity/Models/Vehicles/SM_Vehicles_Truck_03_V1.fbx using Guid(6a533262ad2840f48ad1df5c36de7d57) Importer(2089858483,b0f066a214c2f5e87bad3c948f4d605d) (ScriptedImporter) -> (artifact id: 'f934bc64e479cfdca10bed637ef64d6b') in 0.006609317 seconds
Number of updated asset objects reloaded before import = 0Number of asset objects unloaded after import = 44

========================================================================
Received Import Request.
  Time since last request: 0.000015 seconds.
  path: Assets/JC_LP_MegaCity/Prefabs/Floor/SM_Floor_Road_27.prefab
  artifactKey: Guid(abda535170fde114db421b6b9c855ff8) Importer(2089858483,b0f066a214c2f5e87bad3c948f4d605d)
Start importing Assets/JC_LP_MegaCity/Prefabs/Floor/SM_Floor_Road_27.prefab using Guid(abda535170fde114db421b6b9c855ff8) Importer(2089858483,b0f066a214c2f5e87bad3c948f4d605d) (ScriptedImporter) -> (artifact id: '0ab104d17f4482212fedaa0f9c4f3e63') in 0.004203239 seconds
Number of updated asset objects reloaded before import = 0Number of asset objects unloaded after import = 10

========================================================================
Received Import Request.
  Time since last request: 0.000007 seconds.
  path: Assets/JC_LP_MegaCity/Models/Buildings/SM_Buildings_Hotel_03_Door_R.fbx
  artifactKey: Guid(82812c1cd68ba1b438cb0f85933203b3) Importer(2089858483,b0f066a214c2f5e87bad3c948f4d605d)
Start importing Assets/JC_LP_MegaCity/Models/Buildings/SM_Buildings_Hotel_03_Door_R.fbx using Guid(82812c1cd68ba1b438cb0f85933203b3) Importer(2089858483,b0f066a214c2f5e87bad3c948f4d605d) (ScriptedImporter) -> (artifact id: '6d1b4c4321d313eb58cf4ae601ea6f84') in 0.005114404 seconds
Number of updated asset objects reloaded before import = 0Number of asset objects unloaded after import = 7

========================================================================
Received Import Request.
  Time since last request: 0.000006 seconds.
  path: Assets/JC_LP_MegaCity/Models/Floor/SM_Floor_Tile_15.fbx
  artifactKey: Guid(4b89d13ea7087784db56cff714bbc489) Importer(2089858483,b0f066a214c2f5e87bad3c948f4d605d)
Start importing Assets/JC_LP_MegaCity/Models/Floor/SM_Floor_Tile_15.fbx using Guid(4b89d13ea7087784db56cff714bbc489) Importer(2089858483,b0f066a214c2f5e87bad3c948f4d605d) (ScriptedImporter) -> (artifact id: 'e9cc75b771b657c6c64c63fb4d102f4c') in 0.006787346 seconds
Number of updated asset objects reloaded before import = 0Number of asset objects unloaded after import = 7

========================================================================
Received Import Request.
  Time since last request: 0.000008 seconds.
  path: Assets/JC_LP_MegaCity/Models/Floor/SM_Floor_RoadPart_04.fbx
  artifactKey: Guid(f54e176945b514342aab74af61e584d2) Importer(2089858483,b0f066a214c2f5e87bad3c948f4d605d)
Start importing Assets/JC_LP_MegaCity/Models/Floor/SM_Floor_RoadPart_04.fbx using Guid(f54e176945b514342aab74af61e584d2) Importer(2089858483,b0f066a214c2f5e87bad3c948f4d605d) (ScriptedImporter) -> (artifact id: '198485123a645a5c3e32af9224818a57') in 0.005008825 seconds
Number of updated asset objects reloaded before import = 0Number of asset objects unloaded after import = 7

========================================================================
Received Import Request.
  Time since last request: 0.000007 seconds.
  path: Assets/JC_LP_MegaCity/Models/Buildings/SM_Buildings_Hotel_01.fbx
  artifactKey: Guid(1a78d0cef10c141408e55b68d7612cec) Importer(2089858483,b0f066a214c2f5e87bad3c948f4d605d)
Start importing Assets/JC_LP_MegaCity/Models/Buildings/SM_Buildings_Hotel_01.fbx using Guid(1a78d0cef10c141408e55b68d7612cec) Importer(2089858483,b0f066a214c2f5e87bad3c948f4d605d) (ScriptedImporter) -> (artifact id: '9c3c39be1baad3892af568b838499d2c') in 0.004789186 seconds
Number of updated asset objects reloaded before import = 0Number of asset objects unloaded after import = 7

========================================================================
Received Import Request.
  Time since last request: 0.000007 seconds.
  path: Assets/JC_LP_MegaCity/Prefabs/Buildings/SM_Buildings_Tenis_01.prefab
  artifactKey: Guid(7f7896b78e759a645a6791dbac4c31d4) Importer(2089858483,b0f066a214c2f5e87bad3c948f4d605d)
Start importing Assets/JC_LP_MegaCity/Prefabs/Buildings/SM_Buildings_Tenis_01.prefab using Guid(7f7896b78e759a645a6791dbac4c31d4) Importer(2089858483,b0f066a214c2f5e87bad3c948f4d605d) (ScriptedImporter) -> (artifact id: '7b61592074a368744163d44f7a6394ff') in 0.004224879 seconds
Number of updated asset objects reloaded before import = 0Number of asset objects unloaded after import = 9

========================================================================
Received Import Request.
  Time since last request: 0.000010 seconds.
  path: Assets/JC_LP_MegaCity/Prefabs/BuildingsDecor/SM_BuildingsDecor_30.prefab
  artifactKey: Guid(33408e4f85572834fb993b8334bb852b) Importer(2089858483,b0f066a214c2f5e87bad3c948f4d605d)
Start importing Assets/JC_LP_MegaCity/Prefabs/BuildingsDecor/SM_BuildingsDecor_30.prefab using Guid(33408e4f85572834fb993b8334bb852b) Importer(2089858483,b0f066a214c2f5e87bad3c948f4d605d) (ScriptedImporter) -> (artifact id: 'ea720b60171a1ecaf11015587392aa0a') in 0.003951991 seconds
Number of updated asset objects reloaded before import = 0Number of asset objects unloaded after import = 9

========================================================================
Received Import Request.
  Time since last request: 0.000009 seconds.
  path: Assets/JC_LP_MegaCity/Models/Food/SM_Food_Garlic_01.fbx
  artifactKey: Guid(066278ef2184c644fb43c4144d62c200) Importer(2089858483,b0f066a214c2f5e87bad3c948f4d605d)
Start importing Assets/JC_LP_MegaCity/Models/Food/SM_Food_Garlic_01.fbx using Guid(066278ef2184c644fb43c4144d62c200) Importer(2089858483,b0f066a214c2f5e87bad3c948f4d605d) (ScriptedImporter) -> (artifact id: '86763d146c6f239e9a8af7b50dc56ef7') in 0.0058937 seconds
Number of updated asset objects reloaded before import = 0Number of asset objects unloaded after import = 7

========================================================================
Received Import Request.
  Time since last request: 0.000010 seconds.
  path: Assets/JC_LP_MegaCity/Models/BuildingsDecor/SM_BuildingsDecor_39.fbx
  artifactKey: Guid(726fbdcfd77a5ba4b89229d5604f1ddb) Importer(2089858483,b0f066a214c2f5e87bad3c948f4d605d)
Start importing Assets/JC_LP_MegaCity/Models/BuildingsDecor/SM_BuildingsDecor_39.fbx using Guid(726fbdcfd77a5ba4b89229d5604f1ddb) Importer(2089858483,b0f066a214c2f5e87bad3c948f4d605d) (ScriptedImporter) -> (artifact id: '9c61cbb677a8684d3f84c4c31f61abcb') in 0.004430937 seconds
Number of updated asset objects reloaded before import = 0Number of asset objects unloaded after import = 7

========================================================================
Received Import Request.
  Time since last request: 0.000007 seconds.
  path: Assets/JC_LP_MegaCity/Models/Buildings/SM_Buildings_House_05_Door_L.fbx
  artifactKey: Guid(b770e4e736667534bbe58786e0f9279c) Importer(2089858483,b0f066a214c2f5e87bad3c948f4d605d)
Start importing Assets/JC_LP_MegaCity/Models/Buildings/SM_Buildings_House_05_Door_L.fbx using Guid(b770e4e736667534bbe58786e0f9279c) Importer(2089858483,b0f066a214c2f5e87bad3c948f4d605d) (ScriptedImporter) -> (artifact id: '0328276a6197e7b0c69bb2665dc194c6') in 0.004358188 seconds
Number of updated asset objects reloaded before import = 0Number of asset objects unloaded after import = 7

========================================================================
Received Import Request.
  Time since last request: 0.000010 seconds.
  path: Assets/JC_LP_MegaCity/Models/Floor/SM_Floor_Garden_01.fbx
  artifactKey: Guid(6bc2ebe8c388b9c4c933a04116fe7feb) Importer(2089858483,b0f066a214c2f5e87bad3c948f4d605d)
Start importing Assets/JC_LP_MegaCity/Models/Floor/SM_Floor_Garden_01.fbx using Guid(6bc2ebe8c388b9c4c933a04116fe7feb) Importer(2089858483,b0f066a214c2f5e87bad3c948f4d605d) (ScriptedImporter) -> (artifact id: '3bead398d5a59c35ed2272516c62abbc') in 0.004276139 seconds
Number of updated asset objects reloaded before import = 0Number of asset objects unloaded after import = 7

========================================================================
Received Import Request.
  Time since last request: 0.000013 seconds.
  path: Assets/JC_LP_MegaCity/Prefabs/Buildings/SM_Buildings_Commercial_13.prefab
  artifactKey: Guid(3fc28bc3e601f6f429253fe88fe3557e) Importer(2089858483,b0f066a214c2f5e87bad3c948f4d605d)
Start importing Assets/JC_LP_MegaCity/Prefabs/Buildings/SM_Buildings_Commercial_13.prefab using Guid(3fc28bc3e601f6f429253fe88fe3557e) Importer(2089858483,b0f066a214c2f5e87bad3c948f4d605d) (ScriptedImporter) -> (artifact id: '7ba97177e8ecfbce073715647ec2bcd0') in 0.005109405 seconds
Number of updated asset objects reloaded before import = 0Number of asset objects unloaded after import = 23

========================================================================
Received Import Request.
  Time since last request: 0.000007 seconds.
  path: Assets/JC_LP_MegaCity/Prefabs/Food/SM_Food_Pancakes_01.prefab
  artifactKey: Guid(76dce2bf509f58540909de90e36f8128) Importer(2089858483,b0f066a214c2f5e87bad3c948f4d605d)
Start importing Assets/JC_LP_MegaCity/Prefabs/Food/SM_Food_Pancakes_01.prefab using Guid(76dce2bf509f58540909de90e36f8128) Importer(2089858483,b0f066a214c2f5e87bad3c948f4d605d) (ScriptedImporter) -> (artifact id: 'd51a31155cc38af0fa098764ca2e5bc8') in 0.005346743 seconds
Number of updated asset objects reloaded before import = 0Number of asset objects unloaded after import = 9

========================================================================
Received Import Request.
  Time since last request: 0.000008 seconds.
  path: Assets/JC_LP_MegaCity/Models/Props/SM_Props_Bench_01.fbx
  artifactKey: Guid(0f118c5935d3ef144959f0c8dc7a1aab) Importer(2089858483,b0f066a214c2f5e87bad3c948f4d605d)
Start importing Assets/JC_LP_MegaCity/Models/Props/SM_Props_Bench_01.fbx using Guid(0f118c5935d3ef144959f0c8dc7a1aab) Importer(2089858483,b0f066a214c2f5e87bad3c948f4d605d) (ScriptedImporter) -> (artifact id: '9f3d0f4c1661ef93a123d755f68e6ecc') in 0.004220389 seconds
Number of updated asset objects reloaded before import = 0Number of asset objects unloaded after import = 7

========================================================================
Received Import Request.
  Time since last request: 0.000007 seconds.
  path: Assets/JC_LP_MegaCity/Prefabs/BuildingsDecor/SM_BuildingsDecor_23.prefab
  artifactKey: Guid(c6d72f3b9d9c66f439ac89661adda07b) Importer(2089858483,b0f066a214c2f5e87bad3c948f4d605d)
Start importing Assets/JC_LP_MegaCity/Prefabs/BuildingsDecor/SM_BuildingsDecor_23.prefab using Guid(c6d72f3b9d9c66f439ac89661adda07b) Importer(2089858483,b0f066a214c2f5e87bad3c948f4d605d) (ScriptedImporter) -> (artifact id: '974c8bda0ddf7f228d7e1a3887bb0530') in 0.003918361 seconds
Number of updated asset objects reloaded before import = 0Number of asset objects unloaded after import = 9

========================================================================
Received Import Request.
  Time since last request: 0.000007 seconds.
  path: Assets/JC_LP_MegaCity/Prefabs/Buildings/SM_Buildings_Commercial_04.prefab
  artifactKey: Guid(a718ecf4a2ce14345b8ee65557c75f8c) Importer(2089858483,b0f066a214c2f5e87bad3c948f4d605d)
Start importing Assets/JC_LP_MegaCity/Prefabs/Buildings/SM_Buildings_Commercial_04.prefab using Guid(a718ecf4a2ce14345b8ee65557c75f8c) Importer(2089858483,b0f066a214c2f5e87bad3c948f4d605d) (ScriptedImporter) -> (artifact id: '66e5230f8b24e1868384b4a0506b2454') in 0.004334158 seconds
Number of updated asset objects reloaded before import = 0Number of asset objects unloaded after import = 15

========================================================================
Received Import Request.
  Time since last request: 0.000007 seconds.
  path: Assets/JC_LP_MegaCity/Prefabs/Buildings/SM_Buildings_Skyscraper_06.prefab
  artifactKey: Guid(f5610e1db9ec75d4a8314605bf8e59d3) Importer(2089858483,b0f066a214c2f5e87bad3c948f4d605d)
Start importing Assets/JC_LP_MegaCity/Prefabs/Buildings/SM_Buildings_Skyscraper_06.prefab using Guid(f5610e1db9ec75d4a8314605bf8e59d3) Importer(2089858483,b0f066a214c2f5e87bad3c948f4d605d) (ScriptedImporter) -> (artifact id: 'bf8b0f5732f7a5c5b5bf87f82799345b') in 0.005544752 seconds
Number of updated asset objects reloaded before import = 0Number of asset objects unloaded after import = 34

========================================================================
Received Import Request.
  Time since last request: 0.000008 seconds.
  path: Assets/JC_LP_MegaCity/Prefabs/Nature/SM_Nature_Landscape_04.prefab
  artifactKey: Guid(ab06c0bfe2ce07b409c0b621a080eed5) Importer(2089858483,b0f066a214c2f5e87bad3c948f4d605d)
Start importing Assets/JC_LP_MegaCity/Prefabs/Nature/SM_Nature_Landscape_04.prefab using Guid(ab06c0bfe2ce07b409c0b621a080eed5) Importer(2089858483,b0f066a214c2f5e87bad3c948f4d605d) (ScriptedImporter) -> (artifact id: '87ecfe31108b42ac877456c052a62b18') in 0.003681762 seconds
Number of updated asset objects reloaded before import = 0Number of asset objects unloaded after import = 9

========================================================================
Received Import Request.
  Time since last request: 0.000007 seconds.
  path: Assets/JC_LP_MegaCity/Prefabs/IndustrialProps/SM_IndustrialProps_Fence_03.prefab
  artifactKey: Guid(da3c5d9148b54e04e9947f13f3e023e6) Importer(2089858483,b0f066a214c2f5e87bad3c948f4d605d)
Start importing Assets/JC_LP_MegaCity/Prefabs/IndustrialProps/SM_IndustrialProps_Fence_03.prefab using Guid(da3c5d9148b54e04e9947f13f3e023e6) Importer(2089858483,b0f066a214c2f5e87bad3c948f4d605d) (ScriptedImporter) -> (artifact id: 'fd73d1c11b170088dc29e8b962d20f8e') in 0.005091734 seconds
Number of updated asset objects reloaded before import = 0Number of asset objects unloaded after import = 21

========================================================================
Received Import Request.
  Time since last request: 0.000007 seconds.
  path: Assets/JC_LP_MegaCity/Prefabs/Floor/SM_Floor_Metro_06.prefab
  artifactKey: Guid(2bde74c17c48610408fc2cd2bacf458f) Importer(2089858483,b0f066a214c2f5e87bad3c948f4d605d)
Start importing Assets/JC_LP_MegaCity/Prefabs/Floor/SM_Floor_Metro_06.prefab using Guid(2bde74c17c48610408fc2cd2bacf458f) Importer(2089858483,b0f066a214c2f5e87bad3c948f4d605d) (ScriptedImporter) -> (artifact id: '0a0e70b4298686af89b024988def282b') in 0.004942415 seconds
Number of updated asset objects reloaded before import = 0Number of asset objects unloaded after import = 10

========================================================================
Received Import Request.
  Time since last request: 0.000007 seconds.
  path: Assets/JC_LP_MegaCity/Prefabs/FloorProps/SM_FloorProps_RoadSign_43.prefab
  artifactKey: Guid(f6d1d658c092b7c4fbe31aee8d44d091) Importer(2089858483,b0f066a214c2f5e87bad3c948f4d605d)
Start importing Assets/JC_LP_MegaCity/Prefabs/FloorProps/SM_FloorProps_RoadSign_43.prefab using Guid(f6d1d658c092b7c4fbe31aee8d44d091) Importer(2089858483,b0f066a214c2f5e87bad3c948f4d605d) (ScriptedImporter) -> (artifact id: '15f49ea210a5e9cae2f2ff52f75b9941') in 0.003429063 seconds
Number of updated asset objects reloaded before import = 0Number of asset objects unloaded after import = 9

========================================================================
Received Import Request.
  Time since last request: 0.000009 seconds.
  path: Assets/JC_LP_MegaCity/Models/Buildings/SM_Buildings_House_03_V4.fbx
  artifactKey: Guid(750eacc7830483b44aaa30ad2da67a10) Importer(2089858483,b0f066a214c2f5e87bad3c948f4d605d)
Start importing Assets/JC_LP_MegaCity/Models/Buildings/SM_Buildings_House_03_V4.fbx using Guid(750eacc7830483b44aaa30ad2da67a10) Importer(2089858483,b0f066a214c2f5e87bad3c948f4d605d) (ScriptedImporter) -> (artifact id: 'd02971f6e8d47fdb812187b13fbed718') in 0.004875205 seconds
Number of updated asset objects reloaded before import = 0Number of asset objects unloaded after import = 7

========================================================================
Received Import Request.
  Time since last request: 0.000011 seconds.
  path: Assets/JC_LP_MegaCity/Prefabs/Vehicles/SM_Vehicles_10_V1.prefab
  artifactKey: Guid(e5426f8107e2e6944b2654f6c12d9d25) Importer(2089858483,b0f066a214c2f5e87bad3c948f4d605d)
Start importing Assets/JC_LP_MegaCity/Prefabs/Vehicles/SM_Vehicles_10_V1.prefab using Guid(e5426f8107e2e6944b2654f6c12d9d25) Importer(2089858483,b0f066a214c2f5e87bad3c948f4d605d) (ScriptedImporter) -> (artifact id: '03333a2c50341e8c4a636292903c6cb4') in 0.002650357 seconds
Number of updated asset objects reloaded before import = 0Number of asset objects unloaded after import = 34

========================================================================
Received Import Request.
  Time since last request: 0.000015 seconds.
  path: Assets/JC_LP_MegaCity/Prefabs/Props/SM_Props_Cafe_19.prefab
  artifactKey: Guid(1afb6f6da8ac72b48a311882ff6167bf) Importer(2089858483,b0f066a214c2f5e87bad3c948f4d605d)
Start importing Assets/JC_LP_MegaCity/Prefabs/Props/SM_Props_Cafe_19.prefab using Guid(1afb6f6da8ac72b48a311882ff6167bf) Importer(2089858483,b0f066a214c2f5e87bad3c948f4d605d) (ScriptedImporter) -> (artifact id: '78df23c6ded0bf0f0c9647905ff1a973') in 0.00394837 seconds
Number of updated asset objects reloaded before import = 0Number of asset objects unloaded after import = 9

========================================================================
Received Import Request.
  Time since last request: 0.000008 seconds.
  path: Assets/JC_LP_MegaCity/Prefabs/Buildings/SM_Buildings_Office_04.prefab
  artifactKey: Guid(3997431960c84e2498d3945f51e93d1f) Importer(2089858483,b0f066a214c2f5e87bad3c948f4d605d)
Start importing Assets/JC_LP_MegaCity/Prefabs/Buildings/SM_Buildings_Office_04.prefab using Guid(3997431960c84e2498d3945f51e93d1f) Importer(2089858483,b0f066a214c2f5e87bad3c948f4d605d) (ScriptedImporter) -> (artifact id: '995497653be810ab4e873a7982874021') in 0.004816246 seconds
Number of updated asset objects reloaded before import = 0Number of asset objects unloaded after import = 34

========================================================================
Received Import Request.
  Time since last request: 0.000007 seconds.
  path: Assets/JC_LP_MegaCity/Prefabs/Food/SM_Food_Pan_01.prefab
  artifactKey: Guid(f1ee5bc6cff3e1d47b247dc89b156477) Importer(2089858483,b0f066a214c2f5e87bad3c948f4d605d)
Start importing Assets/JC_LP_MegaCity/Prefabs/Food/SM_Food_Pan_01.prefab using Guid(f1ee5bc6cff3e1d47b247dc89b156477) Importer(2089858483,b0f066a214c2f5e87bad3c948f4d605d) (ScriptedImporter) -> (artifact id: '3a2369bfb25197a7c0ce67e1444e5bd0') in 0.005354523 seconds
Number of updated asset objects reloaded before import = 0Number of asset objects unloaded after import = 9

========================================================================
Received Import Request.
  Time since last request: 0.000008 seconds.
  path: Assets/JC_LP_MegaCity/Prefabs/Food/SM_Food_Hotdog_01.prefab
  artifactKey: Guid(a9d42ef9e2d38b74e92e0435791898eb) Importer(2089858483,b0f066a214c2f5e87bad3c948f4d605d)
Start importing Assets/JC_LP_MegaCity/Prefabs/Food/SM_Food_Hotdog_01.prefab using Guid(a9d42ef9e2d38b74e92e0435791898eb) Importer(2089858483,b0f066a214c2f5e87bad3c948f4d605d) (ScriptedImporter) -> (artifact id: '8395f7638404183eab4f0f4853589037') in 0.003464172 seconds
Number of updated asset objects reloaded before import = 0Number of asset objects unloaded after import = 9

========================================================================
Received Import Request.
  Time since last request: 0.000007 seconds.
  path: Assets/JC_LP_MegaCity/Models/Buildings/SM_Buildings_House_01_V4.fbx
  artifactKey: Guid(390a95a162d2938469521974bae76f2e) Importer(2089858483,b0f066a214c2f5e87bad3c948f4d605d)
Start importing Assets/JC_LP_MegaCity/Models/Buildings/SM_Buildings_House_01_V4.fbx using Guid(390a95a162d2938469521974bae76f2e) Importer(2089858483,b0f066a214c2f5e87bad3c948f4d605d) (ScriptedImporter) -> (artifact id: '7537d9d71f4e7043d8e62d1fb02c129d') in 0.005214354 seconds
Number of updated asset objects reloaded before import = 0Number of asset objects unloaded after import = 7

========================================================================
Received Import Request.
  Time since last request: 0.000011 seconds.
  path: Assets/JC_LP_MegaCity/Prefabs/Floor/SM_Floor_Road_11.prefab
  artifactKey: Guid(1a7fc64c9ad4a094c8b286cd73a46720) Importer(2089858483,b0f066a214c2f5e87bad3c948f4d605d)
Start importing Assets/JC_LP_MegaCity/Prefabs/Floor/SM_Floor_Road_11.prefab using Guid(1a7fc64c9ad4a094c8b286cd73a46720) Importer(2089858483,b0f066a214c2f5e87bad3c948f4d605d) (ScriptedImporter) -> (artifact id: '58a626048fe11792ccc8f637de7e03f3') in 0.003659831 seconds
Number of updated asset objects reloaded before import = 0Number of asset objects unloaded after import = 9

========================================================================
Received Import Request.
  Time since last request: 0.000007 seconds.
  path: Assets/JC_LP_MegaCity/Models/Floor/SM_Floor_Tile_03.fbx
  artifactKey: Guid(e0e0df04bd04c5a4d8d68082e2c74031) Importer(2089858483,b0f066a214c2f5e87bad3c948f4d605d)
Start importing Assets/JC_LP_MegaCity/Models/Floor/SM_Floor_Tile_03.fbx using Guid(e0e0df04bd04c5a4d8d68082e2c74031) Importer(2089858483,b0f066a214c2f5e87bad3c948f4d605d) (ScriptedImporter) -> (artifact id: '29176205257567503d1db08b5631989f') in 0.004230928 seconds
Number of updated asset objects reloaded before import = 0Number of asset objects unloaded after import = 7

========================================================================
Received Import Request.
  Time since last request: 0.000007 seconds.
  path: Assets/JC_LP_MegaCity/Models/Floor/SM_Floor_Road_20.fbx
  artifactKey: Guid(3f583a8f76f5dc94799b9f2629f97ec4) Importer(2089858483,b0f066a214c2f5e87bad3c948f4d605d)
Start importing Assets/JC_LP_MegaCity/Models/Floor/SM_Floor_Road_20.fbx using Guid(3f583a8f76f5dc94799b9f2629f97ec4) Importer(2089858483,b0f066a214c2f5e87bad3c948f4d605d) (ScriptedImporter) -> (artifact id: '267e8fc834f1b868d47d0cc7dc51e351') in 0.005509692 seconds
Number of updated asset objects reloaded before import = 0Number of asset objects unloaded after import = 7

========================================================================
Received Import Request.
  Time since last request: 0.000008 seconds.
  path: Assets/JC_LP_MegaCity/Prefabs/Props/SM_Props_Pool_05.prefab
  artifactKey: Guid(e63ae6f0c901e084a97af8672644dc9b) Importer(2089858483,b0f066a214c2f5e87bad3c948f4d605d)
Start importing Assets/JC_LP_MegaCity/Prefabs/Props/SM_Props_Pool_05.prefab using Guid(e63ae6f0c901e084a97af8672644dc9b) Importer(2089858483,b0f066a214c2f5e87bad3c948f4d605d) (ScriptedImporter) -> (artifact id: '1b0dfef6412522d6915b36b3f0345be2') in 0.003292913 seconds
Number of updated asset objects reloaded before import = 0Number of asset objects unloaded after import = 9

========================================================================
Received Import Request.
  Time since last request: 0.000008 seconds.
  path: Assets/JC_LP_MegaCity/Models/Props/SM_Props_Cafe_09.fbx
  artifactKey: Guid(2f4e0988f86dad94c901d6e473cf7d41) Importer(2089858483,b0f066a214c2f5e87bad3c948f4d605d)
Start importing Assets/JC_LP_MegaCity/Models/Props/SM_Props_Cafe_09.fbx using Guid(2f4e0988f86dad94c901d6e473cf7d41) Importer(2089858483,b0f066a214c2f5e87bad3c948f4d605d) (ScriptedImporter) -> (artifact id: '768d5b3a6d6cc338c7bab52691b7fe06') in 0.004344628 seconds
Number of updated asset objects reloaded before import = 0Number of asset objects unloaded after import = 7

========================================================================
Received Import Request.
  Time since last request: 0.000008 seconds.
  path: Assets/JC_LP_MegaCity/Models/Buildings/SM_Buildings_Commercial_14_Door_L.fbx
  artifactKey: Guid(d94746a5019d5dc4798b83821e9d82e9) Importer(2089858483,b0f066a214c2f5e87bad3c948f4d605d)
Start importing Assets/JC_LP_MegaCity/Models/Buildings/SM_Buildings_Commercial_14_Door_L.fbx using Guid(d94746a5019d5dc4798b83821e9d82e9) Importer(2089858483,b0f066a214c2f5e87bad3c948f4d605d) (ScriptedImporter) -> (artifact id: '88408420a508849b625a64496f3c61d3') in 0.004319278 seconds
Number of updated asset objects reloaded before import = 0Number of asset objects unloaded after import = 7

========================================================================
Received Import Request.
  Time since last request: 0.000011 seconds.
  path: Assets/JC_LP_MegaCity/Models/Buildings/SM_Buildings_Port_04.fbx
  artifactKey: Guid(94f0b447f09a8d04ea487bc141ba4a96) Importer(2089858483,b0f066a214c2f5e87bad3c948f4d605d)
Start importing Assets/JC_LP_MegaCity/Models/Buildings/SM_Buildings_Port_04.fbx using Guid(94f0b447f09a8d04ea487bc141ba4a96) Importer(2089858483,b0f066a214c2f5e87bad3c948f4d605d) (ScriptedImporter) -> (artifact id: '0ce7226de99c3b327f5ec46ffea7e545') in 0.004421078 seconds
Number of updated asset objects reloaded before import = 0Number of asset objects unloaded after import = 7

========================================================================
Received Import Request.
  Time since last request: 0.000014 seconds.
  path: Assets/JC_LP_MegaCity/Prefabs/Buildings/SM_Buildings_House_06_V3.prefab
  artifactKey: Guid(4e787947e3ccacf4b969de5b20056db7) Importer(2089858483,b0f066a214c2f5e87bad3c948f4d605d)
Start importing Assets/JC_LP_MegaCity/Prefabs/Buildings/SM_Buildings_House_06_V3.prefab using Guid(4e787947e3ccacf4b969de5b20056db7) Importer(2089858483,b0f066a214c2f5e87bad3c948f4d605d) (ScriptedImporter) -> (artifact id: '64106add894793d76946197cf3c40416') in 0.006542207 seconds
Number of updated asset objects reloaded before import = 0Number of asset objects unloaded after import = 34

========================================================================
Received Import Request.
  Time since last request: 0.000008 seconds.
  path: Assets/JC_LP_MegaCity/Prefabs/FloorProps/SM_FloorProps_RoadSign_08.prefab
  artifactKey: Guid(7f7b1ccc9f82f4f4e8906d1c4ec864ac) Importer(2089858483,b0f066a214c2f5e87bad3c948f4d605d)
Start importing Assets/JC_LP_MegaCity/Prefabs/FloorProps/SM_FloorProps_RoadSign_08.prefab using Guid(7f7b1ccc9f82f4f4e8906d1c4ec864ac) Importer(2089858483,b0f066a214c2f5e87bad3c948f4d605d) (ScriptedImporter) -> (artifact id: '4ecdf419f72018ccb4b3a9ff5fbb9311') in 0.003348354 seconds
Number of updated asset objects reloaded before import = 0Number of asset objects unloaded after import = 9

========================================================================
Received Import Request.
  Time since last request: 0.000008 seconds.
  path: Assets/JC_LP_MegaCity/Prefabs/Nature/SM_Nature_Tree_07.prefab
  artifactKey: Guid(3703e33e2b4b8d1458585671a43b39e3) Importer(2089858483,b0f066a214c2f5e87bad3c948f4d605d)
Start importing Assets/JC_LP_MegaCity/Prefabs/Nature/SM_Nature_Tree_07.prefab using Guid(3703e33e2b4b8d1458585671a43b39e3) Importer(2089858483,b0f066a214c2f5e87bad3c948f4d605d) (ScriptedImporter) -> (artifact id: 'ace7375fac328ea30903ac8aa0f533a2') in 0.002148729 seconds
Number of updated asset objects reloaded before import = 0Number of asset objects unloaded after import = 17

========================================================================
Received Import Request.
  Time since last request: 0.000008 seconds.
  path: Assets/JC_LP_MegaCity/Prefabs/Floor/SM_Floor_Metro_11.prefab
  artifactKey: Guid(ec137988bb2e8d74198e7bbbb2950216) Importer(2089858483,b0f066a214c2f5e87bad3c948f4d605d)
Start importing Assets/JC_LP_MegaCity/Prefabs/Floor/SM_Floor_Metro_11.prefab using Guid(ec137988bb2e8d74198e7bbbb2950216) Importer(2089858483,b0f066a214c2f5e87bad3c948f4d605d) (ScriptedImporter) -> (artifact id: '78ec2f56646760964f8d55c896eb34ef') in 0.004472668 seconds
Number of updated asset objects reloaded before import = 0Number of asset objects unloaded after import = 9

========================================================================
Received Import Request.
  Time since last request: 0.000008 seconds.
  path: Assets/JC_LP_MegaCity/Prefabs/Food/SM_Food_FoodBox_09.prefab
  artifactKey: Guid(a4f62e4359c59bf4c8e6dcc9e7c02abe) Importer(2089858483,b0f066a214c2f5e87bad3c948f4d605d)
Start importing Assets/JC_LP_MegaCity/Prefabs/Food/SM_Food_FoodBox_09.prefab using Guid(a4f62e4359c59bf4c8e6dcc9e7c02abe) Importer(2089858483,b0f066a214c2f5e87bad3c948f4d605d) (ScriptedImporter) -> (artifact id: '4c6e714978421a044c833aa152e2e27a') in 0.003200574 seconds
Number of updated asset objects reloaded before import = 0Number of asset objects unloaded after import = 9

========================================================================
Received Import Request.
  Time since last request: 0.000051 seconds.
  path: Assets/JC_LP_MegaCity/Prefabs/BuildingsDecor/SM_BuildingsDecor_55.prefab
  artifactKey: Guid(42d24c67a0d38ce4bb2ba2194dddb546) Importer(2089858483,b0f066a214c2f5e87bad3c948f4d605d)
Start importing Assets/JC_LP_MegaCity/Prefabs/BuildingsDecor/SM_BuildingsDecor_55.prefab using Guid(42d24c67a0d38ce4bb2ba2194dddb546) Importer(2089858483,b0f066a214c2f5e87bad3c948f4d605d) (ScriptedImporter) -> (artifact id: 'afc85b817ac11931410037ad9994018e') in 0.003727211 seconds
Number of updated asset objects reloaded before import = 0Number of asset objects unloaded after import = 10

========================================================================
Received Import Request.
  Time since last request: 0.000007 seconds.
  path: Assets/JC_LP_MegaCity/Models/Food/SM_Food_Cup_02.fbx
  artifactKey: Guid(88cfeb94829cf834cb61a0f472ed7195) Importer(2089858483,b0f066a214c2f5e87bad3c948f4d605d)
Start importing Assets/JC_LP_MegaCity/Models/Food/SM_Food_Cup_02.fbx using Guid(88cfeb94829cf834cb61a0f472ed7195) Importer(2089858483,b0f066a214c2f5e87bad3c948f4d605d) (ScriptedImporter) -> (artifact id: '2a60ca2c6c675f2ff4ecf7c591835bb5') in 0.004572367 seconds
Number of updated asset objects reloaded before import = 0Number of asset objects unloaded after import = 7

========================================================================
Received Import Request.
  Time since last request: 0.000009 seconds.
  path: Assets/JC_LP_MegaCity/Prefabs/Floor/SM_Floor_Tile_11.prefab
  artifactKey: Guid(6287e4e6a6b201d4c8c98a89c917525c) Importer(2089858483,b0f066a214c2f5e87bad3c948f4d605d)
Start importing Assets/JC_LP_MegaCity/Prefabs/Floor/SM_Floor_Tile_11.prefab using Guid(6287e4e6a6b201d4c8c98a89c917525c) Importer(2089858483,b0f066a214c2f5e87bad3c948f4d605d) (ScriptedImporter) -> (artifact id: '824183cc9b30c92793861b44ec431bad') in 0.00593253 seconds
Number of updated asset objects reloaded before import = 0Number of asset objects unloaded after import = 9

========================================================================
Received Import Request.
  Time since last request: 0.000008 seconds.
  path: Assets/JC_LP_MegaCity/Models/Props/SM_Props_Pool_08.fbx
  artifactKey: Guid(4d0b7c2c57a8b34438deb5216767ef44) Importer(2089858483,b0f066a214c2f5e87bad3c948f4d605d)
Start importing Assets/JC_LP_MegaCity/Models/Props/SM_Props_Pool_08.fbx using Guid(4d0b7c2c57a8b34438deb5216767ef44) Importer(2089858483,b0f066a214c2f5e87bad3c948f4d605d) (ScriptedImporter) -> (artifact id: '1563f559672fe167a494c1af69f3ab72') in 0.004765226 seconds
Number of updated asset objects reloaded before import = 0Number of asset objects unloaded after import = 7

========================================================================
Received Import Request.
  Time since last request: 0.000009 seconds.
  path: Assets/JC_LP_MegaCity/Prefabs/Vehicles/SM_Vehicles_Truck_02_V1.prefab
  artifactKey: Guid(25dd5d78fe192414d8513bf44b3685c0) Importer(2089858483,b0f066a214c2f5e87bad3c948f4d605d)
Start importing Assets/JC_LP_MegaCity/Prefabs/Vehicles/SM_Vehicles_Truck_02_V1.prefab using Guid(25dd5d78fe192414d8513bf44b3685c0) Importer(2089858483,b0f066a214c2f5e87bad3c948f4d605d) (ScriptedImporter) -> (artifact id: '1f471dea800f7f87f7d2d999e57d5ea8') in 0.002805816 seconds
Number of updated asset objects reloaded before import = 0Number of asset objects unloaded after import = 46

========================================================================
Received Import Request.
  Time since last request: 0.000011 seconds.
  path: Assets/JC_LP_MegaCity/Prefabs/BuildingsDecor/SM_BuildingsDecor_31.prefab
  artifactKey: Guid(910ac3225b4c01349a8b5f2bc0bbeb02) Importer(2089858483,b0f066a214c2f5e87bad3c948f4d605d)
Start importing Assets/JC_LP_MegaCity/Prefabs/BuildingsDecor/SM_BuildingsDecor_31.prefab using Guid(910ac3225b4c01349a8b5f2bc0bbeb02) Importer(2089858483,b0f066a214c2f5e87bad3c948f4d605d) (ScriptedImporter) -> (artifact id: '4b246df9eaf49dd83481e4b8cd288b65') in 0.003595942 seconds
Number of updated asset objects reloaded before import = 0Number of asset objects unloaded after import = 9

========================================================================
Received Import Request.
  Time since last request: 0.000014 seconds.
  path: Assets/JC_LP_MegaCity/Models/Buildings/SM_Buildings_House_09_V2.fbx
  artifactKey: Guid(0fd8da557227cca49829888d458bf328) Importer(2089858483,b0f066a214c2f5e87bad3c948f4d605d)
Start importing Assets/JC_LP_MegaCity/Models/Buildings/SM_Buildings_House_09_V2.fbx using Guid(0fd8da557227cca49829888d458bf328) Importer(2089858483,b0f066a214c2f5e87bad3c948f4d605d) (ScriptedImporter) -> (artifact id: '39ff48f5f7e1d6a0e3b69a9bfaa54a13') in 0.004570807 seconds
Number of updated asset objects reloaded before import = 0Number of asset objects unloaded after import = 7

========================================================================
Received Import Request.
  Time since last request: 0.000007 seconds.
  path: Assets/JC_LP_MegaCity/Prefabs/Nature/SM_Nature_Landscape_09.prefab
  artifactKey: Guid(9ec40e7d6fe5bde438acb212228188d1) Importer(2089858483,b0f066a214c2f5e87bad3c948f4d605d)
Start importing Assets/JC_LP_MegaCity/Prefabs/Nature/SM_Nature_Landscape_09.prefab using Guid(9ec40e7d6fe5bde438acb212228188d1) Importer(2089858483,b0f066a214c2f5e87bad3c948f4d605d) (ScriptedImporter) -> (artifact id: 'f99b35f6a9766be4e27e71d303283481') in 0.003823001 seconds
Number of updated asset objects reloaded before import = 0Number of asset objects unloaded after import = 9

========================================================================
Received Import Request.
  Time since last request: 0.000008 seconds.
  path: Assets/JC_LP_MegaCity/Models/Vehicles/SM_Vehicles_10_V1.fbx
  artifactKey: Guid(ab7b5943b51cebe469811e37e14ba6ae) Importer(2089858483,b0f066a214c2f5e87bad3c948f4d605d)
Start importing Assets/JC_LP_MegaCity/Models/Vehicles/SM_Vehicles_10_V1.fbx using Guid(ab7b5943b51cebe469811e37e14ba6ae) Importer(2089858483,b0f066a214c2f5e87bad3c948f4d605d) (ScriptedImporter) -> (artifact id: '24604a6054d55b73b84ff21bdfae0094') in 0.007147414 seconds
Number of updated asset objects reloaded before import = 0Number of asset objects unloaded after import = 34

========================================================================
Received Import Request.
  Time since last request: 0.000008 seconds.
  path: Assets/JC_LP_MegaCity/Models/Buildings/SM_Buildings_Skyscraper_04_Door_L.fbx
  artifactKey: Guid(134958991b6b03846a8f9cdce7334f64) Importer(2089858483,b0f066a214c2f5e87bad3c948f4d605d)
Start importing Assets/JC_LP_MegaCity/Models/Buildings/SM_Buildings_Skyscraper_04_Door_L.fbx using Guid(134958991b6b03846a8f9cdce7334f64) Importer(2089858483,b0f066a214c2f5e87bad3c948f4d605d) (ScriptedImporter) -> (artifact id: 'd376944a4f0e0241d790af7dfed4761a') in 0.004872675 seconds
Number of updated asset objects reloaded before import = 0Number of asset objects unloaded after import = 7

========================================================================
Received Import Request.
  Time since last request: 0.000008 seconds.
  path: Assets/JC_LP_MegaCity/Models/Buildings/SM_Buildings_House_03_V2.fbx
  artifactKey: Guid(b1d3dbee0d7be7d4a9c14dfd19b2ea1f) Importer(2089858483,b0f066a214c2f5e87bad3c948f4d605d)
Start importing Assets/JC_LP_MegaCity/Models/Buildings/SM_Buildings_House_03_V2.fbx using Guid(b1d3dbee0d7be7d4a9c14dfd19b2ea1f) Importer(2089858483,b0f066a214c2f5e87bad3c948f4d605d) (ScriptedImporter) -> (artifact id: '871819e77d11be848dacc04bf5533f9a') in 0.005039975 seconds
Number of updated asset objects reloaded before import = 0Number of asset objects unloaded after import = 7

========================================================================
Received Import Request.
  Time since last request: 0.000007 seconds.
  path: Assets/JC_LP_MegaCity/Prefabs/FloorProps/SM_FloorProps_RoadSign_15.prefab
  artifactKey: Guid(1267930caeca2a642996f647ca6bf432) Importer(2089858483,b0f066a214c2f5e87bad3c948f4d605d)
Start importing Assets/JC_LP_MegaCity/Prefabs/FloorProps/SM_FloorProps_RoadSign_15.prefab using Guid(1267930caeca2a642996f647ca6bf432) Importer(2089858483,b0f066a214c2f5e87bad3c948f4d605d) (ScriptedImporter) -> (artifact id: '75ac3b8d4536d3cbd8177aa257e131b6') in 0.004157609 seconds
Number of updated asset objects reloaded before import = 0Number of asset objects unloaded after import = 9

========================================================================
Received Import Request.
  Time since last request: 0.000009 seconds.
  path: Assets/JC_LP_MegaCity/Models/Buildings/SM_Buildings_University_01_Door_02_L.fbx
  artifactKey: Guid(71cbf54a617d4d44aabb11c00cfcc94c) Importer(2089858483,b0f066a214c2f5e87bad3c948f4d605d)
Start importing Assets/JC_LP_MegaCity/Models/Buildings/SM_Buildings_University_01_Door_02_L.fbx using Guid(71cbf54a617d4d44aabb11c00cfcc94c) Importer(2089858483,b0f066a214c2f5e87bad3c948f4d605d) (ScriptedImporter) -> (artifact id: '21ba3f706a7ec7cabb6f80ae1f14d7cb') in 0.004600407 seconds
Number of updated asset objects reloaded before import = 0Number of asset objects unloaded after import = 7

========================================================================
Received Import Request.
  Time since last request: 0.000009 seconds.
  path: Assets/JC_LP_MegaCity/Models/Buildings/SM_Buildings_Car_Service_Door.fbx
  artifactKey: Guid(692aa819756de1d41961ec5e2fe49eab) Importer(2089858483,b0f066a214c2f5e87bad3c948f4d605d)
Start importing Assets/JC_LP_MegaCity/Models/Buildings/SM_Buildings_Car_Service_Door.fbx using Guid(692aa819756de1d41961ec5e2fe49eab) Importer(2089858483,b0f066a214c2f5e87bad3c948f4d605d) (ScriptedImporter) -> (artifact id: '445a729abc0a20e9bb7669008193fdac') in 0.006912146 seconds
Number of updated asset objects reloaded before import = 0Number of asset objects unloaded after import = 7

========================================================================
Received Import Request.
  Time since last request: 0.000012 seconds.
  path: Assets/JC_LP_MegaCity/Models/Buildings/SM_Buildings_Port_01.fbx
  artifactKey: Guid(9fd4cfd0d82348646b4d81fbadf68a87) Importer(2089858483,b0f066a214c2f5e87bad3c948f4d605d)
Start importing Assets/JC_LP_MegaCity/Models/Buildings/SM_Buildings_Port_01.fbx using Guid(9fd4cfd0d82348646b4d81fbadf68a87) Importer(2089858483,b0f066a214c2f5e87bad3c948f4d605d) (ScriptedImporter) -> (artifact id: 'c0ceb5378579b0e1e65e2bae620d4b8c') in 0.005715581 seconds
Number of updated asset objects reloaded before import = 0Number of asset objects unloaded after import = 7

========================================================================
Received Import Request.
  Time since last request: 0.000010 seconds.
  path: Assets/JC_LP_MegaCity/Prefabs/Floor/SM_Floor_Road_26.prefab
  artifactKey: Guid(f34f6ee49399d7649bf3955597fb1a86) Importer(2089858483,b0f066a214c2f5e87bad3c948f4d605d)
Start importing Assets/JC_LP_MegaCity/Prefabs/Floor/SM_Floor_Road_26.prefab using Guid(f34f6ee49399d7649bf3955597fb1a86) Importer(2089858483,b0f066a214c2f5e87bad3c948f4d605d) (ScriptedImporter) -> (artifact id: 'af3ddec19af00811062b1bd25db51863') in 0.004439057 seconds
Number of updated asset objects reloaded before import = 0Number of asset objects unloaded after import = 9

========================================================================
Received Import Request.
  Time since last request: 0.000013 seconds.
  path: Assets/JC_LP_MegaCity/Models/Food/SM_Food_FoodBox_14.fbx
  artifactKey: Guid(e1a69e5617e09c146a4fbbccab40c736) Importer(2089858483,b0f066a214c2f5e87bad3c948f4d605d)
Start importing Assets/JC_LP_MegaCity/Models/Food/SM_Food_FoodBox_14.fbx using Guid(e1a69e5617e09c146a4fbbccab40c736) Importer(2089858483,b0f066a214c2f5e87bad3c948f4d605d) (ScriptedImporter) -> (artifact id: 'b754868eef89ede0d9e32f1938c9ed54') in 0.004287158 seconds
Number of updated asset objects reloaded before import = 0Number of asset objects unloaded after import = 7

========================================================================
Received Import Request.
  Time since last request: 0.000016 seconds.
  path: Assets/JC_LP_MegaCity/Models/Buildings/SM_Buildings_School_01.fbx
  artifactKey: Guid(f88ddbcbde7fdb9468a74f4387aeddbc) Importer(2089858483,b0f066a214c2f5e87bad3c948f4d605d)
Start importing Assets/JC_LP_MegaCity/Models/Buildings/SM_Buildings_School_01.fbx using Guid(f88ddbcbde7fdb9468a74f4387aeddbc) Importer(2089858483,b0f066a214c2f5e87bad3c948f4d605d) (ScriptedImporter) -> (artifact id: '9ddb3b0fe970756dfe12ecb800de3377') in 0.004783146 seconds
Number of updated asset objects reloaded before import = 0Number of asset objects unloaded after import = 7

========================================================================
Received Import Request.
  Time since last request: 0.000008 seconds.
  path: Assets/JC_LP_MegaCity/Prefabs/Vehicles/SM_Vehicles_FireEngine.prefab
  artifactKey: Guid(e6a47e86393dd2341b3bf17156a802d3) Importer(2089858483,b0f066a214c2f5e87bad3c948f4d605d)
Start importing Assets/JC_LP_MegaCity/Prefabs/Vehicles/SM_Vehicles_FireEngine.prefab using Guid(e6a47e86393dd2341b3bf17156a802d3) Importer(2089858483,b0f066a214c2f5e87bad3c948f4d605d) (ScriptedImporter) -> (artifact id: '9e67d20e33530d0b59eacb2f5cd7b9d3') in 0.002841226 seconds
Number of updated asset objects reloaded before import = 0Number of asset objects unloaded after import = 34

========================================================================
Received Import Request.
  Time since last request: 0.000009 seconds.
  path: Assets/JC_LP_MegaCity/Models/Props/SM_Props_Cafe_18.fbx
  artifactKey: Guid(1fc4923ac4308dd4db13a42f72f235b2) Importer(2089858483,b0f066a214c2f5e87bad3c948f4d605d)
Start importing Assets/JC_LP_MegaCity/Models/Props/SM_Props_Cafe_18.fbx using Guid(1fc4923ac4308dd4db13a42f72f235b2) Importer(2089858483,b0f066a214c2f5e87bad3c948f4d605d) (ScriptedImporter) -> (artifact id: 'bbe7c1fb85cafb2a1ad78f7c8529068f') in 0.005677092 seconds
Number of updated asset objects reloaded before import = 0Number of asset objects unloaded after import = 7

========================================================================
Received Import Request.
  Time since last request: 0.000010 seconds.
  path: Assets/JC_LP_MegaCity/Prefabs
  artifactKey: Guid(31849247afaab134b9fd1940493f927a) Importer(2089858483,b0f066a214c2f5e87bad3c948f4d605d)
Start importing Assets/JC_LP_MegaCity/Prefabs using Guid(31849247afaab134b9fd1940493f927a) Importer(2089858483,b0f066a214c2f5e87bad3c948f4d605d) (ScriptedImporter) -> (artifact id: 'ff4509710830b64fbdf03f047386aea4') in 0.001080364 seconds
Number of updated asset objects reloaded before import = 0Number of asset objects unloaded after import = 1

========================================================================
Received Import Request.
  Time since last request: 0.000008 seconds.
  path: Assets/JC_LP_MegaCity/Models/Buildings/SM_Buildings_Skyscraper_02_Door_L.fbx
  artifactKey: Guid(0c3de5d9ec714114fa61d198371308b8) Importer(2089858483,b0f066a214c2f5e87bad3c948f4d605d)
Start importing Assets/JC_LP_MegaCity/Models/Buildings/SM_Buildings_Skyscraper_02_Door_L.fbx using Guid(0c3de5d9ec714114fa61d198371308b8) Importer(2089858483,b0f066a214c2f5e87bad3c948f4d605d) (ScriptedImporter) -> (artifact id: 'a76bfba6cbbcdab0057004e3fbaf7fdb') in 0.004499348 seconds
Number of updated asset objects reloaded before import = 0Number of asset objects unloaded after import = 7

Editor requested this worker to shutdown with reason: Scaling down because of idle timeout
AssetImportWorker is now disconnected from the server
Process exiting

SDL leaked 2 allocations
