[UnityConnectServicesConfig] Local config successfully read: "/usr/share/unity3d/config/services-config.json"
[UnityConnectServicesConfig] Service configuration:
    "servicesConfigBaseUrl": "",
    "disableServicesWindow": false,
    "disableUserLogin": false,
    "entitlementCacheTimeoutInSeconds": 60,
    "clientConnectTimeoutSec": 60,
    "clientHandshakeTimeoutSec": 30,
    "clientResolveEntitlementsTimeoutSec": 30,
    "clientUpdateLicenseTimeoutSec": 30,
    "licensingServiceBaseUrl": "",
    "enableProxyAutoconfig": "false"

Unity Editor version:    6000.3.7f1 (696ec25a53d1)
Branch:                  6000.3/staging
Build type:              Release
Batch mode:              YES
System name:             Linux
Distro version:          #1 SMP PREEMPT_DYNAMIC Fri, 20 Feb 2026 01:02:58 +0000
Kernel version:          6.19.3-2-cachyos
Architecture:            x86_64
Window Protocol:         Wayland (XWayland)
Available memory:        31996 MB
Date:                    2026-02-22T22:23:09Z
[Licensing::Module] Trying to connect to existing licensing client channel...
[Licensing::IpcConnector] Successfully connected to: "LicenseClient-rhiannon" at "2026-02-22T22:23:09.277683Z"
[SignatureVerifier] Application signature verification not supported on this platform.
[Licensing::Client] Handshaking with LicensingClient:
  Version:                 1.17.4+4293ba1
  Session Id:              243ad3d0952a47ba8a22f48f4cf15404
  Correlation Id:          314f5f0527a0f9810997842311347834
  External correlation Id: 8207629258313995501
  Machine Id:              f8KgvhXTc+wkx/7/K110e9qU1KE=
[Licensing::Module] Successfully connected to LicensingClient on channel: "LicenseClient-rhiannon" (connect: 0.00s, validation: 0.00s, handshake: 0.00s)
[Licensing::IpcConnector] Successfully connected to: "LicenseClient-rhiannon-notifications" at "2026-02-22T22:23:09.279141Z"
[Licensing::Module] Licensing Background thread has ended after 0.00s
Selected window backend: (null) 
Desktop is 5920 x 2560 @ 60 Hz
Initialize udev device monitor.

COMMAND LINE ARGUMENTS:
Unity
-adb2
-batchMode
-noUpm
-name
AssetImportWorker5
-projectPath
/mnt/vfs_share/School Work/Diploma/The Chase
-logFile
Logs/AssetImportWorker5.log
-srvPort
39251
-job-worker-count
11
-background-job-worker-count
8
-gc-helper-count
1
Successfully changed project path to: /mnt/vfs_share/School Work/Diploma/The Chase
/mnt/vfs_share/School Work/Diploma/The Chase
[UnityMemory] Configuration Parameters - Can be set up in boot.config
    "memorysetup-allocator-temp-initial-block-size-main=262144"
    "memorysetup-allocator-temp-initial-block-size-worker=262144"
    "memorysetup-temp-allocator-size-background-worker=32768"
    "memorysetup-temp-allocator-size-job-worker=262144"
    "memorysetup-temp-allocator-size-preload-manager=33554432"
    "memorysetup-temp-allocator-size-nav-mesh-worker=65536"
    "memorysetup-temp-allocator-size-audio-worker=65536"
    "memorysetup-temp-allocator-size-cloud-worker=32768"
    "memorysetup-temp-allocator-size-gi-baking-worker=262144"
    "memorysetup-temp-allocator-size-gi-baking-worker=262144"
    "memorysetup-temp-allocator-size-gi-baking-worker=262144"
    "memorysetup-temp-allocator-size-gi-baking-worker=262144"
    "memorysetup-temp-allocator-size-gi-baking-worker=262144"
    "memorysetup-bucket-allocator-granularity=16"
    "memorysetup-bucket-allocator-bucket-count=8"
    "memorysetup-bucket-allocator-block-size=33554432"
    "memorysetup-bucket-allocator-block-count=8"
    "memorysetup-main-allocator-block-size=16777216"
    "memorysetup-thread-allocator-block-size=16777216"
    "memorysetup-gfx-main-allocator-block-size=16777216"
    "memorysetup-gfx-thread-allocator-block-size=16777216"
    "memorysetup-cache-allocator-block-size=4194304"
    "memorysetup-typetree-allocator-block-size=2097152"
    "memorysetup-profiler-bucket-allocator-granularity=16"
    "memorysetup-profiler-bucket-allocator-bucket-count=8"
    "memorysetup-profiler-bucket-allocator-block-size=33554432"
    "memorysetup-profiler-bucket-allocator-block-count=8"
    "memorysetup-profiler-allocator-block-size=16777216"
    "memorysetup-profiler-editor-allocator-block-size=1048576"
    "memorysetup-temp-allocator-size-main=16777216"
    "memorysetup-job-temp-allocator-block-size=2097152"
    "memorysetup-job-temp-allocator-block-size-background=1048576"
    "memorysetup-job-temp-allocator-reduction-small-platforms=262144"
    "memorysetup-temp-allocator-size-gfx=262144"
Player connection [140254898433152]  Target information:

Player connection [140254898433152]  * "[IP] 192.168.1.16 [Port] 0 [Flags] 2 [Guid] 2271635449 [EditorId] 2271635449 [Version] 1048832 [Id] LinuxEditor(16,192.168.1.16) [Debug] 1 [PackageName] LinuxEditor [ProjectName] Editor" 

Player connection [140254898433152]  * "[IP] 192.168.122.1 [Port] 0 [Flags] 2 [Guid] 2271635449 [EditorId] 2271635449 [Version] 1048832 [Id] LinuxEditor(16,192.168.1.16) [Debug] 1 [PackageName] LinuxEditor [ProjectName] Editor" 

Player connection [140254898433152] Host joined multi-casting on [225.0.0.222:54997]...
Player connection [140254898433152] Host joined alternative multi-casting on [225.0.0.222:34997]...
JobSystem: Creating JobQueue using job-worker-count value 11
Input System module state changed to: Initialized.
[Physics::Module] Initialized fallback backend.
[Physics::Module] Id: 0xdecafbad
Library Redirect Path: Library/
[Physics::Module] Selected backend.
[Physics::Module] Name: PhysX
[Physics::Module] Id: 0xf2b8ea05
[Physics::Module] SDK Version: 4.1.2
[Physics::Module] Integration Version: 1.0.0
[Physics::Module] Threading Mode: Multi-Threaded
Refreshing native plugins compatible for Editor in 1.39 ms, found 0 plugins.
Preloading 0 native plugins for Editor in 0.00 ms.
Initialize engine version: 6000.3.7f1 (696ec25a53d1)
[Subsystems] Discovering subsystems at path /home/rhiannon/Unity/Hub/Editor/6000.3.7f1/Editor/Data/Resources/UnitySubsystems
[Subsystems] Discovering subsystems at path /mnt/vfs_share/School Work/Diploma/The Chase/Assets
kGfxThreadingModeNonThreaded is not supported on OpenGL Core. Reverting to kGfxThreadingModeDirect instead.
GfxDevice: creating device client; kGfxThreadingModeDirect
GLX Extensions: GLX_ARB_context_flush_control GLX_ARB_create_context GLX_ARB_create_context_no_error GLX_ARB_create_context_profile GLX_ARB_create_context_robustness GLX_ARB_fbconfig_float GLX_ARB_framebuffer_sRGB GLX_ARB_get_proc_address GLX_ARB_multisample GLX_EXT_buffer_age GLX_EXT_create_context_es2_profile GLX_EXT_create_context_es_profile GLX_EXT_fbconfig_packed_float GLX_EXT_framebuffer_sRGB GLX_EXT_no_config_context GLX_EXT_swap_control GLX_EXT_swap_control_tear GLX_EXT_texture_from_pixmap GLX_EXT_visual_info GLX_EXT_visual_rating GLX_MESA_copy_sub_buffer GLX_MESA_gl_interop GLX_MESA_query_renderer GLX_MESA_swap_control GLX_OML_sync_control GLX_SGIS_multisample GLX_SGIX_fbconfig GLX_SGIX_pbuffer GLX_SGIX_visual_select_group GLX_SGI_make_current_read GLX_SGI_video_sync 
Renderer: AMD Radeon RX 6950 XT (radeonsi, navi21, LLVM 21.1.6, DRM 3.64, 6.19.3-2-cachyos)
Vendor:   AMD
Version:  4.6 (Core Profile) Mesa 25.3.5-arch1.2
GLES:     0
 GL_AMD_conservative_depth GL_AMD_depth_clamp_separate GL_AMD_draw_buffers_blend GL_AMD_framebuffer_multisample_advanced GL_AMD_gpu_shader_int64 GL_AMD_multi_draw_indirect GL_AMD_performance_monitor GL_AMD_pinned_memory GL_AMD_query_buffer_object GL_AMD_seamless_cubemap_per_texture GL_AMD_shader_stencil_export GL_AMD_shader_trinary_minmax GL_AMD_texture_texture4 GL_AMD_vertex_shader_layer GL_AMD_vertex_shader_viewport_index GL_ANGLE_texture_compression_dxt3 GL_ANGLE_texture_compression_dxt5 GL_ARB_ES2_compatibility GL_ARB_ES3_1_compatibility GL_ARB_ES3_2_compatibility GL_ARB_ES3_compatibility GL_ARB_arrays_of_arrays GL_ARB_base_instance GL_ARB_bindless_texture GL_ARB_blend_func_extended GL_ARB_buffer_storage GL_ARB_clear_buffer_object GL_ARB_clear_texture GL_ARB_clip_control GL_ARB_color_buffer_float GL_ARB_compressed_texture_pixel_storage GL_ARB_compute_shader GL_ARB_compute_variable_group_size GL_ARB_conditional_render_inverted GL_ARB_conservative_depth GL_ARB_copy_buffer GL_ARB_copy_image GL_ARB_cull_dist
ance GL_ARB_debug_output GL_ARB_depth_buffer_float GL_ARB_depth_clamp GL_ARB_derivative_control GL_ARB_direct_state_access GL_ARB_draw_buffers GL_ARB_draw_buffers_blend GL_ARB_draw_elements_base_vertex GL_ARB_draw_indirect GL_ARB_draw_instanced GL_ARB_enhanced_layouts GL_ARB_explicit_attrib_location GL_ARB_explicit_uniform_location GL_ARB_fragment_coord_conventions GL_ARB_fragment_layer_viewport GL_ARB_fragment_shader GL_ARB_framebuffer_no_attachments GL_ARB_framebuffer_object GL_ARB_framebuffer_sRGB GL_ARB_get_program_binary GL_ARB_get_texture_sub_image GL_ARB_gl_spirv GL_ARB_gpu_shader5 GL_ARB_gpu_shader_fp64 GL_ARB_gpu_shader_int64 GL_ARB_half_float_pixel GL_ARB_half_float_vertex GL_ARB_indirect_parameters GL_ARB_instanced_arrays GL_ARB_internalformat_query GL_ARB_internalformat_query2 GL_ARB_invalidate_subdata GL_ARB_map_buffer_alignment GL_ARB_map_buffer_range GL_ARB_multi_bind GL_ARB_multi_draw_indirect GL_ARB_occlusion_query2 GL_ARB_parallel_shader_compile GL_ARB_pipeline_statistics_query GL_ARB_pixel
_buffer_object GL_ARB_point_sprite GL_ARB_polygon_offset_clamp GL_ARB_post_depth_coverage GL_ARB_program_interface_query GL_ARB_provoking_vertex GL_ARB_query_buffer_object GL_ARB_robust_buffer_access_behavior GL_ARB_robustness GL_ARB_sample_shading GL_ARB_sampler_objects GL_ARB_seamless_cube_map GL_ARB_seamless_cubemap_per_texture GL_ARB_separate_shader_objects GL_ARB_shader_atomic_counter_ops GL_ARB_shader_atomic_counters GL_ARB_shader_ballot GL_ARB_shader_bit_encoding GL_ARB_shader_clock GL_ARB_shader_draw_parameters GL_ARB_shader_group_vote GL_ARB_shader_image_load_store GL_ARB_shader_image_size GL_ARB_shader_objects GL_ARB_shader_precision GL_ARB_shader_stencil_export GL_ARB_shader_storage_buffer_object GL_ARB_shader_subroutine GL_ARB_shader_texture_image_samples GL_ARB_shader_texture_lod GL_ARB_shader_viewport_layer_array GL_ARB_shading_language_420pack GL_ARB_shading_language_include GL_ARB_shading_language_packing GL_ARB_sparse_buffer GL_ARB_sparse_texture GL_ARB_sparse_texture2 GL_ARB_sparse_texture_
clamp GL_ARB_spirv_extensions GL_ARB_stencil_texturing GL_ARB_sync GL_ARB_tessellation_shader GL_ARB_texture_barrier GL_ARB_texture_border_clamp GL_ARB_texture_buffer_object GL_ARB_texture_buffer_object_rgb32 GL_ARB_texture_buffer_range GL_ARB_texture_compression_bptc GL_ARB_texture_compression_rgtc GL_ARB_texture_cube_map_array GL_ARB_texture_filter_anisotropic GL_ARB_texture_filter_minmax GL_ARB_texture_float GL_ARB_texture_gather GL_ARB_texture_mirror_clamp_to_edge GL_ARB_texture_multisample GL_ARB_texture_non_power_of_two GL_ARB_texture_query_levels GL_ARB_texture_query_lod GL_ARB_texture_rectangle GL_ARB_texture_rg GL_ARB_texture_rgb10_a2ui GL_ARB_texture_stencil8 GL_ARB_texture_storage GL_ARB_texture_storage_multisample GL_ARB_texture_swizzle GL_ARB_texture_view GL_ARB_timer_query GL_ARB_transform_feedback2 GL_ARB_transform_feedback3 GL_ARB_transform_feedback_instanced GL_ARB_transform_feedback_overflow_query GL_ARB_uniform_buffer_object GL_ARB_vertex_array_bgra GL_ARB_vertex_array_object GL_ARB_vertex
_attrib_64bit GL_ARB_vertex_attrib_binding GL_ARB_vertex_buffer_object GL_ARB_vertex_shader GL_ARB_vertex_type_10f_11f_11f_rev GL_ARB_vertex_type_2_10_10_10_rev GL_ARB_viewport_array GL_ATI_blend_equation_separate GL_ATI_meminfo GL_ATI_texture_float GL_ATI_texture_mirror_once GL_EXT_EGL_image_storage GL_EXT_EGL_image_storage_compression GL_EXT_EGL_sync GL_EXT_abgr GL_EXT_blend_equation_separate GL_EXT_debug_label GL_EXT_demote_to_helper_invocation GL_EXT_depth_bounds_test GL_EXT_draw_buffers2 GL_EXT_draw_instanced GL_EXT_framebuffer_blit GL_EXT_framebuffer_multisample GL_EXT_framebuffer_multisample_blit_scaled GL_EXT_framebuffer_object GL_EXT_framebuffer_sRGB GL_EXT_memory_object GL_EXT_memory_object_fd GL_EXT_packed_depth_stencil GL_EXT_packed_float GL_EXT_pixel_buffer_object GL_EXT_polygon_offset_clamp GL_EXT_provoking_vertex GL_EXT_semaphore GL_EXT_semaphore_fd GL_EXT_shader_clock GL_EXT_shader_image_load_formatted GL_EXT_shader_image_load_store GL_EXT_shader_integer_mix GL_EXT_shader_samples_identical GL
_EXT_texture_array GL_EXT_texture_compression_dxt1 GL_EXT_texture_compression_rgtc GL_EXT_texture_compression_s3tc GL_EXT_texture_filter_anisotropic GL_EXT_texture_filter_minmax GL_EXT_texture_integer GL_EXT_texture_mirror_clamp GL_EXT_texture_sRGB GL_EXT_texture_sRGB_R8 GL_EXT_texture_sRGB_RG8 GL_EXT_texture_sRGB_decode GL_EXT_texture_shadow_lod GL_EXT_texture_shared_exponent GL_EXT_texture_snorm GL_EXT_texture_storage GL_EXT_texture_swizzle GL_EXT_timer_query GL_EXT_transform_feedback GL_EXT_vertex_array_bgra GL_EXT_vertex_attrib_64bit GL_EXT_window_rectangles GL_IBM_multimode_draw_arrays GL_INTEL_blackhole_render GL_KHR_blend_equation_advanced GL_KHR_context_flush_control GL_KHR_debug GL_KHR_no_error GL_KHR_parallel_shader_compile GL_KHR_robust_buffer_access_behavior GL_KHR_robustness GL_KHR_shader_subgroup GL_KHR_texture_compression_astc_ldr GL_KHR_texture_compression_astc_sliced_3d GL_MESA_framebuffer_flip_y GL_MESA_pack_invert GL_MESA_shader_integer_functions GL_MESA_texture_const_bandwidth GL_MESA_tex
ture_signed_rgba GL_NVX_gpu_memory_info GL_NV_alpha_to_coverage_dither_control GL_NV_compute_shader_derivatives GL_NV_conditional_render GL_NV_copy_image GL_NV_depth_clamp GL_NV_packed_depth_stencil GL_NV_shader_atomic_int64 GL_NV_texture_barrier GL_OES_EGL_image GL_S3_s3tc
OPENGL LOG: Creating OpenGL 4.6 graphics device ; Context level  <OpenGL 4.5> ; Context handle -1613237648
Initialize mono
Mono path[0] = '/home/rhiannon/Unity/Hub/Editor/6000.3.7f1/Editor/Data/Managed'
Mono path[1] = '/home/rhiannon/Unity/Hub/Editor/6000.3.7f1/Editor/Data/MonoBleedingEdge/lib/mono/unityjit-linux'
Mono config path = '/home/rhiannon/Unity/Hub/Editor/6000.3.7f1/Editor/Data/MonoBleedingEdge/etc'
Using monoOptions --debugger-agent=transport=dt_socket,embedding=1,server=y,suspend=n,address=127.0.0.1:56578
Begin MonoManager ReloadAssembly
Registering precompiled unity dll's ...
Register platform support module: /home/rhiannon/Unity/Hub/Editor/6000.3.7f1/Editor/Data/PlaybackEngines/LinuxStandaloneSupport/UnityEditor.LinuxStandalone.Extensions.dll
Registered in 0.001480 seconds.
- Loaded All Assemblies, in  0.284 seconds
Native extension for LinuxStandalone target not found
Package Manager log level set to [2]
[Package Manager] Failed to launch server process. Reason: Unity was launched with the -noUpm command-line argument
[Package Manager] Unable to send message (not connected to server process).
[Package Manager] Cannot connect to Unity Package Manager local server
ScheduleIndexationOnStartup MainProcess:False IndexOnStartup:True
Mono: successfully reloaded assembly
- Finished resetting the current domain, in  0.383 seconds
Domain Reload Profiling: 667ms
	BeginReloadAssembly (58ms)
		ExecutionOrderSort (0ms)
		DisableScriptedObjects (0ms)
		BackupInstance (0ms)
		ReleaseScriptingObjects (0ms)
		CreateAndSetChildDomain (1ms)
	RebuildCommonClasses (34ms)
	RebuildNativeTypeToScriptingClass (7ms)
	initialDomainReloadingComplete (51ms)
	LoadAllAssembliesAndSetupDomain (133ms)
		LoadAssemblies (57ms)
		RebuildTransferFunctionScriptingTraits (0ms)
		AnalyzeDomain (131ms)
			TypeCache.Refresh (129ms)
				TypeCache.ScanAssembly (116ms)
			BuildScriptInfoCaches (0ms)
			ResolveRequiredComponents (0ms)
	FinalizeReload (384ms)
		ReleaseScriptCaches (0ms)
		RebuildScriptCaches (0ms)
		SetupLoadedEditorAssemblies (343ms)
			LogAssemblyErrors (0ms)
			InitializePlatformSupportModulesInManaged (42ms)
			SetLoadedEditorAssemblies (5ms)
			BeforeProcessingInitializeOnLoad (94ms)
			ProcessInitializeOnLoadAttributes (141ms)
			ProcessInitializeOnLoadMethodAttributes (61ms)
			AfterProcessingInitializeOnLoad (0ms)
			EditorAssembliesLoaded (0ms)
		ExecutionOrderSort2 (0ms)
		AwakeInstancesAfterBackupRestoration (0ms)
========================================================================
Worker process is ready to serve import requests
Import Worker Mode flag is 0x00
Begin MonoManager ReloadAssembly
[Licensing::Client] Successfully resolved entitlement details
[Licensing::Module] License group:
  Id: 16768291832327-UnityPersXXXX
  Product: Unity Personal
  Type: Assigned
  Expiration: Unlimited
- Loaded All Assemblies, in  0.510 seconds
Refreshing native plugins compatible for Editor in 0.21 ms, found 0 plugins.
Native extension for LinuxStandalone target not found
[Package Manager] Failed to launch server process. Reason: Unity was launched with the -noUpm command-line argument
[Package Manager] Unable to send message (not connected to server process).
[Package Manager] Cannot connect to Unity Package Manager local server
ScheduleIndexationOnStartup MainProcess:False IndexOnStartup:True
Mono: successfully reloaded assembly
- Finished resetting the current domain, in  0.638 seconds
Domain Reload Profiling: 1147ms
	BeginReloadAssembly (98ms)
		ExecutionOrderSort (0ms)
		DisableScriptedObjects (4ms)
		BackupInstance (0ms)
		ReleaseScriptingObjects (0ms)
		CreateAndSetChildDomain (27ms)
	RebuildCommonClasses (30ms)
	RebuildNativeTypeToScriptingClass (8ms)
	initialDomainReloadingComplete (32ms)
	LoadAllAssembliesAndSetupDomain (340ms)
		LoadAssemblies (202ms)
		RebuildTransferFunctionScriptingTraits (0ms)
		AnalyzeDomain (178ms)
			TypeCache.Refresh (121ms)
				TypeCache.ScanAssembly (112ms)
			BuildScriptInfoCaches (46ms)
			ResolveRequiredComponents (7ms)
	FinalizeReload (639ms)
		ReleaseScriptCaches (0ms)
		RebuildScriptCaches (0ms)
		SetupLoadedEditorAssemblies (479ms)
			LogAssemblyErrors (0ms)
			InitializePlatformSupportModulesInManaged (2ms)
			SetLoadedEditorAssemblies (4ms)
			BeforeProcessingInitializeOnLoad (141ms)
			ProcessInitializeOnLoadAttributes (266ms)
			ProcessInitializeOnLoadMethodAttributes (62ms)
			AfterProcessingInitializeOnLoad (6ms)
			EditorAssembliesLoaded (0ms)
		ExecutionOrderSort2 (0ms)
		AwakeInstancesAfterBackupRestoration (4ms)
AutoLocale: current locale expects 'C' but got 'en_AU.UTF-8'Launched and connected shader compiler UnityShaderCompiler after 0.01 seconds
Refreshing native plugins compatible for Editor in 0.27 ms, found 0 plugins.
Preloading 0 native plugins for Editor in 0.00 ms.
Unloading 16 Unused Serialized files (Serialized files now loaded: 0)
Unloading 6220 unused Assets / (5.3 MB). Loaded Objects now: 7018.
Memory consumption went from 133.3 MB to 127.9 MB.
Total: 10.722837 ms (FindLiveObjects: 0.971186 ms CreateObjectMapping: 0.734296 ms MarkObjects: 5.515562 ms  DeleteObjects: 3.501013 ms)

========================================================================
Received Import Request.
  Time since last request: 3051.583506 seconds.
  path: Assets/JC_LP_MegaCity/Prefabs/FloorProps/SM_FloorProps_Light_02.prefab
  artifactKey: Guid(0d174b5bc12c3214dbfad5f2206265b5) Importer(2089858483,b0f066a214c2f5e87bad3c948f4d605d)
Start importing Assets/JC_LP_MegaCity/Prefabs/FloorProps/SM_FloorProps_Light_02.prefab using Guid(0d174b5bc12c3214dbfad5f2206265b5) Importer(2089858483,b0f066a214c2f5e87bad3c948f4d605d) (ScriptedImporter) -> (artifact id: '9670f2db947d3152e9a46ad36f24e8fa') in 0.081463582 seconds
Number of updated asset objects reloaded before import = 0Number of asset objects unloaded after import = 10

========================================================================
Received Import Request.
  Time since last request: 0.879495 seconds.
  path: Assets/JC_LP_MegaCity/Prefabs/BuildingsDecor/SM_BuildingsDecor_08.prefab
  artifactKey: Guid(dc17d3ab96ab492479c6709e7e4815ba) Importer(2089858483,b0f066a214c2f5e87bad3c948f4d605d)
Start importing Assets/JC_LP_MegaCity/Prefabs/BuildingsDecor/SM_BuildingsDecor_08.prefab using Guid(dc17d3ab96ab492479c6709e7e4815ba) Importer(2089858483,b0f066a214c2f5e87bad3c948f4d605d) (ScriptedImporter) -> (artifact id: 'f5e6ffbbc1d62289ed8fc10418f6202a') in 0.005464602 seconds
Number of updated asset objects reloaded before import = 0Number of asset objects unloaded after import = 9

========================================================================
Received Import Request.
  Time since last request: 0.000010 seconds.
  path: Assets/JC_LP_MegaCity/Models/IndustrialProps/SM_IndustrialProps_Truck_01.fbx
  artifactKey: Guid(bbf63a9c667398d4aa042236276ba839) Importer(2089858483,b0f066a214c2f5e87bad3c948f4d605d)
Start importing Assets/JC_LP_MegaCity/Models/IndustrialProps/SM_IndustrialProps_Truck_01.fbx using Guid(bbf63a9c667398d4aa042236276ba839) Importer(2089858483,b0f066a214c2f5e87bad3c948f4d605d) (ScriptedImporter) -> (artifact id: '2e22dae10c18d076f1ba44843fb55123') in 0.021495213 seconds
Number of updated asset objects reloaded before import = 0Number of asset objects unloaded after import = 7

========================================================================
Received Import Request.
  Time since last request: 0.000017 seconds.
  path: Assets/JC_LP_MegaCity/Prefabs/Vehicles/SM_Vehicles_Ambulance.prefab
  artifactKey: Guid(c5f88eea5c1be044d8866fb3c2594af1) Importer(2089858483,b0f066a214c2f5e87bad3c948f4d605d)
Start importing Assets/JC_LP_MegaCity/Prefabs/Vehicles/SM_Vehicles_Ambulance.prefab using Guid(c5f88eea5c1be044d8866fb3c2594af1) Importer(2089858483,b0f066a214c2f5e87bad3c948f4d605d) (ScriptedImporter) -> (artifact id: 'c45436f038933593c46c6ee2e3b2f920') in 0.003782081 seconds
Number of updated asset objects reloaded before import = 0Number of asset objects unloaded after import = 34

========================================================================
Received Import Request.
  Time since last request: 0.000008 seconds.
  path: Assets/JC_LP_MegaCity/Models/BuildingsDecor/SM_BuildingsDecor_08.fbx
  artifactKey: Guid(119b5fb548fa7d84a8eb05fa95dded48) Importer(2089858483,b0f066a214c2f5e87bad3c948f4d605d)
Start importing Assets/JC_LP_MegaCity/Models/BuildingsDecor/SM_BuildingsDecor_08.fbx using Guid(119b5fb548fa7d84a8eb05fa95dded48) Importer(2089858483,b0f066a214c2f5e87bad3c948f4d605d) (ScriptedImporter) -> (artifact id: '465875b960a84928f0be0be9dbd87c9b') in 0.004706686 seconds
Number of updated asset objects reloaded before import = 0Number of asset objects unloaded after import = 7

========================================================================
Received Import Request.
  Time since last request: 0.000008 seconds.
  path: Assets/JC_LP_MegaCity/Models/Floor/SM_Floor_Airport_01.fbx
  artifactKey: Guid(e9a12f67884c55947931f5b3c53fcf66) Importer(2089858483,b0f066a214c2f5e87bad3c948f4d605d)
Start importing Assets/JC_LP_MegaCity/Models/Floor/SM_Floor_Airport_01.fbx using Guid(e9a12f67884c55947931f5b3c53fcf66) Importer(2089858483,b0f066a214c2f5e87bad3c948f4d605d) (ScriptedImporter) -> (artifact id: 'b14694e602ba0e39963dfc1600a913c5') in 0.005718201 seconds
Number of updated asset objects reloaded before import = 0Number of asset objects unloaded after import = 7

========================================================================
Received Import Request.
  Time since last request: 0.000008 seconds.
  path: Assets/JC_LP_MegaCity/Prefabs/Props/SM_Props_Furniture_03.prefab
  artifactKey: Guid(5769fcb426650cd47ba62850506e3370) Importer(2089858483,b0f066a214c2f5e87bad3c948f4d605d)
Start importing Assets/JC_LP_MegaCity/Prefabs/Props/SM_Props_Furniture_03.prefab using Guid(5769fcb426650cd47ba62850506e3370) Importer(2089858483,b0f066a214c2f5e87bad3c948f4d605d) (ScriptedImporter) -> (artifact id: 'e1923985543f034d24e3a4ecc0c26ef6') in 0.00399688 seconds
Number of updated asset objects reloaded before import = 0Number of asset objects unloaded after import = 9

========================================================================
Received Import Request.
  Time since last request: 0.000008 seconds.
  path: Assets/JC_LP_MegaCity/Models/Props/SM_Props_Garbage_06.fbx
  artifactKey: Guid(c0dc238efeec8e443927359468e97156) Importer(2089858483,b0f066a214c2f5e87bad3c948f4d605d)
Start importing Assets/JC_LP_MegaCity/Models/Props/SM_Props_Garbage_06.fbx using Guid(c0dc238efeec8e443927359468e97156) Importer(2089858483,b0f066a214c2f5e87bad3c948f4d605d) (ScriptedImporter) -> (artifact id: '23b07d45453f260e12b691bbf1182115') in 0.004336378 seconds
Number of updated asset objects reloaded before import = 0Number of asset objects unloaded after import = 7

========================================================================
Received Import Request.
  Time since last request: 0.000009 seconds.
  path: Assets/JC_LP_MegaCity/Models/Buildings/SM_Buildings_House_04_V4.fbx
  artifactKey: Guid(29d689a2252c52947b4693d93e177ab7) Importer(2089858483,b0f066a214c2f5e87bad3c948f4d605d)
Start importing Assets/JC_LP_MegaCity/Models/Buildings/SM_Buildings_House_04_V4.fbx using Guid(29d689a2252c52947b4693d93e177ab7) Importer(2089858483,b0f066a214c2f5e87bad3c948f4d605d) (ScriptedImporter) -> (artifact id: 'f487569cd6bef592e1cd714afe9bfd71') in 0.007298403 seconds
Number of updated asset objects reloaded before import = 0Number of asset objects unloaded after import = 7

========================================================================
Received Import Request.
  Time since last request: 0.000009 seconds.
  path: Assets/JC_LP_MegaCity/Models/Props/SM_Props_TV_02.fbx
  artifactKey: Guid(3e7c3cf693a1d5c45910e4af1c5344dd) Importer(2089858483,b0f066a214c2f5e87bad3c948f4d605d)
Start importing Assets/JC_LP_MegaCity/Models/Props/SM_Props_TV_02.fbx using Guid(3e7c3cf693a1d5c45910e4af1c5344dd) Importer(2089858483,b0f066a214c2f5e87bad3c948f4d605d) (ScriptedImporter) -> (artifact id: '438ffb46cf3598d759db7bd618869aba') in 0.004721896 seconds
Number of updated asset objects reloaded before import = 0Number of asset objects unloaded after import = 7

========================================================================
Received Import Request.
  Time since last request: 0.000009 seconds.
  path: Assets/JC_LP_MegaCity/Prefabs/FX/SM_Water_01.prefab
  artifactKey: Guid(6f714e500e8a4044c932d1f84f38cfcd) Importer(2089858483,b0f066a214c2f5e87bad3c948f4d605d)
Start importing Assets/JC_LP_MegaCity/Prefabs/FX/SM_Water_01.prefab using Guid(6f714e500e8a4044c932d1f84f38cfcd) Importer(2089858483,b0f066a214c2f5e87bad3c948f4d605d) (ScriptedImporter) -> (artifact id: 'd705264b78f51e38afdd6cc18513f990') in 0.007342633 seconds
Number of updated asset objects reloaded before import = 0Number of asset objects unloaded after import = 15

========================================================================
Received Import Request.
  Time since last request: 0.000010 seconds.
  path: Assets/JC_LP_MegaCity/Models/Food/SM_Food_Soda_01.fbx
  artifactKey: Guid(fc854d12dde14994f972c86447ed60e3) Importer(2089858483,b0f066a214c2f5e87bad3c948f4d605d)
Start importing Assets/JC_LP_MegaCity/Models/Food/SM_Food_Soda_01.fbx using Guid(fc854d12dde14994f972c86447ed60e3) Importer(2089858483,b0f066a214c2f5e87bad3c948f4d605d) (ScriptedImporter) -> (artifact id: 'b6aa9b6ec957465bba815b382bd2e792') in 0.0061276 seconds
Number of updated asset objects reloaded before import = 0Number of asset objects unloaded after import = 7

========================================================================
Received Import Request.
  Time since last request: 0.000008 seconds.
  path: Assets/JC_LP_MegaCity/Models/Buildings/SM_Buildings_Basketball_01.fbx
  artifactKey: Guid(278fb21d24e896840aa9921dcc2756fd) Importer(2089858483,b0f066a214c2f5e87bad3c948f4d605d)
Start importing Assets/JC_LP_MegaCity/Models/Buildings/SM_Buildings_Basketball_01.fbx using Guid(278fb21d24e896840aa9921dcc2756fd) Importer(2089858483,b0f066a214c2f5e87bad3c948f4d605d) (ScriptedImporter) -> (artifact id: 'baba419ee5d3fb34ed4dcc6e075a6928') in 0.011201954 seconds
Number of updated asset objects reloaded before import = 0Number of asset objects unloaded after import = 7

========================================================================
Received Import Request.
  Time since last request: 0.000012 seconds.
  path: Assets/JC_LP_MegaCity/Prefabs/Props/SM_Props_Ads_07.prefab
  artifactKey: Guid(74d09eedafb926845a87b1412d40307d) Importer(2089858483,b0f066a214c2f5e87bad3c948f4d605d)
Start importing Assets/JC_LP_MegaCity/Prefabs/Props/SM_Props_Ads_07.prefab using Guid(74d09eedafb926845a87b1412d40307d) Importer(2089858483,b0f066a214c2f5e87bad3c948f4d605d) (ScriptedImporter) -> (artifact id: '2e1bb59a9de0a10a41f85d44bba3cb0b') in 0.004395818 seconds
Number of updated asset objects reloaded before import = 0Number of asset objects unloaded after import = 9

========================================================================
Received Import Request.
  Time since last request: 0.000014 seconds.
  path: Assets/JC_LP_MegaCity/Models/BuildingsDecor/SM_BuildingsDecor_13.fbx
  artifactKey: Guid(d78f6aa25fb212f40b5a66f083099e34) Importer(2089858483,b0f066a214c2f5e87bad3c948f4d605d)
Start importing Assets/JC_LP_MegaCity/Models/BuildingsDecor/SM_BuildingsDecor_13.fbx using Guid(d78f6aa25fb212f40b5a66f083099e34) Importer(2089858483,b0f066a214c2f5e87bad3c948f4d605d) (ScriptedImporter) -> (artifact id: '529f46104582ab810cf880848c6a78bc') in 0.004983815 seconds
Number of updated asset objects reloaded before import = 0Number of asset objects unloaded after import = 7

========================================================================
Received Import Request.
  Time since last request: 0.000008 seconds.
  path: Assets/JC_LP_MegaCity/Models/Buildings/SM_Buildings_House_04_V2.fbx
  artifactKey: Guid(4dd69900b74cab142bf4fc678a8d72dd) Importer(2089858483,b0f066a214c2f5e87bad3c948f4d605d)
Start importing Assets/JC_LP_MegaCity/Models/Buildings/SM_Buildings_House_04_V2.fbx using Guid(4dd69900b74cab142bf4fc678a8d72dd) Importer(2089858483,b0f066a214c2f5e87bad3c948f4d605d) (ScriptedImporter) -> (artifact id: '28664c2c13aae12e5d23c10fe9142a75') in 0.005802131 seconds
Number of updated asset objects reloaded before import = 0Number of asset objects unloaded after import = 7

========================================================================
Received Import Request.
  Time since last request: 0.000008 seconds.
  path: Assets/JC_LP_MegaCity/Models/Props/SM_Props_VendingMachine_02.fbx
  artifactKey: Guid(6b48ce30a68861c46987b3f8201810b8) Importer(2089858483,b0f066a214c2f5e87bad3c948f4d605d)
Start importing Assets/JC_LP_MegaCity/Models/Props/SM_Props_VendingMachine_02.fbx using Guid(6b48ce30a68861c46987b3f8201810b8) Importer(2089858483,b0f066a214c2f5e87bad3c948f4d605d) (ScriptedImporter) -> (artifact id: '4b5d5075b57062ac62355f45f6df87be') in 0.007175304 seconds
Number of updated asset objects reloaded before import = 0Number of asset objects unloaded after import = 7

========================================================================
Received Import Request.
  Time since last request: 0.000008 seconds.
  path: Assets/JC_LP_MegaCity/Prefabs/Props/SM_Props_Reception_02.prefab
  artifactKey: Guid(1d02d13a39ea7a84c83a32ad23e124b4) Importer(2089858483,b0f066a214c2f5e87bad3c948f4d605d)
Start importing Assets/JC_LP_MegaCity/Prefabs/Props/SM_Props_Reception_02.prefab using Guid(1d02d13a39ea7a84c83a32ad23e124b4) Importer(2089858483,b0f066a214c2f5e87bad3c948f4d605d) (ScriptedImporter) -> (artifact id: '0d4852eee550c5fcb60931ee46823a79') in 0.003830681 seconds
Number of updated asset objects reloaded before import = 0Number of asset objects unloaded after import = 9

========================================================================
Received Import Request.
  Time since last request: 0.000010 seconds.
  path: Assets/JC_LP_MegaCity/Models/Buildings/SM_Buildings_Bank.fbx
  artifactKey: Guid(400f17e5e0d4f664d9314c01cd40a8b5) Importer(2089858483,b0f066a214c2f5e87bad3c948f4d605d)
Start importing Assets/JC_LP_MegaCity/Models/Buildings/SM_Buildings_Bank.fbx using Guid(400f17e5e0d4f664d9314c01cd40a8b5) Importer(2089858483,b0f066a214c2f5e87bad3c948f4d605d) (ScriptedImporter) -> (artifact id: '50ce00b7bc6636e74ed2c13b5f719729') in 0.005554203 seconds
Number of updated asset objects reloaded before import = 0Number of asset objects unloaded after import = 7

========================================================================
Received Import Request.
  Time since last request: 0.000011 seconds.
  path: Assets/JC_LP_MegaCity/Models/Props/SM_Props_PC_01.fbx
  artifactKey: Guid(00b0f2bda68b528459a3942be99eef07) Importer(2089858483,b0f066a214c2f5e87bad3c948f4d605d)
Start importing Assets/JC_LP_MegaCity/Models/Props/SM_Props_PC_01.fbx using Guid(00b0f2bda68b528459a3942be99eef07) Importer(2089858483,b0f066a214c2f5e87bad3c948f4d605d) (ScriptedImporter) -> (artifact id: '5e2c64a7dac2d2bc87ff969fb130ddb1') in 0.004427778 seconds
Number of updated asset objects reloaded before import = 0Number of asset objects unloaded after import = 7

========================================================================
Received Import Request.
  Time since last request: 0.000010 seconds.
  path: Assets/JC_LP_MegaCity/Models/Buildings/SM_Buildings_Police_01_Door_R_01.fbx
  artifactKey: Guid(c27fedf8911e3e94db638375a6f1b728) Importer(2089858483,b0f066a214c2f5e87bad3c948f4d605d)
Start importing Assets/JC_LP_MegaCity/Models/Buildings/SM_Buildings_Police_01_Door_R_01.fbx using Guid(c27fedf8911e3e94db638375a6f1b728) Importer(2089858483,b0f066a214c2f5e87bad3c948f4d605d) (ScriptedImporter) -> (artifact id: '84a0d20f6febd2e74d218d8d6b557ed3') in 0.005693012 seconds
Number of updated asset objects reloaded before import = 0Number of asset objects unloaded after import = 7

========================================================================
Received Import Request.
  Time since last request: 0.000009 seconds.
  path: Assets/JC_LP_MegaCity/Models/Food/SM_Food_CannedFood_01.fbx
  artifactKey: Guid(0d77c73b8900a52439b44ca61b596b89) Importer(2089858483,b0f066a214c2f5e87bad3c948f4d605d)
Start importing Assets/JC_LP_MegaCity/Models/Food/SM_Food_CannedFood_01.fbx using Guid(0d77c73b8900a52439b44ca61b596b89) Importer(2089858483,b0f066a214c2f5e87bad3c948f4d605d) (ScriptedImporter) -> (artifact id: '4b43706984a965e7f50c3f3ead4e997f') in 0.004537237 seconds
Number of updated asset objects reloaded before import = 0Number of asset objects unloaded after import = 7

========================================================================
Received Import Request.
  Time since last request: 0.000008 seconds.
  path: Assets/JC_LP_MegaCity/Models/FloorProps/SM_FloorProps_RoadSign_35.fbx
  artifactKey: Guid(a362fa44ea6d4d045a94a8931d7be907) Importer(2089858483,b0f066a214c2f5e87bad3c948f4d605d)
Start importing Assets/JC_LP_MegaCity/Models/FloorProps/SM_FloorProps_RoadSign_35.fbx using Guid(a362fa44ea6d4d045a94a8931d7be907) Importer(2089858483,b0f066a214c2f5e87bad3c948f4d605d) (ScriptedImporter) -> (artifact id: '196e00eb0b3a4c033c6caeefa23819d7') in 0.007242024 seconds
Number of updated asset objects reloaded before import = 0Number of asset objects unloaded after import = 7

========================================================================
Received Import Request.
  Time since last request: 0.000009 seconds.
  path: Assets/JC_LP_MegaCity/Prefabs/Floor/SM_Floor_RoadPart_01.prefab
  artifactKey: Guid(b8ca0ebffa8b5884289857e43bf48caf) Importer(2089858483,b0f066a214c2f5e87bad3c948f4d605d)
Start importing Assets/JC_LP_MegaCity/Prefabs/Floor/SM_Floor_RoadPart_01.prefab using Guid(b8ca0ebffa8b5884289857e43bf48caf) Importer(2089858483,b0f066a214c2f5e87bad3c948f4d605d) (ScriptedImporter) -> (artifact id: 'e9e0524c7e5669cdbe2eaa605dfff72b') in 0.004643597 seconds
Number of updated asset objects reloaded before import = 0Number of asset objects unloaded after import = 9

========================================================================
Received Import Request.
  Time since last request: 0.000010 seconds.
  path: Assets/JC_LP_MegaCity/Models/Props/SM_Props_Fountain_01.fbx
  artifactKey: Guid(a84441b3101ff4d489338737333983cd) Importer(2089858483,b0f066a214c2f5e87bad3c948f4d605d)
Start importing Assets/JC_LP_MegaCity/Models/Props/SM_Props_Fountain_01.fbx using Guid(a84441b3101ff4d489338737333983cd) Importer(2089858483,b0f066a214c2f5e87bad3c948f4d605d) (ScriptedImporter) -> (artifact id: 'fa6df7c4b551fef285c18659c9b232a3') in 0.009487373 seconds
Number of updated asset objects reloaded before import = 0Number of asset objects unloaded after import = 25

========================================================================
Received Import Request.
  Time since last request: 1.458613 seconds.
  path: Assets/JC_LP_MegaCity/Models/Food/SM_Food_Soda_04.fbx
  artifactKey: Guid(c4c6d8e0ecc01fa40973be01d3296451) Importer(2089858483,b0f066a214c2f5e87bad3c948f4d605d)
Start importing Assets/JC_LP_MegaCity/Models/Food/SM_Food_Soda_04.fbx using Guid(c4c6d8e0ecc01fa40973be01d3296451) Importer(2089858483,b0f066a214c2f5e87bad3c948f4d605d) (ScriptedImporter) -> (artifact id: '1e689894ff002a3efbfd4013fe8b9135') in 0.009429443 seconds
Number of updated asset objects reloaded before import = 0Number of asset objects unloaded after import = 7

========================================================================
Received Import Request.
  Time since last request: 0.000008 seconds.
  path: Assets/JC_LP_MegaCity/Prefabs/Floor/SM_Floor_Tile_04.prefab
  artifactKey: Guid(f2a63aeb957156a4ea5cbd4ab88b9a30) Importer(2089858483,b0f066a214c2f5e87bad3c948f4d605d)
Start importing Assets/JC_LP_MegaCity/Prefabs/Floor/SM_Floor_Tile_04.prefab using Guid(f2a63aeb957156a4ea5cbd4ab88b9a30) Importer(2089858483,b0f066a214c2f5e87bad3c948f4d605d) (ScriptedImporter) -> (artifact id: '4810e5cd3a580bfa5c0af0c6ae3265bb') in 0.004280419 seconds
Number of updated asset objects reloaded before import = 0Number of asset objects unloaded after import = 9

========================================================================
Received Import Request.
  Time since last request: 0.000010 seconds.
  path: Assets/JC_LP_MegaCity/Models/Props/SM_Props_GameConsole_01.fbx
  artifactKey: Guid(39aa2c6d7f42f014f9bc371a43cf4893) Importer(2089858483,b0f066a214c2f5e87bad3c948f4d605d)
Start importing Assets/JC_LP_MegaCity/Models/Props/SM_Props_GameConsole_01.fbx using Guid(39aa2c6d7f42f014f9bc371a43cf4893) Importer(2089858483,b0f066a214c2f5e87bad3c948f4d605d) (ScriptedImporter) -> (artifact id: 'd74228e25508c01c1c46eaec29c09a5b') in 0.004979865 seconds
Number of updated asset objects reloaded before import = 0Number of asset objects unloaded after import = 7

========================================================================
Received Import Request.
  Time since last request: 0.000014 seconds.
  path: Assets/JC_LP_MegaCity/Models/Floor/SM_Floor_Road_14_M.fbx
  artifactKey: Guid(4dfa361527d68634d887a9684e96a046) Importer(2089858483,b0f066a214c2f5e87bad3c948f4d605d)
Start importing Assets/JC_LP_MegaCity/Models/Floor/SM_Floor_Road_14_M.fbx using Guid(4dfa361527d68634d887a9684e96a046) Importer(2089858483,b0f066a214c2f5e87bad3c948f4d605d) (ScriptedImporter) -> (artifact id: '343c36d867b1ee23fc85c1d75ddf0102') in 0.007895791 seconds
Number of updated asset objects reloaded before import = 0Number of asset objects unloaded after import = 7

========================================================================
Received Import Request.
  Time since last request: 0.000009 seconds.
  path: Assets/JC_LP_MegaCity/Prefabs/Props/SM_Props_PC_06.prefab
  artifactKey: Guid(3ec77d5fb6cf34945b2277c13b5d89eb) Importer(2089858483,b0f066a214c2f5e87bad3c948f4d605d)
Start importing Assets/JC_LP_MegaCity/Prefabs/Props/SM_Props_PC_06.prefab using Guid(3ec77d5fb6cf34945b2277c13b5d89eb) Importer(2089858483,b0f066a214c2f5e87bad3c948f4d605d) (ScriptedImporter) -> (artifact id: '2b0ddd5053c9297ed075edd39ee5dd7a') in 0.003825921 seconds
Number of updated asset objects reloaded before import = 0Number of asset objects unloaded after import = 9

========================================================================
Received Import Request.
  Time since last request: 0.000008 seconds.
  path: Assets/JC_LP_MegaCity/Prefabs/BuildingsDecor/SM_BuildingsDecor_44.prefab
  artifactKey: Guid(b63edde44eeed6143bd533b3d46652be) Importer(2089858483,b0f066a214c2f5e87bad3c948f4d605d)
Start importing Assets/JC_LP_MegaCity/Prefabs/BuildingsDecor/SM_BuildingsDecor_44.prefab using Guid(b63edde44eeed6143bd533b3d46652be) Importer(2089858483,b0f066a214c2f5e87bad3c948f4d605d) (ScriptedImporter) -> (artifact id: '21613a17dc73b9e75f55d8ec613c962d') in 0.003700002 seconds
Number of updated asset objects reloaded before import = 0Number of asset objects unloaded after import = 10

========================================================================
Received Import Request.
  Time since last request: 0.000008 seconds.
  path: Assets/JC_LP_MegaCity/Models/Food/SM_Food_Pie_03.fbx
  artifactKey: Guid(3a5286da6562d464897ec28e76604341) Importer(2089858483,b0f066a214c2f5e87bad3c948f4d605d)
Start importing Assets/JC_LP_MegaCity/Models/Food/SM_Food_Pie_03.fbx using Guid(3a5286da6562d464897ec28e76604341) Importer(2089858483,b0f066a214c2f5e87bad3c948f4d605d) (ScriptedImporter) -> (artifact id: '52226c7bdff27793b384b0030555d468') in 0.004323559 seconds
Number of updated asset objects reloaded before import = 0Number of asset objects unloaded after import = 7

========================================================================
Received Import Request.
  Time since last request: 0.000010 seconds.
  path: Assets/JC_LP_MegaCity/Models/Vehicles/SM_Vehicles_Bus_V1.fbx
  artifactKey: Guid(442e035ad97d855469dc4dd253e9531f) Importer(2089858483,b0f066a214c2f5e87bad3c948f4d605d)
Start importing Assets/JC_LP_MegaCity/Models/Vehicles/SM_Vehicles_Bus_V1.fbx using Guid(442e035ad97d855469dc4dd253e9531f) Importer(2089858483,b0f066a214c2f5e87bad3c948f4d605d) (ScriptedImporter) -> (artifact id: 'cf325264d046165ab78ce2e58d574389') in 0.007136294 seconds
Number of updated asset objects reloaded before import = 0Number of asset objects unloaded after import = 34

========================================================================
Received Import Request.
  Time since last request: 0.000016 seconds.
  path: Assets/JC_LP_MegaCity/Prefabs/IndustrialProps/SM_IndustrialProps_Fence_04.prefab
  artifactKey: Guid(230f5c7693eb4094187f4cf07ba36ab3) Importer(2089858483,b0f066a214c2f5e87bad3c948f4d605d)
Start importing Assets/JC_LP_MegaCity/Prefabs/IndustrialProps/SM_IndustrialProps_Fence_04.prefab using Guid(230f5c7693eb4094187f4cf07ba36ab3) Importer(2089858483,b0f066a214c2f5e87bad3c948f4d605d) (ScriptedImporter) -> (artifact id: 'e2ac88fdffc5bf2f9720c1659c1afe77') in 0.003367283 seconds
Number of updated asset objects reloaded before import = 0Number of asset objects unloaded after import = 9

========================================================================
Received Import Request.
  Time since last request: 0.000008 seconds.
  path: Assets/JC_LP_MegaCity/Prefabs/Vehicles/SM_Vehicles_03_V1.prefab
  artifactKey: Guid(1de0c971dcb60f44fb32414d886e1af7) Importer(2089858483,b0f066a214c2f5e87bad3c948f4d605d)
Start importing Assets/JC_LP_MegaCity/Prefabs/Vehicles/SM_Vehicles_03_V1.prefab using Guid(1de0c971dcb60f44fb32414d886e1af7) Importer(2089858483,b0f066a214c2f5e87bad3c948f4d605d) (ScriptedImporter) -> (artifact id: 'b5ce1f5329f50feb3cd4986d04a3f408') in 0.002911345 seconds
Number of updated asset objects reloaded before import = 0Number of asset objects unloaded after import = 34

========================================================================
Received Import Request.
  Time since last request: 0.000008 seconds.
  path: Assets/JC_LP_MegaCity/Models/Floor/SM_Floor_Road_17.fbx
  artifactKey: Guid(beb1837bb578b4045b6834d5d770bf81) Importer(2089858483,b0f066a214c2f5e87bad3c948f4d605d)
Start importing Assets/JC_LP_MegaCity/Models/Floor/SM_Floor_Road_17.fbx using Guid(beb1837bb578b4045b6834d5d770bf81) Importer(2089858483,b0f066a214c2f5e87bad3c948f4d605d) (ScriptedImporter) -> (artifact id: '238652842280eb431694c8c2ae3c84f0') in 0.005275773 seconds
Number of updated asset objects reloaded before import = 0Number of asset objects unloaded after import = 7

========================================================================
Received Import Request.
  Time since last request: 0.000010 seconds.
  path: Assets/JC_LP_MegaCity/Models/Props/SM_Props_Pool_06.fbx
  artifactKey: Guid(6ed7a1927dafb9b489c0e7b0ba2f2415) Importer(2089858483,b0f066a214c2f5e87bad3c948f4d605d)
Start importing Assets/JC_LP_MegaCity/Models/Props/SM_Props_Pool_06.fbx using Guid(6ed7a1927dafb9b489c0e7b0ba2f2415) Importer(2089858483,b0f066a214c2f5e87bad3c948f4d605d) (ScriptedImporter) -> (artifact id: '23d4e8a2d08280df12a6cf0ad8345312') in 0.005206574 seconds
Number of updated asset objects reloaded before import = 0Number of asset objects unloaded after import = 7

========================================================================
Received Import Request.
  Time since last request: 0.000009 seconds.
  path: Assets/JC_LP_MegaCity/Models/Food/SM_Food_Burger_01.fbx
  artifactKey: Guid(cbb6649fa82809540aae6b99546723f4) Importer(2089858483,b0f066a214c2f5e87bad3c948f4d605d)
Start importing Assets/JC_LP_MegaCity/Models/Food/SM_Food_Burger_01.fbx using Guid(cbb6649fa82809540aae6b99546723f4) Importer(2089858483,b0f066a214c2f5e87bad3c948f4d605d) (ScriptedImporter) -> (artifact id: 'b5c25df98c3df20d4dfc5320b7a62a29') in 0.006243478 seconds
Number of updated asset objects reloaded before import = 0Number of asset objects unloaded after import = 7

========================================================================
Received Import Request.
  Time since last request: 0.000010 seconds.
  path: Assets/JC_LP_MegaCity/Prefabs/Buildings/SM_Buildings_House_03_V2.prefab
  artifactKey: Guid(63a4ed2de5c20fc4f997e1a6b2387ea9) Importer(2089858483,b0f066a214c2f5e87bad3c948f4d605d)
Start importing Assets/JC_LP_MegaCity/Prefabs/Buildings/SM_Buildings_House_03_V2.prefab using Guid(63a4ed2de5c20fc4f997e1a6b2387ea9) Importer(2089858483,b0f066a214c2f5e87bad3c948f4d605d) (ScriptedImporter) -> (artifact id: '5fd19e510566630abb63296407c8983e') in 0.00608951 seconds
Number of updated asset objects reloaded before import = 0Number of asset objects unloaded after import = 34

========================================================================
Received Import Request.
  Time since last request: 0.000010 seconds.
  path: Assets/JC_LP_MegaCity/Prefabs/FloorProps/SM_FloorProps_RoadSign_16.prefab
  artifactKey: Guid(c7423e12aff9ecf40abf4cac23d6bcdb) Importer(2089858483,b0f066a214c2f5e87bad3c948f4d605d)
Start importing Assets/JC_LP_MegaCity/Prefabs/FloorProps/SM_FloorProps_RoadSign_16.prefab using Guid(c7423e12aff9ecf40abf4cac23d6bcdb) Importer(2089858483,b0f066a214c2f5e87bad3c948f4d605d) (ScriptedImporter) -> (artifact id: 'a313c0e7ec24ed34b98f3cbff17523a9') in 0.004455357 seconds
Number of updated asset objects reloaded before import = 0Number of asset objects unloaded after import = 9

========================================================================
Received Import Request.
  Time since last request: 0.000010 seconds.
  path: Assets/JC_LP_MegaCity/Prefabs/Floor/SM_Floor_RoadPart_02.prefab
  artifactKey: Guid(831971c6f786145448ee95f2781a33f0) Importer(2089858483,b0f066a214c2f5e87bad3c948f4d605d)
Start importing Assets/JC_LP_MegaCity/Prefabs/Floor/SM_Floor_RoadPart_02.prefab using Guid(831971c6f786145448ee95f2781a33f0) Importer(2089858483,b0f066a214c2f5e87bad3c948f4d605d) (ScriptedImporter) -> (artifact id: '411b1c1bffca3ddf01bacf34e1c2d549') in 0.003560792 seconds
Number of updated asset objects reloaded before import = 0Number of asset objects unloaded after import = 9

========================================================================
Received Import Request.
  Time since last request: 0.000008 seconds.
  path: Assets/JC_LP_MegaCity/Models/Buildings/SM_Buildings_Factory_01_Door_L.fbx
  artifactKey: Guid(e4464a187c4849848befe2536ca8865c) Importer(2089858483,b0f066a214c2f5e87bad3c948f4d605d)
Start importing Assets/JC_LP_MegaCity/Models/Buildings/SM_Buildings_Factory_01_Door_L.fbx using Guid(e4464a187c4849848befe2536ca8865c) Importer(2089858483,b0f066a214c2f5e87bad3c948f4d605d) (ScriptedImporter) -> (artifact id: '5bad7911c086f0b360c4e7774c9b785c') in 0.007954871 seconds
Number of updated asset objects reloaded before import = 0Number of asset objects unloaded after import = 7

========================================================================
Received Import Request.
  Time since last request: 0.000009 seconds.
  path: Assets/JC_LP_MegaCity/Prefabs/Food/SM_Food_Pizza_04.prefab
  artifactKey: Guid(ec311d86b59b47a409809865e0fa38b1) Importer(2089858483,b0f066a214c2f5e87bad3c948f4d605d)
Start importing Assets/JC_LP_MegaCity/Prefabs/Food/SM_Food_Pizza_04.prefab using Guid(ec311d86b59b47a409809865e0fa38b1) Importer(2089858483,b0f066a214c2f5e87bad3c948f4d605d) (ScriptedImporter) -> (artifact id: 'd028cc5eac4961a7074909ede1af1785') in 0.004300468 seconds
Number of updated asset objects reloaded before import = 0Number of asset objects unloaded after import = 9

========================================================================
Received Import Request.
  Time since last request: 0.000011 seconds.
  path: Assets/JC_LP_MegaCity/Materials/M_MegaCity_Light_Building_04.mat
  artifactKey: Guid(93a1532b4cdc0874aa91adee39a21043) Importer(2089858483,b0f066a214c2f5e87bad3c948f4d605d)
Start importing Assets/JC_LP_MegaCity/Materials/M_MegaCity_Light_Building_04.mat using Guid(93a1532b4cdc0874aa91adee39a21043) Importer(2089858483,b0f066a214c2f5e87bad3c948f4d605d) (ScriptedImporter) -> (artifact id: 'c0d8cc95ec5b2a062f6439af18dc7817') in 0.015722141 seconds
Number of updated asset objects reloaded before import = 0Number of asset objects unloaded after import = 1

========================================================================
Received Import Request.
  Time since last request: 0.000014 seconds.
  path: Assets/JC_LP_MegaCity/Models/BuildingsDecor/SM_BuildingsDecor_46.fbx
  artifactKey: Guid(f5102020f769eef46a55147a43c2b6fe) Importer(2089858483,b0f066a214c2f5e87bad3c948f4d605d)
Start importing Assets/JC_LP_MegaCity/Models/BuildingsDecor/SM_BuildingsDecor_46.fbx using Guid(f5102020f769eef46a55147a43c2b6fe) Importer(2089858483,b0f066a214c2f5e87bad3c948f4d605d) (ScriptedImporter) -> (artifact id: '119f37626a8bf55736a86ba53804532f') in 0.004913365 seconds
Number of updated asset objects reloaded before import = 0Number of asset objects unloaded after import = 7

========================================================================
Received Import Request.
  Time since last request: 0.000008 seconds.
  path: Assets/JC_LP_MegaCity/Prefabs/Props/SM_Props_Rack_03_V3.prefab
  artifactKey: Guid(69c16d8db873e3a4880a9bc50d39baff) Importer(2089858483,b0f066a214c2f5e87bad3c948f4d605d)
Start importing Assets/JC_LP_MegaCity/Prefabs/Props/SM_Props_Rack_03_V3.prefab using Guid(69c16d8db873e3a4880a9bc50d39baff) Importer(2089858483,b0f066a214c2f5e87bad3c948f4d605d) (ScriptedImporter) -> (artifact id: '06612222e00f5214677fc3bba0422e3d') in 0.009947691 seconds
Number of updated asset objects reloaded before import = 0Number of asset objects unloaded after import = 332

========================================================================
Received Import Request.
  Time since last request: 0.000009 seconds.
  path: Assets/JC_LP_MegaCity/Prefabs/Floor/SM_Floor_Tile_01.prefab
  artifactKey: Guid(af2f370f5f8b29b4ab97795d55971438) Importer(2089858483,b0f066a214c2f5e87bad3c948f4d605d)
Start importing Assets/JC_LP_MegaCity/Prefabs/Floor/SM_Floor_Tile_01.prefab using Guid(af2f370f5f8b29b4ab97795d55971438) Importer(2089858483,b0f066a214c2f5e87bad3c948f4d605d) (ScriptedImporter) -> (artifact id: '34a2a1a365dcdff6b798e725e9e43b60') in 0.004611327 seconds
Number of updated asset objects reloaded before import = 0Number of asset objects unloaded after import = 9

========================================================================
Received Import Request.
  Time since last request: 0.000008 seconds.
  path: Assets/JC_LP_MegaCity/Models/Props/SM_Props_Rack_08.fbx
  artifactKey: Guid(9bc159956f3a3174ba3c1e8bba518f3a) Importer(2089858483,b0f066a214c2f5e87bad3c948f4d605d)
Start importing Assets/JC_LP_MegaCity/Models/Props/SM_Props_Rack_08.fbx using Guid(9bc159956f3a3174ba3c1e8bba518f3a) Importer(2089858483,b0f066a214c2f5e87bad3c948f4d605d) (ScriptedImporter) -> (artifact id: '68f9cecded2ad44b9e8d7a02c1c503cc') in 0.004334009 seconds
Number of updated asset objects reloaded before import = 0Number of asset objects unloaded after import = 7

========================================================================
Received Import Request.
  Time since last request: 0.000009 seconds.
  path: Assets/JC_LP_MegaCity/Models/Buildings/SM_Buildings_House_15_V1.fbx
  artifactKey: Guid(ee2703d85d903d94b9ac757d5eb1f837) Importer(2089858483,b0f066a214c2f5e87bad3c948f4d605d)
Start importing Assets/JC_LP_MegaCity/Models/Buildings/SM_Buildings_House_15_V1.fbx using Guid(ee2703d85d903d94b9ac757d5eb1f837) Importer(2089858483,b0f066a214c2f5e87bad3c948f4d605d) (ScriptedImporter) -> (artifact id: '446304b119fc49c31ac93b95544814d2') in 0.004936555 seconds
Number of updated asset objects reloaded before import = 0Number of asset objects unloaded after import = 7

========================================================================
Received Import Request.
  Time since last request: 0.000007 seconds.
  path: Assets/JC_LP_MegaCity/Prefabs/BuildingsDecor/SM_BuildingsDecor_38.prefab
  artifactKey: Guid(9b027429dd997904f8ef6aa1e549529f) Importer(2089858483,b0f066a214c2f5e87bad3c948f4d605d)
Start importing Assets/JC_LP_MegaCity/Prefabs/BuildingsDecor/SM_BuildingsDecor_38.prefab using Guid(9b027429dd997904f8ef6aa1e549529f) Importer(2089858483,b0f066a214c2f5e87bad3c948f4d605d) (ScriptedImporter) -> (artifact id: '6cecced8eeed09b84f1ed7a8f32599bb') in 0.004109519 seconds
Number of updated asset objects reloaded before import = 0Number of asset objects unloaded after import = 9

========================================================================
Received Import Request.
  Time since last request: 0.000007 seconds.
  path: Assets/JC_LP_MegaCity/Prefabs/FloorProps/SM_FloorProps_RoadSign_32.prefab
  artifactKey: Guid(668e6862999454c45b3559e14a83e8eb) Importer(2089858483,b0f066a214c2f5e87bad3c948f4d605d)
Start importing Assets/JC_LP_MegaCity/Prefabs/FloorProps/SM_FloorProps_RoadSign_32.prefab using Guid(668e6862999454c45b3559e14a83e8eb) Importer(2089858483,b0f066a214c2f5e87bad3c948f4d605d) (ScriptedImporter) -> (artifact id: '2006af129884b470aad7deb138e8511f') in 0.004587857 seconds
Number of updated asset objects reloaded before import = 0Number of asset objects unloaded after import = 9

========================================================================
Received Import Request.
  Time since last request: 1.430488 seconds.
  path: Assets/JC_LP_MegaCity/Prefabs/BuildingsDecor/SM_BuildingsDecor_72.prefab
  artifactKey: Guid(34efd9bf27b529d449bc6517670307c2) Importer(2089858483,b0f066a214c2f5e87bad3c948f4d605d)
Start importing Assets/JC_LP_MegaCity/Prefabs/BuildingsDecor/SM_BuildingsDecor_72.prefab using Guid(34efd9bf27b529d449bc6517670307c2) Importer(2089858483,b0f066a214c2f5e87bad3c948f4d605d) (ScriptedImporter) -> (artifact id: '8bef9a5e2109a565170eae3e96f37823') in 0.008273399 seconds
Number of updated asset objects reloaded before import = 0Number of asset objects unloaded after import = 9

========================================================================
Received Import Request.
  Time since last request: 0.000010 seconds.
  path: Assets/JC_LP_MegaCity/Prefabs/Buildings/SM_Buildings_Office_06.prefab
  artifactKey: Guid(cc066817dc5db1f4bb096bf3ccde750a) Importer(2089858483,b0f066a214c2f5e87bad3c948f4d605d)
Start importing Assets/JC_LP_MegaCity/Prefabs/Buildings/SM_Buildings_Office_06.prefab using Guid(cc066817dc5db1f4bb096bf3ccde750a) Importer(2089858483,b0f066a214c2f5e87bad3c948f4d605d) (ScriptedImporter) -> (artifact id: 'a7114b70f4b4d63a1bc1687a560840bd') in 0.00590972 seconds
Number of updated asset objects reloaded before import = 0Number of asset objects unloaded after import = 32

========================================================================
Received Import Request.
  Time since last request: 0.000014 seconds.
  path: Assets/JC_LP_MegaCity/Models/Buildings/SM_Buildings_Port_01_Door_01.fbx
  artifactKey: Guid(b67727baabc7bd34b838055433a1426e) Importer(2089858483,b0f066a214c2f5e87bad3c948f4d605d)
Start importing Assets/JC_LP_MegaCity/Models/Buildings/SM_Buildings_Port_01_Door_01.fbx using Guid(b67727baabc7bd34b838055433a1426e) Importer(2089858483,b0f066a214c2f5e87bad3c948f4d605d) (ScriptedImporter) -> (artifact id: '0468a8c0784c6ce275bf736db7a7caed') in 0.005369933 seconds
Number of updated asset objects reloaded before import = 0Number of asset objects unloaded after import = 7

========================================================================
Received Import Request.
  Time since last request: 0.000008 seconds.
  path: Assets/JC_LP_MegaCity/Models/Props/SM_Props_Furniture_02.fbx
  artifactKey: Guid(9d06ff3962592fd4497461e9d2ed7111) Importer(2089858483,b0f066a214c2f5e87bad3c948f4d605d)
Start importing Assets/JC_LP_MegaCity/Models/Props/SM_Props_Furniture_02.fbx using Guid(9d06ff3962592fd4497461e9d2ed7111) Importer(2089858483,b0f066a214c2f5e87bad3c948f4d605d) (ScriptedImporter) -> (artifact id: '2937a07009ae1d015b3e2b5f892d0f3d') in 0.005712962 seconds
Number of updated asset objects reloaded before import = 0Number of asset objects unloaded after import = 7

========================================================================
Received Import Request.
  Time since last request: 0.000010 seconds.
  path: Assets/JC_LP_MegaCity/Prefabs/Vehicles/SM_Vehicles_11_V2.prefab
  artifactKey: Guid(a9a9dacc1fd1e5547946bda8901b5739) Importer(2089858483,b0f066a214c2f5e87bad3c948f4d605d)
Start importing Assets/JC_LP_MegaCity/Prefabs/Vehicles/SM_Vehicles_11_V2.prefab using Guid(a9a9dacc1fd1e5547946bda8901b5739) Importer(2089858483,b0f066a214c2f5e87bad3c948f4d605d) (ScriptedImporter) -> (artifact id: 'cc92db03655ec83b2d76edb51a916fc3') in 0.002695407 seconds
Number of updated asset objects reloaded before import = 0Number of asset objects unloaded after import = 34

========================================================================
Received Import Request.
  Time since last request: 0.000008 seconds.
  path: Assets/JC_LP_MegaCity/Models/Props/SM_Props_Cafe_20.fbx
  artifactKey: Guid(5d64fe2832349b94c8622bde41e7eec3) Importer(2089858483,b0f066a214c2f5e87bad3c948f4d605d)
Start importing Assets/JC_LP_MegaCity/Models/Props/SM_Props_Cafe_20.fbx using Guid(5d64fe2832349b94c8622bde41e7eec3) Importer(2089858483,b0f066a214c2f5e87bad3c948f4d605d) (ScriptedImporter) -> (artifact id: 'fa6d553410129994c17c18733975b561') in 0.004544448 seconds
Number of updated asset objects reloaded before import = 0Number of asset objects unloaded after import = 7

========================================================================
Received Import Request.
  Time since last request: 0.000008 seconds.
  path: Assets/JC_LP_MegaCity/Prefabs/Buildings/SM_Buildings_House_08_V1.prefab
  artifactKey: Guid(d8262d69066e6294d8d32254b58a536e) Importer(2089858483,b0f066a214c2f5e87bad3c948f4d605d)
Start importing Assets/JC_LP_MegaCity/Prefabs/Buildings/SM_Buildings_House_08_V1.prefab using Guid(d8262d69066e6294d8d32254b58a536e) Importer(2089858483,b0f066a214c2f5e87bad3c948f4d605d) (ScriptedImporter) -> (artifact id: '1ef4444bbd75a29c013148e690db6197') in 0.006648737 seconds
Number of updated asset objects reloaded before import = 0Number of asset objects unloaded after import = 44

========================================================================
Received Import Request.
  Time since last request: 0.000007 seconds.
  path: Assets/JC_LP_MegaCity/Prefabs/FloorProps/SM_FloorProps_RoadSign_13.prefab
  artifactKey: Guid(1d1aa160e3f59994a92456f376962f62) Importer(2089858483,b0f066a214c2f5e87bad3c948f4d605d)
Start importing Assets/JC_LP_MegaCity/Prefabs/FloorProps/SM_FloorProps_RoadSign_13.prefab using Guid(1d1aa160e3f59994a92456f376962f62) Importer(2089858483,b0f066a214c2f5e87bad3c948f4d605d) (ScriptedImporter) -> (artifact id: '0572f6ad4fc16bbb9fe7c22bf379033e') in 0.004175179 seconds
Number of updated asset objects reloaded before import = 0Number of asset objects unloaded after import = 9

========================================================================
Received Import Request.
  Time since last request: 0.000009 seconds.
  path: Assets/JC_LP_MegaCity/Models/FloorProps/SM_FloorProps_RoadSign_02.fbx
  artifactKey: Guid(7770760f2f1ce4e40b3661ebf363deb6) Importer(2089858483,b0f066a214c2f5e87bad3c948f4d605d)
Start importing Assets/JC_LP_MegaCity/Models/FloorProps/SM_FloorProps_RoadSign_02.fbx using Guid(7770760f2f1ce4e40b3661ebf363deb6) Importer(2089858483,b0f066a214c2f5e87bad3c948f4d605d) (ScriptedImporter) -> (artifact id: '6a996a9b074106cb62bd4423796c7b71') in 0.007089004 seconds
Number of updated asset objects reloaded before import = 0Number of asset objects unloaded after import = 7

========================================================================
Received Import Request.
  Time since last request: 0.000007 seconds.
  path: Assets/JC_LP_MegaCity/Prefabs/Buildings/SM_Buildings_Warehouse_01.prefab
  artifactKey: Guid(765c8e54a5b385b4b855529f36ad1352) Importer(2089858483,b0f066a214c2f5e87bad3c948f4d605d)
Start importing Assets/JC_LP_MegaCity/Prefabs/Buildings/SM_Buildings_Warehouse_01.prefab using Guid(765c8e54a5b385b4b855529f36ad1352) Importer(2089858483,b0f066a214c2f5e87bad3c948f4d605d) (ScriptedImporter) -> (artifact id: 'ca11d972368f4f453f2048b1b16cd4d7') in 0.006027689 seconds
Number of updated asset objects reloaded before import = 0Number of asset objects unloaded after import = 27

========================================================================
Received Import Request.
  Time since last request: 0.000009 seconds.
  path: Assets/JC_LP_MegaCity/Models/Props/SM_Props_Furniture_04.fbx
  artifactKey: Guid(f1e2752c1a5266a45895bc54471607a6) Importer(2089858483,b0f066a214c2f5e87bad3c948f4d605d)
Start importing Assets/JC_LP_MegaCity/Models/Props/SM_Props_Furniture_04.fbx using Guid(f1e2752c1a5266a45895bc54471607a6) Importer(2089858483,b0f066a214c2f5e87bad3c948f4d605d) (ScriptedImporter) -> (artifact id: 'b2c3a1813dc6e906d6ea7f4648a3eda5') in 0.004727306 seconds
Number of updated asset objects reloaded before import = 0Number of asset objects unloaded after import = 7

========================================================================
Received Import Request.
  Time since last request: 0.000009 seconds.
  path: Assets/JC_LP_MegaCity/Models/Food/SM_Food_Pizza_02.fbx
  artifactKey: Guid(53ec2c17835b66e4faf61843377f31c2) Importer(2089858483,b0f066a214c2f5e87bad3c948f4d605d)
Start importing Assets/JC_LP_MegaCity/Models/Food/SM_Food_Pizza_02.fbx using Guid(53ec2c17835b66e4faf61843377f31c2) Importer(2089858483,b0f066a214c2f5e87bad3c948f4d605d) (ScriptedImporter) -> (artifact id: 'c247eeeec96e029a25cf706934c5653c') in 0.005345844 seconds
Number of updated asset objects reloaded before import = 0Number of asset objects unloaded after import = 7

========================================================================
Received Import Request.
  Time since last request: 0.000011 seconds.
  path: Assets/JC_LP_MegaCity/Models/Food/SM_Food_FoodBox_01.fbx
  artifactKey: Guid(7b872b17f81c03040bc1f7f35eb13486) Importer(2089858483,b0f066a214c2f5e87bad3c948f4d605d)
Start importing Assets/JC_LP_MegaCity/Models/Food/SM_Food_FoodBox_01.fbx using Guid(7b872b17f81c03040bc1f7f35eb13486) Importer(2089858483,b0f066a214c2f5e87bad3c948f4d605d) (ScriptedImporter) -> (artifact id: 'ab6c03bf1393c6a3e13a96a413a73e31') in 0.005709041 seconds
Number of updated asset objects reloaded before import = 0Number of asset objects unloaded after import = 7

========================================================================
Received Import Request.
  Time since last request: 0.000015 seconds.
  path: Assets/JC_LP_MegaCity/Prefabs/Buildings/SM_Buildings_House_01_V2.prefab
  artifactKey: Guid(2547d5bce12e0d949bd7b5b9e0b93063) Importer(2089858483,b0f066a214c2f5e87bad3c948f4d605d)
Start importing Assets/JC_LP_MegaCity/Prefabs/Buildings/SM_Buildings_House_01_V2.prefab using Guid(2547d5bce12e0d949bd7b5b9e0b93063) Importer(2089858483,b0f066a214c2f5e87bad3c948f4d605d) (ScriptedImporter) -> (artifact id: '3d2a182fbdb236d4282587a78892261f') in 0.005650891 seconds
Number of updated asset objects reloaded before import = 0Number of asset objects unloaded after import = 38

========================================================================
Received Import Request.
  Time since last request: 0.000008 seconds.
  path: Assets/JC_LP_MegaCity/Models/BuildingsDecor/SM_BuildingsDecor_38.fbx
  artifactKey: Guid(3eb0516dfa207184e80c47089bcc5ded) Importer(2089858483,b0f066a214c2f5e87bad3c948f4d605d)
Start importing Assets/JC_LP_MegaCity/Models/BuildingsDecor/SM_BuildingsDecor_38.fbx using Guid(3eb0516dfa207184e80c47089bcc5ded) Importer(2089858483,b0f066a214c2f5e87bad3c948f4d605d) (ScriptedImporter) -> (artifact id: '60ba1ceaa679aa67e9e709dc4c5354c6') in 0.004422168 seconds
Number of updated asset objects reloaded before import = 0Number of asset objects unloaded after import = 7

========================================================================
Received Import Request.
  Time since last request: 0.000014 seconds.
  path: Assets/JC_LP_MegaCity/Prefabs/Floor/SM_Floor_Tile_14.prefab
  artifactKey: Guid(228a5021764eeb147aeca0d22028dd76) Importer(2089858483,b0f066a214c2f5e87bad3c948f4d605d)
Start importing Assets/JC_LP_MegaCity/Prefabs/Floor/SM_Floor_Tile_14.prefab using Guid(228a5021764eeb147aeca0d22028dd76) Importer(2089858483,b0f066a214c2f5e87bad3c948f4d605d) (ScriptedImporter) -> (artifact id: '6f59b157c624ccaa35368aefeaafcae5') in 0.004071179 seconds
Number of updated asset objects reloaded before import = 0Number of asset objects unloaded after import = 9

========================================================================
Received Import Request.
  Time since last request: 0.000007 seconds.
  path: Assets/JC_LP_MegaCity/Models/Floor/SM_Floor_Bridge_01.fbx
  artifactKey: Guid(175742d947070d547841d09dbeb1c920) Importer(2089858483,b0f066a214c2f5e87bad3c948f4d605d)
Start importing Assets/JC_LP_MegaCity/Models/Floor/SM_Floor_Bridge_01.fbx using Guid(175742d947070d547841d09dbeb1c920) Importer(2089858483,b0f066a214c2f5e87bad3c948f4d605d) (ScriptedImporter) -> (artifact id: '8de1f4e989c34e37b093f7b571378d47') in 0.004934705 seconds
Number of updated asset objects reloaded before import = 0Number of asset objects unloaded after import = 7

========================================================================
Received Import Request.
  Time since last request: 0.000007 seconds.
  path: Assets/JC_LP_MegaCity/Models/IndustrialProps/SM_IndustrialProps_Construction_05.fbx
  artifactKey: Guid(5e8f3570ce215244b8d5927e56c852d5) Importer(2089858483,b0f066a214c2f5e87bad3c948f4d605d)
Start importing Assets/JC_LP_MegaCity/Models/IndustrialProps/SM_IndustrialProps_Construction_05.fbx using Guid(5e8f3570ce215244b8d5927e56c852d5) Importer(2089858483,b0f066a214c2f5e87bad3c948f4d605d) (ScriptedImporter) -> (artifact id: '4b3a2c356035387cc4a2bf98f189f69e') in 0.006329498 seconds
Number of updated asset objects reloaded before import = 0Number of asset objects unloaded after import = 7

========================================================================
Received Import Request.
  Time since last request: 0.000008 seconds.
  path: Assets/JC_LP_MegaCity/Models/Props/SM_Props_Pool_05.fbx
  artifactKey: Guid(05e6111182333f940aefbc9608b33d25) Importer(2089858483,b0f066a214c2f5e87bad3c948f4d605d)
Start importing Assets/JC_LP_MegaCity/Models/Props/SM_Props_Pool_05.fbx using Guid(05e6111182333f940aefbc9608b33d25) Importer(2089858483,b0f066a214c2f5e87bad3c948f4d605d) (ScriptedImporter) -> (artifact id: 'fc2bfc74cd091359865b32edf479bb95') in 0.005010715 seconds
Number of updated asset objects reloaded before import = 0Number of asset objects unloaded after import = 7

========================================================================
Received Import Request.
  Time since last request: 0.000009 seconds.
  path: Assets/JC_LP_MegaCity/Prefabs/Buildings/SM_Buildings_Office_03.prefab
  artifactKey: Guid(96fb9294c2d60154bb547531a9289732) Importer(2089858483,b0f066a214c2f5e87bad3c948f4d605d)
Start importing Assets/JC_LP_MegaCity/Prefabs/Buildings/SM_Buildings_Office_03.prefab using Guid(96fb9294c2d60154bb547531a9289732) Importer(2089858483,b0f066a214c2f5e87bad3c948f4d605d) (ScriptedImporter) -> (artifact id: '7ef21e892e5dc2868a0482e9fb1978f5') in 0.006566767 seconds
Number of updated asset objects reloaded before import = 0Number of asset objects unloaded after import = 34

========================================================================
Received Import Request.
  Time since last request: 0.000009 seconds.
  path: Assets/JC_LP_MegaCity/Prefabs/Floor/SM_Floor_Park_01.prefab
  artifactKey: Guid(dd2c059c876fdcb468bd9d89e536ef40) Importer(2089858483,b0f066a214c2f5e87bad3c948f4d605d)
Start importing Assets/JC_LP_MegaCity/Prefabs/Floor/SM_Floor_Park_01.prefab using Guid(dd2c059c876fdcb468bd9d89e536ef40) Importer(2089858483,b0f066a214c2f5e87bad3c948f4d605d) (ScriptedImporter) -> (artifact id: 'e8957d8646d92606d63fe1350362ec1f') in 0.004488177 seconds
Number of updated asset objects reloaded before import = 0Number of asset objects unloaded after import = 9

========================================================================
Received Import Request.
  Time since last request: 0.000007 seconds.
  path: Assets/JC_LP_MegaCity/Prefabs/Floor/SM_Floor_Metro_01R.prefab
  artifactKey: Guid(4b4d4400dcd0e994eb1ca61ff4e4e630) Importer(2089858483,b0f066a214c2f5e87bad3c948f4d605d)
Start importing Assets/JC_LP_MegaCity/Prefabs/Floor/SM_Floor_Metro_01R.prefab using Guid(4b4d4400dcd0e994eb1ca61ff4e4e630) Importer(2089858483,b0f066a214c2f5e87bad3c948f4d605d) (ScriptedImporter) -> (artifact id: '2664932f7bad467494dd911453936439') in 0.004659147 seconds
Number of updated asset objects reloaded before import = 0Number of asset objects unloaded after import = 10

========================================================================
Received Import Request.
  Time since last request: 0.000010 seconds.
  path: Assets/JC_LP_MegaCity/Prefabs/Floor/SM_Floor_Road_21.prefab
  artifactKey: Guid(534a0789b74c81c489bfa62fdf761ca9) Importer(2089858483,b0f066a214c2f5e87bad3c948f4d605d)
Start importing Assets/JC_LP_MegaCity/Prefabs/Floor/SM_Floor_Road_21.prefab using Guid(534a0789b74c81c489bfa62fdf761ca9) Importer(2089858483,b0f066a214c2f5e87bad3c948f4d605d) (ScriptedImporter) -> (artifact id: 'c0442cd22019e20bf82ca23459792044') in 0.00592363 seconds
Number of updated asset objects reloaded before import = 0Number of asset objects unloaded after import = 10

========================================================================
Received Import Request.
  Time since last request: 0.000013 seconds.
  path: Assets/JC_LP_MegaCity/Scenes/LP_MegaCity_Demo
  artifactKey: Guid(c35edc8fdee26bb4e8a474ee12a48c1d) Importer(2089858483,b0f066a214c2f5e87bad3c948f4d605d)
Start importing Assets/JC_LP_MegaCity/Scenes/LP_MegaCity_Demo using Guid(c35edc8fdee26bb4e8a474ee12a48c1d) Importer(2089858483,b0f066a214c2f5e87bad3c948f4d605d) (ScriptedImporter) -> (artifact id: 'e2f2b774dee51dc504f2b79eaecb2f61') in 0.001268223 seconds
Number of updated asset objects reloaded before import = 0Number of asset objects unloaded after import = 1

========================================================================
Received Import Request.
  Time since last request: 0.000014 seconds.
  path: Assets/JC_LP_MegaCity/Models/Vehicles/SM_Vehilces_Helicopter_V1.fbx
  artifactKey: Guid(4c37a30d8791691488fafd2ac5625183) Importer(2089858483,b0f066a214c2f5e87bad3c948f4d605d)
Start importing Assets/JC_LP_MegaCity/Models/Vehicles/SM_Vehilces_Helicopter_V1.fbx using Guid(4c37a30d8791691488fafd2ac5625183) Importer(2089858483,b0f066a214c2f5e87bad3c948f4d605d) (ScriptedImporter) -> (artifact id: 'cb4fdd142a61ba9458531faecfae4c2c') in 0.004821116 seconds
Number of updated asset objects reloaded before import = 0Number of asset objects unloaded after import = 24

========================================================================
Received Import Request.
  Time since last request: 0.000007 seconds.
  path: Assets/JC_LP_MegaCity/Models/Buildings/SM_Buildings_Commercial_16.fbx
  artifactKey: Guid(19d3caf199b50d4469baf9ce561e8755) Importer(2089858483,b0f066a214c2f5e87bad3c948f4d605d)
Start importing Assets/JC_LP_MegaCity/Models/Buildings/SM_Buildings_Commercial_16.fbx using Guid(19d3caf199b50d4469baf9ce561e8755) Importer(2089858483,b0f066a214c2f5e87bad3c948f4d605d) (ScriptedImporter) -> (artifact id: '455e0f03af4f7de8c4d8367bcf5f95e0') in 0.004514728 seconds
Number of updated asset objects reloaded before import = 0Number of asset objects unloaded after import = 7

========================================================================
Received Import Request.
  Time since last request: 0.000007 seconds.
  path: Assets/JC_LP_MegaCity/Prefabs/Floor/SM_Floor_Parking_04.prefab
  artifactKey: Guid(4de74533c5a79124ea8c460c156adc17) Importer(2089858483,b0f066a214c2f5e87bad3c948f4d605d)
Start importing Assets/JC_LP_MegaCity/Prefabs/Floor/SM_Floor_Parking_04.prefab using Guid(4de74533c5a79124ea8c460c156adc17) Importer(2089858483,b0f066a214c2f5e87bad3c948f4d605d) (ScriptedImporter) -> (artifact id: '3f04ea83639c9bdc4cf6c6af18d60884') in 0.00399377 seconds
Number of updated asset objects reloaded before import = 0Number of asset objects unloaded after import = 9

========================================================================
Received Import Request.
  Time since last request: 0.000009 seconds.
  path: Assets/JC_LP_MegaCity/Models/Props/SM_Props_GameConsole_04.fbx
  artifactKey: Guid(ca1f54200925df447a9811b467b6338c) Importer(2089858483,b0f066a214c2f5e87bad3c948f4d605d)
Start importing Assets/JC_LP_MegaCity/Models/Props/SM_Props_GameConsole_04.fbx using Guid(ca1f54200925df447a9811b467b6338c) Importer(2089858483,b0f066a214c2f5e87bad3c948f4d605d) (ScriptedImporter) -> (artifact id: '272950a87f4f1472b654bb758197cc9d') in 0.006264059 seconds
Number of updated asset objects reloaded before import = 0Number of asset objects unloaded after import = 7

========================================================================
Received Import Request.
  Time since last request: 0.000007 seconds.
  path: Assets/JC_LP_MegaCity/Prefabs/Food/SM_Food_Bottle_02.prefab
  artifactKey: Guid(38a43588596d38546b5f3cec6c387979) Importer(2089858483,b0f066a214c2f5e87bad3c948f4d605d)
Start importing Assets/JC_LP_MegaCity/Prefabs/Food/SM_Food_Bottle_02.prefab using Guid(38a43588596d38546b5f3cec6c387979) Importer(2089858483,b0f066a214c2f5e87bad3c948f4d605d) (ScriptedImporter) -> (artifact id: 'c1e033b0356b8065472e7a7acd54682c') in 0.003304594 seconds
Number of updated asset objects reloaded before import = 0Number of asset objects unloaded after import = 9

========================================================================
Received Import Request.
  Time since last request: 0.000007 seconds.
  path: Assets/JC_LP_MegaCity/Models/Buildings/SM_Buildings_CityHall_01.fbx
  artifactKey: Guid(000210b19e4c6ff4d829e26366b144eb) Importer(2089858483,b0f066a214c2f5e87bad3c948f4d605d)
Start importing Assets/JC_LP_MegaCity/Models/Buildings/SM_Buildings_CityHall_01.fbx using Guid(000210b19e4c6ff4d829e26366b144eb) Importer(2089858483,b0f066a214c2f5e87bad3c948f4d605d) (ScriptedImporter) -> (artifact id: 'a12c96b77b996550fb1e088a3391e505') in 0.009125745 seconds
Number of updated asset objects reloaded before import = 0Number of asset objects unloaded after import = 7

========================================================================
Received Import Request.
  Time since last request: 0.000007 seconds.
  path: Assets/JC_LP_MegaCity/Prefabs/Buildings/SM_Buildings_House_08_V2.prefab
  artifactKey: Guid(17e9751b0212da3479d1afed745b6548) Importer(2089858483,b0f066a214c2f5e87bad3c948f4d605d)
Start importing Assets/JC_LP_MegaCity/Prefabs/Buildings/SM_Buildings_House_08_V2.prefab using Guid(17e9751b0212da3479d1afed745b6548) Importer(2089858483,b0f066a214c2f5e87bad3c948f4d605d) (ScriptedImporter) -> (artifact id: '050a628b72f9831af7422eb9e7491d6f') in 0.005071314 seconds
Number of updated asset objects reloaded before import = 0Number of asset objects unloaded after import = 44

========================================================================
Received Import Request.
  Time since last request: 0.000008 seconds.
  path: Assets/JC_LP_MegaCity/Models/IndustrialProps/SM_IndustrialProps_ShippingContainer_03_Door_01.fbx
  artifactKey: Guid(b60ad69e104d275409299fa4d37cf207) Importer(2089858483,b0f066a214c2f5e87bad3c948f4d605d)
Start importing Assets/JC_LP_MegaCity/Models/IndustrialProps/SM_IndustrialProps_ShippingContainer_03_Door_01.fbx using Guid(b60ad69e104d275409299fa4d37cf207) Importer(2089858483,b0f066a214c2f5e87bad3c948f4d605d) (ScriptedImporter) -> (artifact id: '33f0b29706583ea227d1895c9f5849a8') in 0.004945235 seconds
Number of updated asset objects reloaded before import = 0Number of asset objects unloaded after import = 7

========================================================================
Received Import Request.
  Time since last request: 0.000007 seconds.
  path: Assets/JC_LP_MegaCity/Models/Props/SM_Props_Garbage_03.fbx
  artifactKey: Guid(6bf208bd5e00eac40a90d98f5af96416) Importer(2089858483,b0f066a214c2f5e87bad3c948f4d605d)
Start importing Assets/JC_LP_MegaCity/Models/Props/SM_Props_Garbage_03.fbx using Guid(6bf208bd5e00eac40a90d98f5af96416) Importer(2089858483,b0f066a214c2f5e87bad3c948f4d605d) (ScriptedImporter) -> (artifact id: 'd20741807518cb086adcc901ba50bf16') in 0.006476057 seconds
Number of updated asset objects reloaded before import = 0Number of asset objects unloaded after import = 7

========================================================================
Received Import Request.
  Time since last request: 0.000010 seconds.
  path: Assets/JC_LP_MegaCity/Prefabs/IndustrialProps/SM_IndustrialProps_Generator_01.prefab
  artifactKey: Guid(08079291f99d01845a9e1cb3241bdc3d) Importer(2089858483,b0f066a214c2f5e87bad3c948f4d605d)
Start importing Assets/JC_LP_MegaCity/Prefabs/IndustrialProps/SM_IndustrialProps_Generator_01.prefab using Guid(08079291f99d01845a9e1cb3241bdc3d) Importer(2089858483,b0f066a214c2f5e87bad3c948f4d605d) (ScriptedImporter) -> (artifact id: '6325f75a4572a805cd766ab303748c7f') in 0.003681741 seconds
Number of updated asset objects reloaded before import = 0Number of asset objects unloaded after import = 9

========================================================================
Received Import Request.
  Time since last request: 0.000010 seconds.
  path: Assets/JC_LP_MegaCity/Prefabs/Buildings/SM_Buildings_CityMall_01.prefab
  artifactKey: Guid(1d28c5cc01363ac4d99db490e7965934) Importer(2089858483,b0f066a214c2f5e87bad3c948f4d605d)
Start importing Assets/JC_LP_MegaCity/Prefabs/Buildings/SM_Buildings_CityMall_01.prefab using Guid(1d28c5cc01363ac4d99db490e7965934) Importer(2089858483,b0f066a214c2f5e87bad3c948f4d605d) (ScriptedImporter) -> (artifact id: 'dffe74dab5b4a63a7402c9c878dab2b6') in 0.007231693 seconds
Number of updated asset objects reloaded before import = 0Number of asset objects unloaded after import = 45

========================================================================
Received Import Request.
  Time since last request: 0.000012 seconds.
  path: Assets/JC_LP_MegaCity/Prefabs/Floor/SM_Floor_Tile_05.prefab
  artifactKey: Guid(a21368d08b118cd4297bd3f87314a36b) Importer(2089858483,b0f066a214c2f5e87bad3c948f4d605d)
Start importing Assets/JC_LP_MegaCity/Prefabs/Floor/SM_Floor_Tile_05.prefab using Guid(a21368d08b118cd4297bd3f87314a36b) Importer(2089858483,b0f066a214c2f5e87bad3c948f4d605d) (ScriptedImporter) -> (artifact id: '82d6df71c30426b4b5172f71452bb5f8') in 0.003489263 seconds
Number of updated asset objects reloaded before import = 0Number of asset objects unloaded after import = 9

========================================================================
Received Import Request.
  Time since last request: 0.000008 seconds.
  path: Assets/JC_LP_MegaCity/Models/BuildingsDecor/SM_BuildingsDecor_15.fbx
  artifactKey: Guid(1b0b7de00062ac94986adb323ba4a7a5) Importer(2089858483,b0f066a214c2f5e87bad3c948f4d605d)
Start importing Assets/JC_LP_MegaCity/Models/BuildingsDecor/SM_BuildingsDecor_15.fbx using Guid(1b0b7de00062ac94986adb323ba4a7a5) Importer(2089858483,b0f066a214c2f5e87bad3c948f4d605d) (ScriptedImporter) -> (artifact id: '4410dd05b7bc7b0c4927f7f61a2ab8ea') in 0.005330103 seconds
Number of updated asset objects reloaded before import = 0Number of asset objects unloaded after import = 7

========================================================================
Received Import Request.
  Time since last request: 1.225704 seconds.
  path: Assets/JC_LP_MegaCity/Models/Food/SM_Food_Pie_06.fbx
  artifactKey: Guid(3d9f4831f97bbbe438173aba62660922) Importer(2089858483,b0f066a214c2f5e87bad3c948f4d605d)
Start importing Assets/JC_LP_MegaCity/Models/Food/SM_Food_Pie_06.fbx using Guid(3d9f4831f97bbbe438173aba62660922) Importer(2089858483,b0f066a214c2f5e87bad3c948f4d605d) (ScriptedImporter) -> (artifact id: 'f1a56560de73bc6d648af529ee8f7ee3') in 0.004395478 seconds
Number of updated asset objects reloaded before import = 0Number of asset objects unloaded after import = 7

========================================================================
Received Import Request.
  Time since last request: 0.000009 seconds.
  path: Assets/JC_LP_MegaCity/Models/BuildingsDecor/SM_BuildingsDecor_42.fbx
  artifactKey: Guid(512c89cfee1138248bc690e2935299e0) Importer(2089858483,b0f066a214c2f5e87bad3c948f4d605d)
Start importing Assets/JC_LP_MegaCity/Models/BuildingsDecor/SM_BuildingsDecor_42.fbx using Guid(512c89cfee1138248bc690e2935299e0) Importer(2089858483,b0f066a214c2f5e87bad3c948f4d605d) (ScriptedImporter) -> (artifact id: '6924141f6d341aefa0366a04ba830dec') in 0.004549337 seconds
Number of updated asset objects reloaded before import = 0Number of asset objects unloaded after import = 7

========================================================================
Received Import Request.
  Time since last request: 0.000008 seconds.
  path: Assets/JC_LP_MegaCity/Prefabs/Buildings/SM_Buildings_Factory_05.prefab
  artifactKey: Guid(a08b2657a02064f4db2f5fb1e6a5a6f7) Importer(2089858483,b0f066a214c2f5e87bad3c948f4d605d)
Start importing Assets/JC_LP_MegaCity/Prefabs/Buildings/SM_Buildings_Factory_05.prefab using Guid(a08b2657a02064f4db2f5fb1e6a5a6f7) Importer(2089858483,b0f066a214c2f5e87bad3c948f4d605d) (ScriptedImporter) -> (artifact id: '2b0b2099d349f98bbe2681100e4d0ebf') in 0.003759731 seconds
Number of updated asset objects reloaded before import = 0Number of asset objects unloaded after import = 9

========================================================================
Received Import Request.
  Time since last request: 0.000009 seconds.
  path: Assets/JC_LP_MegaCity/Models/BuildingsDecor/SM_BuildingsDecor_58.fbx
  artifactKey: Guid(9d55bf4db9ba86f49be7ad87c7855611) Importer(2089858483,b0f066a214c2f5e87bad3c948f4d605d)
Start importing Assets/JC_LP_MegaCity/Models/BuildingsDecor/SM_BuildingsDecor_58.fbx using Guid(9d55bf4db9ba86f49be7ad87c7855611) Importer(2089858483,b0f066a214c2f5e87bad3c948f4d605d) (ScriptedImporter) -> (artifact id: '64fb506d5bc255fc4e11517020348192') in 0.005030785 seconds
Number of updated asset objects reloaded before import = 0Number of asset objects unloaded after import = 7

========================================================================
Received Import Request.
  Time since last request: 0.000008 seconds.
  path: Assets/JC_LP_MegaCity/Models/Buildings/SM_Buildings_Hotel_01_Door.fbx
  artifactKey: Guid(ec50fb50416c6f7419b85f2d82182dd3) Importer(2089858483,b0f066a214c2f5e87bad3c948f4d605d)
Start importing Assets/JC_LP_MegaCity/Models/Buildings/SM_Buildings_Hotel_01_Door.fbx using Guid(ec50fb50416c6f7419b85f2d82182dd3) Importer(2089858483,b0f066a214c2f5e87bad3c948f4d605d) (ScriptedImporter) -> (artifact id: '9969917f0a20ec1460d646a95b8db56d') in 0.006535308 seconds
Number of updated asset objects reloaded before import = 0Number of asset objects unloaded after import = 7

========================================================================
Received Import Request.
  Time since last request: 0.000010 seconds.
  path: Assets/JC_LP_MegaCity/Models/FloorProps/SM_FloorProps_RoadSign_23.fbx
  artifactKey: Guid(71cf81219bfbca74596545fdd599d748) Importer(2089858483,b0f066a214c2f5e87bad3c948f4d605d)
Start importing Assets/JC_LP_MegaCity/Models/FloorProps/SM_FloorProps_RoadSign_23.fbx using Guid(71cf81219bfbca74596545fdd599d748) Importer(2089858483,b0f066a214c2f5e87bad3c948f4d605d) (ScriptedImporter) -> (artifact id: '9d2d2326fefeda3aa8c827d1bd565583') in 0.005277554 seconds
Number of updated asset objects reloaded before import = 0Number of asset objects unloaded after import = 7

========================================================================
Received Import Request.
  Time since last request: 0.000009 seconds.
  path: Assets/JC_LP_MegaCity/Prefabs/Props/SM_Props_Ads_05.prefab
  artifactKey: Guid(375698dac349dd144a5de39b513585c9) Importer(2089858483,b0f066a214c2f5e87bad3c948f4d605d)
Start importing Assets/JC_LP_MegaCity/Prefabs/Props/SM_Props_Ads_05.prefab using Guid(375698dac349dd144a5de39b513585c9) Importer(2089858483,b0f066a214c2f5e87bad3c948f4d605d) (ScriptedImporter) -> (artifact id: 'ca30c73a4652f5ed16b7b003f56d7ec9') in 0.004932825 seconds
Number of updated asset objects reloaded before import = 0Number of asset objects unloaded after import = 9

========================================================================
Received Import Request.
  Time since last request: 0.000017 seconds.
  path: Assets/JC_LP_MegaCity/Prefabs/Props/SM_Props_Park_01.prefab
  artifactKey: Guid(a4d466bdb51022648b06bf0590a926e5) Importer(2089858483,b0f066a214c2f5e87bad3c948f4d605d)
Start importing Assets/JC_LP_MegaCity/Prefabs/Props/SM_Props_Park_01.prefab using Guid(a4d466bdb51022648b06bf0590a926e5) Importer(2089858483,b0f066a214c2f5e87bad3c948f4d605d) (ScriptedImporter) -> (artifact id: '226a1c0e3d9f003998cc0df20d2cfbb4') in 0.007081925 seconds
Number of updated asset objects reloaded before import = 0Number of asset objects unloaded after import = 9

========================================================================
Received Import Request.
  Time since last request: 0.000019 seconds.
  path: Assets/JC_LP_MegaCity/Prefabs/IndustrialProps/SM_IndustrialProps_ShippingContainer_02.prefab
  artifactKey: Guid(2c2548f05ca20e44cb9786843b9c21f0) Importer(2089858483,b0f066a214c2f5e87bad3c948f4d605d)
Start importing Assets/JC_LP_MegaCity/Prefabs/IndustrialProps/SM_IndustrialProps_ShippingContainer_02.prefab using Guid(2c2548f05ca20e44cb9786843b9c21f0) Importer(2089858483,b0f066a214c2f5e87bad3c948f4d605d) (ScriptedImporter) -> (artifact id: '5d1621a9b5e2ba7915b035655f7f9baf') in 0.005358883 seconds
Number of updated asset objects reloaded before import = 0Number of asset objects unloaded after import = 31

========================================================================
Received Import Request.
  Time since last request: 0.000017 seconds.
  path: Assets/JC_LP_MegaCity/Prefabs/Props/SM_Props_Rack_05.prefab
  artifactKey: Guid(4720a8f66030e0e498546afe5b10e3e4) Importer(2089858483,b0f066a214c2f5e87bad3c948f4d605d)
Start importing Assets/JC_LP_MegaCity/Prefabs/Props/SM_Props_Rack_05.prefab using Guid(4720a8f66030e0e498546afe5b10e3e4) Importer(2089858483,b0f066a214c2f5e87bad3c948f4d605d) (ScriptedImporter) -> (artifact id: '277da2af708fbc5170f4e83fe10d971a') in 0.005776391 seconds
Number of updated asset objects reloaded before import = 0Number of asset objects unloaded after import = 9

========================================================================
Received Import Request.
  Time since last request: 0.000010 seconds.
  path: Assets/JC_LP_MegaCity/Textures/T_MegaCity_Cloud_03.png
  artifactKey: Guid(d91b8589c273ffc43b58c50dc6be2202) Importer(2089858483,b0f066a214c2f5e87bad3c948f4d605d)
Start importing Assets/JC_LP_MegaCity/Textures/T_MegaCity_Cloud_03.png using Guid(d91b8589c273ffc43b58c50dc6be2202) Importer(2089858483,b0f066a214c2f5e87bad3c948f4d605d) (ScriptedImporter) -> (artifact id: '0302b9578afe2e5f331068e71d4e1258') in 0.035206064 seconds
Number of updated asset objects reloaded before import = 0Number of asset objects unloaded after import = 1

========================================================================
Received Import Request.
  Time since last request: 0.000007 seconds.
  path: Assets/JC_LP_MegaCity/Models/Vehicles/SM_Vehicles_08_V1.fbx
  artifactKey: Guid(c395d2f873333de4ebf8e3cbc9f42394) Importer(2089858483,b0f066a214c2f5e87bad3c948f4d605d)
Start importing Assets/JC_LP_MegaCity/Models/Vehicles/SM_Vehicles_08_V1.fbx using Guid(c395d2f873333de4ebf8e3cbc9f42394) Importer(2089858483,b0f066a214c2f5e87bad3c948f4d605d) (ScriptedImporter) -> (artifact id: '07b7c74dd89fc8700c05036a03555a28') in 0.00800944 seconds
Number of updated asset objects reloaded before import = 0Number of asset objects unloaded after import = 34

========================================================================
Received Import Request.
  Time since last request: 0.000012 seconds.
  path: Assets/JC_LP_MegaCity/Models/FloorProps/SM_FloorProps_RoadSign_43.fbx
  artifactKey: Guid(f53d7f364713b9e4e9ac74ee7c6b1fa5) Importer(2089858483,b0f066a214c2f5e87bad3c948f4d605d)
Start importing Assets/JC_LP_MegaCity/Models/FloorProps/SM_FloorProps_RoadSign_43.fbx using Guid(f53d7f364713b9e4e9ac74ee7c6b1fa5) Importer(2089858483,b0f066a214c2f5e87bad3c948f4d605d) (ScriptedImporter) -> (artifact id: '9a8ddc724c9fd6a7dd870703d55afd34') in 0.004820756 seconds
Number of updated asset objects reloaded before import = 0Number of asset objects unloaded after import = 7

========================================================================
Received Import Request.
  Time since last request: 0.000008 seconds.
  path: Assets/JC_LP_MegaCity/Models/FloorProps/SM_FloorProps_Light_02.fbx
  artifactKey: Guid(7afc3caed1ed3f546bc5cee9687e8ec7) Importer(2089858483,b0f066a214c2f5e87bad3c948f4d605d)
Start importing Assets/JC_LP_MegaCity/Models/FloorProps/SM_FloorProps_Light_02.fbx using Guid(7afc3caed1ed3f546bc5cee9687e8ec7) Importer(2089858483,b0f066a214c2f5e87bad3c948f4d605d) (ScriptedImporter) -> (artifact id: 'a945482f6f693e3e0c3c204790d42263') in 0.004685777 seconds
Number of updated asset objects reloaded before import = 0Number of asset objects unloaded after import = 7

========================================================================
Received Import Request.
  Time since last request: 0.000008 seconds.
  path: Assets/JC_LP_MegaCity/Models/Vehicles/SM_Vehicles_Train_02.fbx
  artifactKey: Guid(d5ab46b052f24a648b9aa0824089b5c7) Importer(2089858483,b0f066a214c2f5e87bad3c948f4d605d)
Start importing Assets/JC_LP_MegaCity/Models/Vehicles/SM_Vehicles_Train_02.fbx using Guid(d5ab46b052f24a648b9aa0824089b5c7) Importer(2089858483,b0f066a214c2f5e87bad3c948f4d605d) (ScriptedImporter) -> (artifact id: 'c6de59ea419cb1f76ffb5429d615ffed') in 0.011708311 seconds
Number of updated asset objects reloaded before import = 0Number of asset objects unloaded after import = 59

========================================================================
Received Import Request.
  Time since last request: 0.000008 seconds.
  path: Assets/JC_LP_MegaCity/Prefabs/Props/SM_Props_Rack_02.prefab
  artifactKey: Guid(fe93136df0ab70347a657fef01329f2f) Importer(2089858483,b0f066a214c2f5e87bad3c948f4d605d)
Start importing Assets/JC_LP_MegaCity/Prefabs/Props/SM_Props_Rack_02.prefab using Guid(fe93136df0ab70347a657fef01329f2f) Importer(2089858483,b0f066a214c2f5e87bad3c948f4d605d) (ScriptedImporter) -> (artifact id: '7562ac8838addee85fb5642f93ad6faf') in 0.004361618 seconds
Number of updated asset objects reloaded before import = 0Number of asset objects unloaded after import = 9

========================================================================
Received Import Request.
  Time since last request: 0.000010 seconds.
  path: Assets/JC_LP_MegaCity/Prefabs/Props/SM_Props_Plant_01.prefab
  artifactKey: Guid(fa7321a3b0c1abb4eafc0a585e1a7b3a) Importer(2089858483,b0f066a214c2f5e87bad3c948f4d605d)
Start importing Assets/JC_LP_MegaCity/Prefabs/Props/SM_Props_Plant_01.prefab using Guid(fa7321a3b0c1abb4eafc0a585e1a7b3a) Importer(2089858483,b0f066a214c2f5e87bad3c948f4d605d) (ScriptedImporter) -> (artifact id: 'bee5f8dd4cc8bff6cce792bd0d9430b4') in 0.003693032 seconds
Number of updated asset objects reloaded before import = 0Number of asset objects unloaded after import = 9

========================================================================
Received Import Request.
  Time since last request: 0.000014 seconds.
  path: Assets/JC_LP_MegaCity/Prefabs/Vehicles/SM_Vehicles_10_V2.prefab
  artifactKey: Guid(1418fb46d5f6c2a4f995b9c00c04202f) Importer(2089858483,b0f066a214c2f5e87bad3c948f4d605d)
Start importing Assets/JC_LP_MegaCity/Prefabs/Vehicles/SM_Vehicles_10_V2.prefab using Guid(1418fb46d5f6c2a4f995b9c00c04202f) Importer(2089858483,b0f066a214c2f5e87bad3c948f4d605d) (ScriptedImporter) -> (artifact id: '4e965cbce62425d4dc50078c596b9d1d') in 0.003451833 seconds
Number of updated asset objects reloaded before import = 0Number of asset objects unloaded after import = 34

========================================================================
Received Import Request.
  Time since last request: 0.000009 seconds.
  path: Assets/JC_LP_MegaCity/Models/Food/SM_Food_Tomato_01.fbx
  artifactKey: Guid(b3a7db112992c204587aed86df97dc71) Importer(2089858483,b0f066a214c2f5e87bad3c948f4d605d)
Start importing Assets/JC_LP_MegaCity/Models/Food/SM_Food_Tomato_01.fbx using Guid(b3a7db112992c204587aed86df97dc71) Importer(2089858483,b0f066a214c2f5e87bad3c948f4d605d) (ScriptedImporter) -> (artifact id: 'e7fa039ff37fe6f1e82ac8b1999ef829') in 0.004655687 seconds
Number of updated asset objects reloaded before import = 0Number of asset objects unloaded after import = 7

========================================================================
Received Import Request.
  Time since last request: 0.000009 seconds.
  path: Assets/JC_LP_MegaCity/Models/Food/SM_Food_FoodBox_13.fbx
  artifactKey: Guid(c454c5905a5068a48a6116e50ad6f29e) Importer(2089858483,b0f066a214c2f5e87bad3c948f4d605d)
Start importing Assets/JC_LP_MegaCity/Models/Food/SM_Food_FoodBox_13.fbx using Guid(c454c5905a5068a48a6116e50ad6f29e) Importer(2089858483,b0f066a214c2f5e87bad3c948f4d605d) (ScriptedImporter) -> (artifact id: 'eea2faf51efe89f10a327cf061c72ef1') in 0.005467973 seconds
Number of updated asset objects reloaded before import = 0Number of asset objects unloaded after import = 7

========================================================================
Received Import Request.
  Time since last request: 0.000008 seconds.
  path: Assets/JC_LP_MegaCity/Models/Buildings/SM_Buildings_Factory_03.fbx
  artifactKey: Guid(439807c58c9736f49a83d392076e2ae5) Importer(2089858483,b0f066a214c2f5e87bad3c948f4d605d)
Start importing Assets/JC_LP_MegaCity/Models/Buildings/SM_Buildings_Factory_03.fbx using Guid(439807c58c9736f49a83d392076e2ae5) Importer(2089858483,b0f066a214c2f5e87bad3c948f4d605d) (ScriptedImporter) -> (artifact id: 'f22fdbad5b02ed55924b5250a8ae243c') in 0.006238959 seconds
Number of updated asset objects reloaded before import = 0Number of asset objects unloaded after import = 7

========================================================================
Received Import Request.
  Time since last request: 0.000008 seconds.
  path: Assets/JC_LP_MegaCity/Prefabs/Props/SM_Props_SurfBoard_02.prefab
  artifactKey: Guid(3c59440631b113349a5295ed01f0696c) Importer(2089858483,b0f066a214c2f5e87bad3c948f4d605d)
Start importing Assets/JC_LP_MegaCity/Prefabs/Props/SM_Props_SurfBoard_02.prefab using Guid(3c59440631b113349a5295ed01f0696c) Importer(2089858483,b0f066a214c2f5e87bad3c948f4d605d) (ScriptedImporter) -> (artifact id: '18f6732102fc54989051c6954becea60') in 0.003581552 seconds
Number of updated asset objects reloaded before import = 0Number of asset objects unloaded after import = 9

========================================================================
Received Import Request.
  Time since last request: 0.000008 seconds.
  path: Assets/JC_LP_MegaCity/Prefabs/Props/SM_Props_Trash_03.prefab
  artifactKey: Guid(c84b0c80d772e64438af4b9274b34c1e) Importer(2089858483,b0f066a214c2f5e87bad3c948f4d605d)
Start importing Assets/JC_LP_MegaCity/Prefabs/Props/SM_Props_Trash_03.prefab using Guid(c84b0c80d772e64438af4b9274b34c1e) Importer(2089858483,b0f066a214c2f5e87bad3c948f4d605d) (ScriptedImporter) -> (artifact id: '2ffeb54f2a03ffc06344c42f14ee0623') in 0.003439793 seconds
Number of updated asset objects reloaded before import = 0Number of asset objects unloaded after import = 9

========================================================================
Received Import Request.
  Time since last request: 0.000009 seconds.
  path: Assets/JC_LP_MegaCity/Models/Nature/SM_Nature_Landscape_08.fbx
  artifactKey: Guid(d3c8605335b897e46bac74478a1ed33c) Importer(2089858483,b0f066a214c2f5e87bad3c948f4d605d)
Start importing Assets/JC_LP_MegaCity/Models/Nature/SM_Nature_Landscape_08.fbx using Guid(d3c8605335b897e46bac74478a1ed33c) Importer(2089858483,b0f066a214c2f5e87bad3c948f4d605d) (ScriptedImporter) -> (artifact id: 'd2f024a25607aa330aef72b988898bdd') in 0.004766066 seconds
Number of updated asset objects reloaded before import = 0Number of asset objects unloaded after import = 7

========================================================================
Received Import Request.
  Time since last request: 0.000008 seconds.
  path: Assets/JC_LP_MegaCity/Prefabs/Buildings/SM_Buildings_Bank.prefab
  artifactKey: Guid(0dd1566a4a2d0ae4f9a721129aef0ef1) Importer(2089858483,b0f066a214c2f5e87bad3c948f4d605d)
Start importing Assets/JC_LP_MegaCity/Prefabs/Buildings/SM_Buildings_Bank.prefab using Guid(0dd1566a4a2d0ae4f9a721129aef0ef1) Importer(2089858483,b0f066a214c2f5e87bad3c948f4d605d) (ScriptedImporter) -> (artifact id: 'a51d14626aad9704a87dab1a723a5430') in 0.007434433 seconds
Number of updated asset objects reloaded before import = 0Number of asset objects unloaded after import = 22

========================================================================
Received Import Request.
  Time since last request: 0.000009 seconds.
  path: Assets/JC_LP_MegaCity/Prefabs/BuildingsDecor/SM_BuildingsDecor_04.prefab
  artifactKey: Guid(20aeb382ed505a34cb7107f2e232790e) Importer(2089858483,b0f066a214c2f5e87bad3c948f4d605d)
Start importing Assets/JC_LP_MegaCity/Prefabs/BuildingsDecor/SM_BuildingsDecor_04.prefab using Guid(20aeb382ed505a34cb7107f2e232790e) Importer(2089858483,b0f066a214c2f5e87bad3c948f4d605d) (ScriptedImporter) -> (artifact id: '288bd34b99f743642bacba55bb61f233') in 0.00401081 seconds
Number of updated asset objects reloaded before import = 0Number of asset objects unloaded after import = 9

========================================================================
Received Import Request.
  Time since last request: 0.000008 seconds.
  path: Assets/JC_LP_MegaCity/Prefabs/Props/SM_Props_DeskLamp_01.prefab
  artifactKey: Guid(fddce2c4025c5b54f90f55f9cabe9978) Importer(2089858483,b0f066a214c2f5e87bad3c948f4d605d)
Start importing Assets/JC_LP_MegaCity/Prefabs/Props/SM_Props_DeskLamp_01.prefab using Guid(fddce2c4025c5b54f90f55f9cabe9978) Importer(2089858483,b0f066a214c2f5e87bad3c948f4d605d) (ScriptedImporter) -> (artifact id: 'bfeb6f6b44212539eb820d031d36ca3f') in 0.004416998 seconds
Number of updated asset objects reloaded before import = 0Number of asset objects unloaded after import = 10

========================================================================
Received Import Request.
  Time since last request: 0.000012 seconds.
  path: Assets/JC_LP_MegaCity/Models/Floor/SM_Floor_Sand_02.fbx
  artifactKey: Guid(9e9f637eef19ee24dab1db89c17bb447) Importer(2089858483,b0f066a214c2f5e87bad3c948f4d605d)
Start importing Assets/JC_LP_MegaCity/Models/Floor/SM_Floor_Sand_02.fbx using Guid(9e9f637eef19ee24dab1db89c17bb447) Importer(2089858483,b0f066a214c2f5e87bad3c948f4d605d) (ScriptedImporter) -> (artifact id: 'd2bc5f9f27f14ff46deec95941a41edc') in 0.004787026 seconds
Number of updated asset objects reloaded before import = 0Number of asset objects unloaded after import = 7

========================================================================
Received Import Request.
  Time since last request: 0.000013 seconds.
  path: Assets/JC_LP_MegaCity/Prefabs/Nature/SM_Nature_Plant_02.prefab
  artifactKey: Guid(6736cf75a7bf0954da556c7c68f5a30e) Importer(2089858483,b0f066a214c2f5e87bad3c948f4d605d)
Start importing Assets/JC_LP_MegaCity/Prefabs/Nature/SM_Nature_Plant_02.prefab using Guid(6736cf75a7bf0954da556c7c68f5a30e) Importer(2089858483,b0f066a214c2f5e87bad3c948f4d605d) (ScriptedImporter) -> (artifact id: 'a8d7bb14f071886a65e3705ac3ea5419') in 0.002622857 seconds
Number of updated asset objects reloaded before import = 0Number of asset objects unloaded after import = 17

========================================================================
Received Import Request.
  Time since last request: 0.000007 seconds.
  path: Assets/JC_LP_MegaCity/Models/Vehicles/SM_Vehicles_06_V1.fbx
  artifactKey: Guid(20ffd44e9cd760142894315e18af2d1e) Importer(2089858483,b0f066a214c2f5e87bad3c948f4d605d)
Start importing Assets/JC_LP_MegaCity/Models/Vehicles/SM_Vehicles_06_V1.fbx using Guid(20ffd44e9cd760142894315e18af2d1e) Importer(2089858483,b0f066a214c2f5e87bad3c948f4d605d) (ScriptedImporter) -> (artifact id: 'c596be621ecf61585ad4fa0e904f24b0') in 0.007306494 seconds
Number of updated asset objects reloaded before import = 0Number of asset objects unloaded after import = 34

========================================================================
Received Import Request.
  Time since last request: 0.000007 seconds.
  path: Assets/JC_LP_MegaCity/Models/Buildings/SM_Buildings_Commercial_11.fbx
  artifactKey: Guid(a3d7bcefc2c6f1a42af4e2155c58aa95) Importer(2089858483,b0f066a214c2f5e87bad3c948f4d605d)
Start importing Assets/JC_LP_MegaCity/Models/Buildings/SM_Buildings_Commercial_11.fbx using Guid(a3d7bcefc2c6f1a42af4e2155c58aa95) Importer(2089858483,b0f066a214c2f5e87bad3c948f4d605d) (ScriptedImporter) -> (artifact id: '6c3305a1cebc40909a01d0a3958721d3') in 0.004759236 seconds
Number of updated asset objects reloaded before import = 0Number of asset objects unloaded after import = 7

========================================================================
Received Import Request.
  Time since last request: 0.000007 seconds.
  path: Assets/JC_LP_MegaCity/Prefabs/Props/SM_Props_Garbage_02.prefab
  artifactKey: Guid(849fe49ded2d3da4da09cb27abf2231c) Importer(2089858483,b0f066a214c2f5e87bad3c948f4d605d)
Start importing Assets/JC_LP_MegaCity/Prefabs/Props/SM_Props_Garbage_02.prefab using Guid(849fe49ded2d3da4da09cb27abf2231c) Importer(2089858483,b0f066a214c2f5e87bad3c948f4d605d) (ScriptedImporter) -> (artifact id: '92394f1b64062fdd4cf5d9c97e78ee96') in 0.003598372 seconds
Number of updated asset objects reloaded before import = 0Number of asset objects unloaded after import = 9

========================================================================
Received Import Request.
  Time since last request: 0.000008 seconds.
  path: Assets/JC_LP_MegaCity/Prefabs/Food/SM_Food_CannedFood_03.prefab
  artifactKey: Guid(cfd58ea9055e23f44b1ea8f397ffa44a) Importer(2089858483,b0f066a214c2f5e87bad3c948f4d605d)
Start importing Assets/JC_LP_MegaCity/Prefabs/Food/SM_Food_CannedFood_03.prefab using Guid(cfd58ea9055e23f44b1ea8f397ffa44a) Importer(2089858483,b0f066a214c2f5e87bad3c948f4d605d) (ScriptedImporter) -> (artifact id: '650fda63992c387a4ed6ab78c7a2651e') in 0.00397497 seconds
Number of updated asset objects reloaded before import = 0Number of asset objects unloaded after import = 9

========================================================================
Received Import Request.
  Time since last request: 0.000009 seconds.
  path: Assets/JC_LP_MegaCity/Prefabs/BuildingsDecor/SM_BuildingsDecor_20.prefab
  artifactKey: Guid(40fa555fa588b9e43bfa9a7ab33041e1) Importer(2089858483,b0f066a214c2f5e87bad3c948f4d605d)
Start importing Assets/JC_LP_MegaCity/Prefabs/BuildingsDecor/SM_BuildingsDecor_20.prefab using Guid(40fa555fa588b9e43bfa9a7ab33041e1) Importer(2089858483,b0f066a214c2f5e87bad3c948f4d605d) (ScriptedImporter) -> (artifact id: 'e46cc522e68504f0041c38bccc313b7f') in 0.004171779 seconds
Number of updated asset objects reloaded before import = 0Number of asset objects unloaded after import = 9

========================================================================
Received Import Request.
  Time since last request: 0.000007 seconds.
  path: Assets/JC_LP_MegaCity/Prefabs/Food/SM_Food_Plate_02.prefab
  artifactKey: Guid(00428425b8bf7c04b8d350435e11e6fe) Importer(2089858483,b0f066a214c2f5e87bad3c948f4d605d)
Start importing Assets/JC_LP_MegaCity/Prefabs/Food/SM_Food_Plate_02.prefab using Guid(00428425b8bf7c04b8d350435e11e6fe) Importer(2089858483,b0f066a214c2f5e87bad3c948f4d605d) (ScriptedImporter) -> (artifact id: '61c37933d274ca1cb951f8bbbbd33b21') in 0.004196549 seconds
Number of updated asset objects reloaded before import = 0Number of asset objects unloaded after import = 9

========================================================================
Received Import Request.
  Time since last request: 0.000008 seconds.
  path: Assets/JC_LP_MegaCity/Models/Vehicles/SM_Vehicles_Train_01.fbx
  artifactKey: Guid(a4fa34091e9098046a29c14bdd1ce0e5) Importer(2089858483,b0f066a214c2f5e87bad3c948f4d605d)
Start importing Assets/JC_LP_MegaCity/Models/Vehicles/SM_Vehicles_Train_01.fbx using Guid(a4fa34091e9098046a29c14bdd1ce0e5) Importer(2089858483,b0f066a214c2f5e87bad3c948f4d605d) (ScriptedImporter) -> (artifact id: '06d3ab73fb45d49c1fe5fa807bb9676a') in 0.00809948 seconds
Number of updated asset objects reloaded before import = 0Number of asset objects unloaded after import = 7

========================================================================
Received Import Request.
  Time since last request: 1.195333 seconds.
  path: Assets/JC_LP_MegaCity/Prefabs/Buildings/SM_Buildings_House_02_V1.prefab
  artifactKey: Guid(993ab36f72d2d4c4f9a9ae9bffbee9ae) Importer(2089858483,b0f066a214c2f5e87bad3c948f4d605d)
Start importing Assets/JC_LP_MegaCity/Prefabs/Buildings/SM_Buildings_House_02_V1.prefab using Guid(993ab36f72d2d4c4f9a9ae9bffbee9ae) Importer(2089858483,b0f066a214c2f5e87bad3c948f4d605d) (ScriptedImporter) -> (artifact id: '5ef1d7c2f008b11109755c1c8c4b9c3d') in 0.010332449 seconds
Number of updated asset objects reloaded before import = 0Number of asset objects unloaded after import = 28

========================================================================
Received Import Request.
  Time since last request: 0.000008 seconds.
  path: Assets/JC_LP_MegaCity/Prefabs/Props/SM_Props_Garbage_10.prefab
  artifactKey: Guid(8fca9fb86206ef3488f6165d57a1f14c) Importer(2089858483,b0f066a214c2f5e87bad3c948f4d605d)
Start importing Assets/JC_LP_MegaCity/Prefabs/Props/SM_Props_Garbage_10.prefab using Guid(8fca9fb86206ef3488f6165d57a1f14c) Importer(2089858483,b0f066a214c2f5e87bad3c948f4d605d) (ScriptedImporter) -> (artifact id: 'cd2370a725228d78b15c52d3357fe6e7') in 0.003769622 seconds
Number of updated asset objects reloaded before import = 0Number of asset objects unloaded after import = 9

========================================================================
Received Import Request.
  Time since last request: 0.000010 seconds.
  path: Assets/JC_LP_MegaCity/Prefabs/Floor
  artifactKey: Guid(e4c3bcfe93d47484391e9efbb12ea6ee) Importer(2089858483,b0f066a214c2f5e87bad3c948f4d605d)
Start importing Assets/JC_LP_MegaCity/Prefabs/Floor using Guid(e4c3bcfe93d47484391e9efbb12ea6ee) Importer(2089858483,b0f066a214c2f5e87bad3c948f4d605d) (ScriptedImporter) -> (artifact id: 'a17e3dfb5e9c20c582451b7695ff87fa') in 0.001227754 seconds
Number of updated asset objects reloaded before import = 0Number of asset objects unloaded after import = 1

========================================================================
Received Import Request.
  Time since last request: 0.000017 seconds.
  path: Assets/JC_LP_MegaCity/Prefabs/Food/SM_Food_Bottle_09.prefab
  artifactKey: Guid(709dffdcbd4643c47b7535990aa423d0) Importer(2089858483,b0f066a214c2f5e87bad3c948f4d605d)
Start importing Assets/JC_LP_MegaCity/Prefabs/Food/SM_Food_Bottle_09.prefab using Guid(709dffdcbd4643c47b7535990aa423d0) Importer(2089858483,b0f066a214c2f5e87bad3c948f4d605d) (ScriptedImporter) -> (artifact id: '151b601aa1ac7a7db14df838fbdc2834') in 0.00404074 seconds
Number of updated asset objects reloaded before import = 0Number of asset objects unloaded after import = 9

========================================================================
Received Import Request.
  Time since last request: 0.000009 seconds.
  path: Assets/JC_LP_MegaCity/Prefabs/BuildingsDecor/SM_BuildingsDecor_06.prefab
  artifactKey: Guid(d5c4b52f9186d964bb08c3bd6a9efacc) Importer(2089858483,b0f066a214c2f5e87bad3c948f4d605d)
Start importing Assets/JC_LP_MegaCity/Prefabs/BuildingsDecor/SM_BuildingsDecor_06.prefab using Guid(d5c4b52f9186d964bb08c3bd6a9efacc) Importer(2089858483,b0f066a214c2f5e87bad3c948f4d605d) (ScriptedImporter) -> (artifact id: '425773daf162385070802c674fb19520') in 0.00397242 seconds
Number of updated asset objects reloaded before import = 0Number of asset objects unloaded after import = 9

========================================================================
Received Import Request.
  Time since last request: 0.000009 seconds.
  path: Assets/JC_LP_MegaCity/Models/Food/SM_Food_FoodBox_11.fbx
  artifactKey: Guid(c026a19af00724849ab5d47d94d2d50d) Importer(2089858483,b0f066a214c2f5e87bad3c948f4d605d)
Start importing Assets/JC_LP_MegaCity/Models/Food/SM_Food_FoodBox_11.fbx using Guid(c026a19af00724849ab5d47d94d2d50d) Importer(2089858483,b0f066a214c2f5e87bad3c948f4d605d) (ScriptedImporter) -> (artifact id: '7fc62ab1f7df7f654c48cd78d11bf64f') in 0.00605522 seconds
Number of updated asset objects reloaded before import = 0Number of asset objects unloaded after import = 7

========================================================================
Received Import Request.
  Time since last request: 0.000008 seconds.
  path: Assets/JC_LP_MegaCity/Prefabs/BuildingsDecor/SM_BuildingsDecor_67.prefab
  artifactKey: Guid(05a5f59385ff83b4daea247ab2498c9d) Importer(2089858483,b0f066a214c2f5e87bad3c948f4d605d)
Start importing Assets/JC_LP_MegaCity/Prefabs/BuildingsDecor/SM_BuildingsDecor_67.prefab using Guid(05a5f59385ff83b4daea247ab2498c9d) Importer(2089858483,b0f066a214c2f5e87bad3c948f4d605d) (ScriptedImporter) -> (artifact id: 'c713c401d7dd32a50e8acf97eece965f') in 0.004316868 seconds
Number of updated asset objects reloaded before import = 0Number of asset objects unloaded after import = 10

========================================================================
Received Import Request.
  Time since last request: 0.000009 seconds.
  path: Assets/JC_LP_MegaCity/Convert_to_Built-In_JC_LP_MegaCity_2022.3_v1.01.unitypackage
  artifactKey: Guid(b6641f206a60dd648bc625c8d601717f) Importer(2089858483,b0f066a214c2f5e87bad3c948f4d605d)
Start importing Assets/JC_LP_MegaCity/Convert_to_Built-In_JC_LP_MegaCity_2022.3_v1.01.unitypackage using Guid(b6641f206a60dd648bc625c8d601717f) Importer(2089858483,b0f066a214c2f5e87bad3c948f4d605d) (ScriptedImporter) -> (artifact id: '1807b1bbb04de19e68a48c4dc2648234') in 0.001372413 seconds
Number of updated asset objects reloaded before import = 0Number of asset objects unloaded after import = 1

========================================================================
Received Import Request.
  Time since last request: 0.000009 seconds.
  path: Assets/JC_LP_MegaCity/Models/BuildingsDecor/SM_BuildingsDecor_Ads_03.fbx
  artifactKey: Guid(17312d02a4190454cbfd79872cfcbead) Importer(2089858483,b0f066a214c2f5e87bad3c948f4d605d)
Start importing Assets/JC_LP_MegaCity/Models/BuildingsDecor/SM_BuildingsDecor_Ads_03.fbx using Guid(17312d02a4190454cbfd79872cfcbead) Importer(2089858483,b0f066a214c2f5e87bad3c948f4d605d) (ScriptedImporter) -> (artifact id: 'e65137b72b4a008d21af5b88f6e8b1bc') in 0.004681286 seconds
Number of updated asset objects reloaded before import = 0Number of asset objects unloaded after import = 7

========================================================================
Received Import Request.
  Time since last request: 0.000014 seconds.
  path: Assets/JC_LP_MegaCity/Models/Food/SM_Food_Pumpkin_01.fbx
  artifactKey: Guid(2a3594989475b4446b6a4bb491d640f5) Importer(2089858483,b0f066a214c2f5e87bad3c948f4d605d)
Start importing Assets/JC_LP_MegaCity/Models/Food/SM_Food_Pumpkin_01.fbx using Guid(2a3594989475b4446b6a4bb491d640f5) Importer(2089858483,b0f066a214c2f5e87bad3c948f4d605d) (ScriptedImporter) -> (artifact id: '3fa8267b08f8d90a0d97ce1448db86b5') in 0.005258314 seconds
Number of updated asset objects reloaded before import = 0Number of asset objects unloaded after import = 7

========================================================================
Received Import Request.
  Time since last request: 0.000009 seconds.
  path: Assets/JC_LP_MegaCity/Models/Buildings/SM_Buildings_Supermarket_01.fbx
  artifactKey: Guid(5265947cee7b90d4c87b592e9e9480ee) Importer(2089858483,b0f066a214c2f5e87bad3c948f4d605d)
Start importing Assets/JC_LP_MegaCity/Models/Buildings/SM_Buildings_Supermarket_01.fbx using Guid(5265947cee7b90d4c87b592e9e9480ee) Importer(2089858483,b0f066a214c2f5e87bad3c948f4d605d) (ScriptedImporter) -> (artifact id: '498ec34a5e528bbb8f840052faa4adbe') in 0.006010309 seconds
Number of updated asset objects reloaded before import = 0Number of asset objects unloaded after import = 7

========================================================================
Received Import Request.
  Time since last request: 0.000009 seconds.
  path: Assets/JC_LP_MegaCity/Models/Buildings/SM_Buildings_Skyscraper_02.fbx
  artifactKey: Guid(b21ba7f06ba5ab543b0b5f7a726d58a8) Importer(2089858483,b0f066a214c2f5e87bad3c948f4d605d)
Start importing Assets/JC_LP_MegaCity/Models/Buildings/SM_Buildings_Skyscraper_02.fbx using Guid(b21ba7f06ba5ab543b0b5f7a726d58a8) Importer(2089858483,b0f066a214c2f5e87bad3c948f4d605d) (ScriptedImporter) -> (artifact id: '4ef78d4c58d3c1147572dc974387301c') in 0.008843525 seconds
Number of updated asset objects reloaded before import = 0Number of asset objects unloaded after import = 7

========================================================================
Received Import Request.
  Time since last request: 0.000008 seconds.
  path: Assets/JC_LP_MegaCity/Models/Vehicles
  artifactKey: Guid(008ab5625e170e94cbe06bc5b833338b) Importer(2089858483,b0f066a214c2f5e87bad3c948f4d605d)
Start importing Assets/JC_LP_MegaCity/Models/Vehicles using Guid(008ab5625e170e94cbe06bc5b833338b) Importer(2089858483,b0f066a214c2f5e87bad3c948f4d605d) (ScriptedImporter) -> (artifact id: '0718e985e49380a31465795709e92a63') in 0.001244204 seconds
Number of updated asset objects reloaded before import = 0Number of asset objects unloaded after import = 1

========================================================================
Received Import Request.
  Time since last request: 0.000014 seconds.
  path: Assets/JC_LP_MegaCity/Models/BuildingsDecor/SM_BuildingsDecor_19.fbx
  artifactKey: Guid(cb5e839a4b7ae5e419deb1f233e1aabe) Importer(2089858483,b0f066a214c2f5e87bad3c948f4d605d)
Start importing Assets/JC_LP_MegaCity/Models/BuildingsDecor/SM_BuildingsDecor_19.fbx using Guid(cb5e839a4b7ae5e419deb1f233e1aabe) Importer(2089858483,b0f066a214c2f5e87bad3c948f4d605d) (ScriptedImporter) -> (artifact id: '48adbc8658dbeaebe4645557bf28249e') in 0.004548568 seconds
Number of updated asset objects reloaded before import = 0Number of asset objects unloaded after import = 7

========================================================================
Received Import Request.
  Time since last request: 0.000015 seconds.
  path: Assets/JC_LP_MegaCity/Prefabs/Floor/SM_Floor_Road_10.prefab
  artifactKey: Guid(a0b3009825497e84aba636029a929dd5) Importer(2089858483,b0f066a214c2f5e87bad3c948f4d605d)
Start importing Assets/JC_LP_MegaCity/Prefabs/Floor/SM_Floor_Road_10.prefab using Guid(a0b3009825497e84aba636029a929dd5) Importer(2089858483,b0f066a214c2f5e87bad3c948f4d605d) (ScriptedImporter) -> (artifact id: '4acdfa1045a0f46a778c50a0971aae3f') in 0.003609002 seconds
Number of updated asset objects reloaded before import = 0Number of asset objects unloaded after import = 9

========================================================================
Received Import Request.
  Time since last request: 0.000008 seconds.
  path: Assets/JC_LP_MegaCity/Models/Vehicles/SM_Vehicles_Police_01.fbx
  artifactKey: Guid(f3c7808ed6a7251489854c9ff2ecd767) Importer(2089858483,b0f066a214c2f5e87bad3c948f4d605d)
Start importing Assets/JC_LP_MegaCity/Models/Vehicles/SM_Vehicles_Police_01.fbx using Guid(f3c7808ed6a7251489854c9ff2ecd767) Importer(2089858483,b0f066a214c2f5e87bad3c948f4d605d) (ScriptedImporter) -> (artifact id: '0f8348705263b6e70eac10f74f309442') in 0.007067224 seconds
Number of updated asset objects reloaded before import = 0Number of asset objects unloaded after import = 29

========================================================================
Received Import Request.
  Time since last request: 0.000008 seconds.
  path: Assets/JC_LP_MegaCity/Models/Buildings/SM_Buildings_House_04_Door_R.fbx
  artifactKey: Guid(75983c2ba1881814b92f6ab0f373df96) Importer(2089858483,b0f066a214c2f5e87bad3c948f4d605d)
Start importing Assets/JC_LP_MegaCity/Models/Buildings/SM_Buildings_House_04_Door_R.fbx using Guid(75983c2ba1881814b92f6ab0f373df96) Importer(2089858483,b0f066a214c2f5e87bad3c948f4d605d) (ScriptedImporter) -> (artifact id: '217b25af62df89902c9c8445e24efa82') in 0.004531397 seconds
Number of updated asset objects reloaded before import = 0Number of asset objects unloaded after import = 7

========================================================================
Received Import Request.
  Time since last request: 0.000008 seconds.
  path: Assets/JC_LP_MegaCity/Models/Nature/SM_Nature_Grass_02.fbx
  artifactKey: Guid(6d32158635ce9af4d906e959d6c928ae) Importer(2089858483,b0f066a214c2f5e87bad3c948f4d605d)
Start importing Assets/JC_LP_MegaCity/Models/Nature/SM_Nature_Grass_02.fbx using Guid(6d32158635ce9af4d906e959d6c928ae) Importer(2089858483,b0f066a214c2f5e87bad3c948f4d605d) (ScriptedImporter) -> (artifact id: 'e515717272054da362e8bbe1da4eec4f') in 0.004400148 seconds
Number of updated asset objects reloaded before import = 0Number of asset objects unloaded after import = 15

========================================================================
Received Import Request.
  Time since last request: 0.000008 seconds.
  path: Assets/JC_LP_MegaCity/Prefabs/Buildings/SM_Buildings_Church_01.prefab
  artifactKey: Guid(0dd8778f9994a9b439279c80ca729e12) Importer(2089858483,b0f066a214c2f5e87bad3c948f4d605d)
Start importing Assets/JC_LP_MegaCity/Prefabs/Buildings/SM_Buildings_Church_01.prefab using Guid(0dd8778f9994a9b439279c80ca729e12) Importer(2089858483,b0f066a214c2f5e87bad3c948f4d605d) (ScriptedImporter) -> (artifact id: 'ad2b2e8b118e2a20e72235830d82bbdb') in 0.00589683 seconds
Number of updated asset objects reloaded before import = 0Number of asset objects unloaded after import = 22

========================================================================
Received Import Request.
  Time since last request: 0.000008 seconds.
  path: Assets/JC_LP_MegaCity/Prefabs/Food/SM_Food_CannedFood_06.prefab
  artifactKey: Guid(f4ffabfa2d96dd448969b867426ec1d9) Importer(2089858483,b0f066a214c2f5e87bad3c948f4d605d)
Start importing Assets/JC_LP_MegaCity/Prefabs/Food/SM_Food_CannedFood_06.prefab using Guid(f4ffabfa2d96dd448969b867426ec1d9) Importer(2089858483,b0f066a214c2f5e87bad3c948f4d605d) (ScriptedImporter) -> (artifact id: '4e0853417d00f23fb1533245dad2c70b') in 0.005128744 seconds
Number of updated asset objects reloaded before import = 0Number of asset objects unloaded after import = 9

========================================================================
Received Import Request.
  Time since last request: 0.000007 seconds.
  path: Assets/JC_LP_MegaCity/Models/Buildings/SM_Buildings_House_07_V2.fbx
  artifactKey: Guid(ae132458cef995941b28e0b0aa42e223) Importer(2089858483,b0f066a214c2f5e87bad3c948f4d605d)
Start importing Assets/JC_LP_MegaCity/Models/Buildings/SM_Buildings_House_07_V2.fbx using Guid(ae132458cef995941b28e0b0aa42e223) Importer(2089858483,b0f066a214c2f5e87bad3c948f4d605d) (ScriptedImporter) -> (artifact id: 'f95e698fe3b6760214b0ad1150f7a05a') in 0.006869405 seconds
Number of updated asset objects reloaded before import = 0Number of asset objects unloaded after import = 7

========================================================================
Received Import Request.
  Time since last request: 0.000008 seconds.
  path: Assets/JC_LP_MegaCity/Prefabs/BuildingsDecor/SM_BuildingsDecor_34.prefab
  artifactKey: Guid(c5d5615271aa13e49a0161c0b5b39463) Importer(2089858483,b0f066a214c2f5e87bad3c948f4d605d)
Start importing Assets/JC_LP_MegaCity/Prefabs/BuildingsDecor/SM_BuildingsDecor_34.prefab using Guid(c5d5615271aa13e49a0161c0b5b39463) Importer(2089858483,b0f066a214c2f5e87bad3c948f4d605d) (ScriptedImporter) -> (artifact id: '217fbe16361bbdb1234e33bead4b91a5') in 0.003342143 seconds
Number of updated asset objects reloaded before import = 0Number of asset objects unloaded after import = 9

========================================================================
Received Import Request.
  Time since last request: 0.000007 seconds.
  path: Assets/JC_LP_MegaCity/Prefabs/Buildings/SM_Buildings_Hotel_01.prefab
  artifactKey: Guid(b612f35544cee954c807717e201c1283) Importer(2089858483,b0f066a214c2f5e87bad3c948f4d605d)
Start importing Assets/JC_LP_MegaCity/Prefabs/Buildings/SM_Buildings_Hotel_01.prefab using Guid(b612f35544cee954c807717e201c1283) Importer(2089858483,b0f066a214c2f5e87bad3c948f4d605d) (ScriptedImporter) -> (artifact id: '4cfe84396f187a247a3ffffc91ecd337') in 0.004850715 seconds
Number of updated asset objects reloaded before import = 0Number of asset objects unloaded after import = 17

========================================================================
Received Import Request.
  Time since last request: 0.000007 seconds.
  path: Assets/JC_LP_MegaCity/Prefabs/Props/SM_Props_BarProps_02.prefab
  artifactKey: Guid(ab01967044e225546b7122b670563e7a) Importer(2089858483,b0f066a214c2f5e87bad3c948f4d605d)
Start importing Assets/JC_LP_MegaCity/Prefabs/Props/SM_Props_BarProps_02.prefab using Guid(ab01967044e225546b7122b670563e7a) Importer(2089858483,b0f066a214c2f5e87bad3c948f4d605d) (ScriptedImporter) -> (artifact id: 'ee7c6ba262d4dd47b3be212ba0f04586') in 0.003375213 seconds
Number of updated asset objects reloaded before import = 0Number of asset objects unloaded after import = 9

========================================================================
Received Import Request.
  Time since last request: 0.000010 seconds.
  path: Assets/JC_LP_MegaCity/Prefabs/BuildingsDecor/SM_BuildingsDecor_11.prefab
  artifactKey: Guid(4b48f7d8bfa32b94099ae0e3c49b710f) Importer(2089858483,b0f066a214c2f5e87bad3c948f4d605d)
Start importing Assets/JC_LP_MegaCity/Prefabs/BuildingsDecor/SM_BuildingsDecor_11.prefab using Guid(4b48f7d8bfa32b94099ae0e3c49b710f) Importer(2089858483,b0f066a214c2f5e87bad3c948f4d605d) (ScriptedImporter) -> (artifact id: 'fa1341d0e0f4f3b23b99f72c120f13c4') in 0.003554622 seconds
Number of updated asset objects reloaded before import = 0Number of asset objects unloaded after import = 9

========================================================================
Received Import Request.
  Time since last request: 0.000016 seconds.
  path: Assets/JC_LP_MegaCity/Models/FloorProps/SM_FloorProps_RoadSign_10.fbx
  artifactKey: Guid(d02ca79cbfeb5734e809c8a0a42ab63d) Importer(2089858483,b0f066a214c2f5e87bad3c948f4d605d)
Start importing Assets/JC_LP_MegaCity/Models/FloorProps/SM_FloorProps_RoadSign_10.fbx using Guid(d02ca79cbfeb5734e809c8a0a42ab63d) Importer(2089858483,b0f066a214c2f5e87bad3c948f4d605d) (ScriptedImporter) -> (artifact id: '24dbae57faf13d42767f1f033ae63138') in 0.00801266 seconds
Number of updated asset objects reloaded before import = 0Number of asset objects unloaded after import = 7

========================================================================
Received Import Request.
  Time since last request: 0.000007 seconds.
  path: Assets/JC_LP_MegaCity/Prefabs/Nature/SM_Nature_BigRock_01.prefab
  artifactKey: Guid(89cf533671301414a91fdd0633f1d8b4) Importer(2089858483,b0f066a214c2f5e87bad3c948f4d605d)
Start importing Assets/JC_LP_MegaCity/Prefabs/Nature/SM_Nature_BigRock_01.prefab using Guid(89cf533671301414a91fdd0633f1d8b4) Importer(2089858483,b0f066a214c2f5e87bad3c948f4d605d) (ScriptedImporter) -> (artifact id: 'b28dd82e67362228cda8524d6ebb0790') in 0.004612107 seconds
Number of updated asset objects reloaded before import = 0Number of asset objects unloaded after import = 9

========================================================================
Received Import Request.
  Time since last request: 0.000007 seconds.
  path: Assets/JC_LP_MegaCity/Prefabs/Floor/SM_Floor_Road_29.prefab
  artifactKey: Guid(07eeffff0e6142249beb941ec6be6139) Importer(2089858483,b0f066a214c2f5e87bad3c948f4d605d)
Start importing Assets/JC_LP_MegaCity/Prefabs/Floor/SM_Floor_Road_29.prefab using Guid(07eeffff0e6142249beb941ec6be6139) Importer(2089858483,b0f066a214c2f5e87bad3c948f4d605d) (ScriptedImporter) -> (artifact id: 'bbd033b5f32ca8234e213ea1de728866') in 0.00414124 seconds
Number of updated asset objects reloaded before import = 0Number of asset objects unloaded after import = 9

========================================================================
Received Import Request.
  Time since last request: 0.000008 seconds.
  path: Assets/JC_LP_MegaCity/Prefabs/FloorProps/SM_FloorProps_RoadSign_25.prefab
  artifactKey: Guid(f5be0c291eb6feb4ba3525499bb48738) Importer(2089858483,b0f066a214c2f5e87bad3c948f4d605d)
Start importing Assets/JC_LP_MegaCity/Prefabs/FloorProps/SM_FloorProps_RoadSign_25.prefab using Guid(f5be0c291eb6feb4ba3525499bb48738) Importer(2089858483,b0f066a214c2f5e87bad3c948f4d605d) (ScriptedImporter) -> (artifact id: 'c74573d05bd3ccd42242e9248a0265a0') in 0.003415783 seconds
Number of updated asset objects reloaded before import = 0Number of asset objects unloaded after import = 9

========================================================================
Received Import Request.
  Time since last request: 0.000007 seconds.
  path: Assets/JC_LP_MegaCity/Prefabs/Food/SM_Food_CannedFood_07.prefab
  artifactKey: Guid(d3a120c89e2161e4d82dd88c8d2a7396) Importer(2089858483,b0f066a214c2f5e87bad3c948f4d605d)
Start importing Assets/JC_LP_MegaCity/Prefabs/Food/SM_Food_CannedFood_07.prefab using Guid(d3a120c89e2161e4d82dd88c8d2a7396) Importer(2089858483,b0f066a214c2f5e87bad3c948f4d605d) (ScriptedImporter) -> (artifact id: '1ecf9d98f5b2064529d7362f42327e9f') in 0.004349579 seconds
Number of updated asset objects reloaded before import = 0Number of asset objects unloaded after import = 9

========================================================================
Received Import Request.
  Time since last request: 0.000008 seconds.
  path: Assets/JC_LP_MegaCity/Models/Buildings/SM_Buildings_Hospital_01_ElevatorDoor_R.fbx
  artifactKey: Guid(be5af1e329224f841bee9eb5adaf2d13) Importer(2089858483,b0f066a214c2f5e87bad3c948f4d605d)
Start importing Assets/JC_LP_MegaCity/Models/Buildings/SM_Buildings_Hospital_01_ElevatorDoor_R.fbx using Guid(be5af1e329224f841bee9eb5adaf2d13) Importer(2089858483,b0f066a214c2f5e87bad3c948f4d605d) (ScriptedImporter) -> (artifact id: '64818bd3a9848a6b813ce0143aac3bf1') in 0.00598033 seconds
Number of updated asset objects reloaded before import = 0Number of asset objects unloaded after import = 7

========================================================================
Received Import Request.
  Time since last request: 0.000010 seconds.
  path: Assets/JC_LP_MegaCity/Models/FloorProps/SM_FloorProps_05.fbx
  artifactKey: Guid(470fd491e023eb0408e81a2fb7085c1f) Importer(2089858483,b0f066a214c2f5e87bad3c948f4d605d)
Start importing Assets/JC_LP_MegaCity/Models/FloorProps/SM_FloorProps_05.fbx using Guid(470fd491e023eb0408e81a2fb7085c1f) Importer(2089858483,b0f066a214c2f5e87bad3c948f4d605d) (ScriptedImporter) -> (artifact id: 'bf3c577f7dbeff267d8445b568a4ed09') in 0.004918276 seconds
Number of updated asset objects reloaded before import = 0Number of asset objects unloaded after import = 7

========================================================================
Received Import Request.
  Time since last request: 0.000007 seconds.
  path: Assets/JC_LP_MegaCity/Prefabs/Props/SM_Props_Rack_04_V1.prefab
  artifactKey: Guid(a07401a6e73d20145b483cca8cc4c8db) Importer(2089858483,b0f066a214c2f5e87bad3c948f4d605d)
Start importing Assets/JC_LP_MegaCity/Prefabs/Props/SM_Props_Rack_04_V1.prefab using Guid(a07401a6e73d20145b483cca8cc4c8db) Importer(2089858483,b0f066a214c2f5e87bad3c948f4d605d) (ScriptedImporter) -> (artifact id: '9232770b9a056d0bbfac78780db1e945') in 0.009412453 seconds
Number of updated asset objects reloaded before import = 0Number of asset objects unloaded after import = 642

========================================================================
Received Import Request.
  Time since last request: 0.000009 seconds.
  path: Assets/JC_LP_MegaCity/Models/FloorProps/SM_FloorProps_04.fbx
  artifactKey: Guid(d959dfec5518d534bb6c44da1ea55b30) Importer(2089858483,b0f066a214c2f5e87bad3c948f4d605d)
Start importing Assets/JC_LP_MegaCity/Models/FloorProps/SM_FloorProps_04.fbx using Guid(d959dfec5518d534bb6c44da1ea55b30) Importer(2089858483,b0f066a214c2f5e87bad3c948f4d605d) (ScriptedImporter) -> (artifact id: '69f33e245ae75a3e1618c539c9c314b6') in 0.004190199 seconds
Number of updated asset objects reloaded before import = 0Number of asset objects unloaded after import = 7

========================================================================
Received Import Request.
  Time since last request: 0.000009 seconds.
  path: Assets/JC_LP_MegaCity/Models/FloorProps/SM_FloorProps_TrafficLight_01.fbx
  artifactKey: Guid(815bd92ed114a17499c5ad8f9ad90de1) Importer(2089858483,b0f066a214c2f5e87bad3c948f4d605d)
Start importing Assets/JC_LP_MegaCity/Models/FloorProps/SM_FloorProps_TrafficLight_01.fbx using Guid(815bd92ed114a17499c5ad8f9ad90de1) Importer(2089858483,b0f066a214c2f5e87bad3c948f4d605d) (ScriptedImporter) -> (artifact id: '0df5ebd4bf31febac2882e70f2dbfb5a') in 0.006373298 seconds
Number of updated asset objects reloaded before import = 0Number of asset objects unloaded after import = 7

========================================================================
Received Import Request.
  Time since last request: 0.000015 seconds.
  path: Assets/JC_LP_MegaCity/Prefabs/Floor/SM_Floor_Road_07.prefab
  artifactKey: Guid(fffedb97c414dd94abbaaf90624892d4) Importer(2089858483,b0f066a214c2f5e87bad3c948f4d605d)
Start importing Assets/JC_LP_MegaCity/Prefabs/Floor/SM_Floor_Road_07.prefab using Guid(fffedb97c414dd94abbaaf90624892d4) Importer(2089858483,b0f066a214c2f5e87bad3c948f4d605d) (ScriptedImporter) -> (artifact id: 'f3f47f2d218a9cef43bf567e2077f3cc') in 0.00395898 seconds
Number of updated asset objects reloaded before import = 0Number of asset objects unloaded after import = 9

========================================================================
Received Import Request.
  Time since last request: 0.000015 seconds.
  path: Assets/JC_LP_MegaCity/Models/Vehicles/SM_Vehicles_12_V1.fbx
  artifactKey: Guid(bc2ae7d2a884c1443b995e702eef8864) Importer(2089858483,b0f066a214c2f5e87bad3c948f4d605d)
Start importing Assets/JC_LP_MegaCity/Models/Vehicles/SM_Vehicles_12_V1.fbx using Guid(bc2ae7d2a884c1443b995e702eef8864) Importer(2089858483,b0f066a214c2f5e87bad3c948f4d605d) (ScriptedImporter) -> (artifact id: '6fe558b4efe9688a79417c9becf3f724') in 0.005827971 seconds
Number of updated asset objects reloaded before import = 0Number of asset objects unloaded after import = 34

========================================================================
Received Import Request.
  Time since last request: 0.000008 seconds.
  path: Assets/JC_LP_MegaCity/Prefabs/Food/SM_Food_Pumpkin_01.prefab
  artifactKey: Guid(1ee5f59dd44a0a74e9724030b8001773) Importer(2089858483,b0f066a214c2f5e87bad3c948f4d605d)
Start importing Assets/JC_LP_MegaCity/Prefabs/Food/SM_Food_Pumpkin_01.prefab using Guid(1ee5f59dd44a0a74e9724030b8001773) Importer(2089858483,b0f066a214c2f5e87bad3c948f4d605d) (ScriptedImporter) -> (artifact id: 'dba4d0f7cef52d527e037a4d2d569fc1') in 0.003920411 seconds
Number of updated asset objects reloaded before import = 0Number of asset objects unloaded after import = 9

========================================================================
Received Import Request.
  Time since last request: 0.000011 seconds.
  path: Assets/JC_LP_MegaCity/Prefabs/Buildings/SM_Buildings_House_03_V4.prefab
  artifactKey: Guid(17f806229af457c4d89b55d55f9f1468) Importer(2089858483,b0f066a214c2f5e87bad3c948f4d605d)
Start importing Assets/JC_LP_MegaCity/Prefabs/Buildings/SM_Buildings_House_03_V4.prefab using Guid(17f806229af457c4d89b55d55f9f1468) Importer(2089858483,b0f066a214c2f5e87bad3c948f4d605d) (ScriptedImporter) -> (artifact id: 'c013ee92f2ff4dc0b9c75cf1acc01a69') in 0.006823326 seconds
Number of updated asset objects reloaded before import = 0Number of asset objects unloaded after import = 34

========================================================================
Received Import Request.
  Time since last request: 0.000010 seconds.
  path: Assets/JC_LP_MegaCity/Models/Buildings/SM_Buildings_Factory_02_Door_R.fbx
  artifactKey: Guid(d6f1e4b53f22e384db15d76d5a7a3833) Importer(2089858483,b0f066a214c2f5e87bad3c948f4d605d)
Start importing Assets/JC_LP_MegaCity/Models/Buildings/SM_Buildings_Factory_02_Door_R.fbx using Guid(d6f1e4b53f22e384db15d76d5a7a3833) Importer(2089858483,b0f066a214c2f5e87bad3c948f4d605d) (ScriptedImporter) -> (artifact id: '7ae072a0a8852b010f344317685b03b5') in 0.006561877 seconds
Number of updated asset objects reloaded before import = 0Number of asset objects unloaded after import = 7

========================================================================
Received Import Request.
  Time since last request: 0.000010 seconds.
  path: Assets/JC_LP_MegaCity/Prefabs/Props/SM_Props_Supermarket_03.prefab
  artifactKey: Guid(c93174c6a27f87940a60a1f906ce4f50) Importer(2089858483,b0f066a214c2f5e87bad3c948f4d605d)
Start importing Assets/JC_LP_MegaCity/Prefabs/Props/SM_Props_Supermarket_03.prefab using Guid(c93174c6a27f87940a60a1f906ce4f50) Importer(2089858483,b0f066a214c2f5e87bad3c948f4d605d) (ScriptedImporter) -> (artifact id: '791eef82634e815d273ea4eb0e13534d') in 0.00403604 seconds
Number of updated asset objects reloaded before import = 0Number of asset objects unloaded after import = 9

========================================================================
Received Import Request.
  Time since last request: 0.000008 seconds.
  path: Assets/JC_LP_MegaCity/Models/FloorProps/SM_FloorProps_RoadSign_33.fbx
  artifactKey: Guid(c512ce557d888d749a9be5affec91559) Importer(2089858483,b0f066a214c2f5e87bad3c948f4d605d)
Start importing Assets/JC_LP_MegaCity/Models/FloorProps/SM_FloorProps_RoadSign_33.fbx using Guid(c512ce557d888d749a9be5affec91559) Importer(2089858483,b0f066a214c2f5e87bad3c948f4d605d) (ScriptedImporter) -> (artifact id: 'e81c6af6a00bd82c53411edc7681c233') in 0.004574527 seconds
Number of updated asset objects reloaded before import = 0Number of asset objects unloaded after import = 7

========================================================================
Received Import Request.
  Time since last request: 0.000009 seconds.
  path: Assets/JC_LP_MegaCity/Models/Floor/SM_Floor_RoadPart_03.fbx
  artifactKey: Guid(733378f30419a1d40b3fbbd5bb23640c) Importer(2089858483,b0f066a214c2f5e87bad3c948f4d605d)
Start importing Assets/JC_LP_MegaCity/Models/Floor/SM_Floor_RoadPart_03.fbx using Guid(733378f30419a1d40b3fbbd5bb23640c) Importer(2089858483,b0f066a214c2f5e87bad3c948f4d605d) (ScriptedImporter) -> (artifact id: 'a350e7d42c9f57e7b1fb37a8b7e45a92') in 0.004340079 seconds
Number of updated asset objects reloaded before import = 0Number of asset objects unloaded after import = 7

========================================================================
Received Import Request.
  Time since last request: 0.000008 seconds.
  path: Assets/JC_LP_MegaCity/Models/Vehicles/SM_Vehicles_Truck_02_V1.fbx
  artifactKey: Guid(20adf1c9698320d42b3a6cbef7a8d23a) Importer(2089858483,b0f066a214c2f5e87bad3c948f4d605d)
Start importing Assets/JC_LP_MegaCity/Models/Vehicles/SM_Vehicles_Truck_02_V1.fbx using Guid(20adf1c9698320d42b3a6cbef7a8d23a) Importer(2089858483,b0f066a214c2f5e87bad3c948f4d605d) (ScriptedImporter) -> (artifact id: 'b7d56e6eaabee976b7cdfd01e6961636') in 0.009377343 seconds
Number of updated asset objects reloaded before import = 0Number of asset objects unloaded after import = 44

========================================================================
Received Import Request.
  Time since last request: 0.000008 seconds.
  path: Assets/JC_LP_MegaCity/Prefabs/IndustrialProps/SM_IndustrialProps_WC_01.prefab
  artifactKey: Guid(cf51ee248865b7e4bb284d8841bf8bf7) Importer(2089858483,b0f066a214c2f5e87bad3c948f4d605d)
Start importing Assets/JC_LP_MegaCity/Prefabs/IndustrialProps/SM_IndustrialProps_WC_01.prefab using Guid(cf51ee248865b7e4bb284d8841bf8bf7) Importer(2089858483,b0f066a214c2f5e87bad3c948f4d605d) (ScriptedImporter) -> (artifact id: 'fc44931a0d28998cad2985867817db29') in 0.00392738 seconds
Number of updated asset objects reloaded before import = 0Number of asset objects unloaded after import = 15

========================================================================
Received Import Request.
  Time since last request: 0.000012 seconds.
  path: Assets/JC_LP_MegaCity/Materials/M_MegaCity_Clouds_01.mat
  artifactKey: Guid(7c5c6e6de3f14174299cf5b9cd404d02) Importer(2089858483,b0f066a214c2f5e87bad3c948f4d605d)
Start importing Assets/JC_LP_MegaCity/Materials/M_MegaCity_Clouds_01.mat using Guid(7c5c6e6de3f14174299cf5b9cd404d02) Importer(2089858483,b0f066a214c2f5e87bad3c948f4d605d) (ScriptedImporter) -> (artifact id: '15d689e66bd4e585823bc3eca1e37f5a') in 0.007426713 seconds
Number of updated asset objects reloaded before import = 0Number of asset objects unloaded after import = 2

========================================================================
Received Import Request.
  Time since last request: 0.000016 seconds.
  path: Assets/JC_LP_MegaCity/Prefabs/Props/SM_Props_Ads_03.prefab
  artifactKey: Guid(d079e0d7341ab3c4a9821331af979627) Importer(2089858483,b0f066a214c2f5e87bad3c948f4d605d)
Start importing Assets/JC_LP_MegaCity/Prefabs/Props/SM_Props_Ads_03.prefab using Guid(d079e0d7341ab3c4a9821331af979627) Importer(2089858483,b0f066a214c2f5e87bad3c948f4d605d) (ScriptedImporter) -> (artifact id: '457bde03e590abe3819829ecffc28f03') in 0.004084539 seconds
Number of updated asset objects reloaded before import = 0Number of asset objects unloaded after import = 9

========================================================================
Received Import Request.
  Time since last request: 0.000009 seconds.
  path: Assets/JC_LP_MegaCity/Models/Food/SM_Food_CannedFood_02.fbx
  artifactKey: Guid(3b6a1d0bdecb60649ad5b03248203328) Importer(2089858483,b0f066a214c2f5e87bad3c948f4d605d)
Start importing Assets/JC_LP_MegaCity/Models/Food/SM_Food_CannedFood_02.fbx using Guid(3b6a1d0bdecb60649ad5b03248203328) Importer(2089858483,b0f066a214c2f5e87bad3c948f4d605d) (ScriptedImporter) -> (artifact id: 'c1232ff4594e6ffe92532a9e9bc682e1') in 0.004843756 seconds
Number of updated asset objects reloaded before import = 0Number of asset objects unloaded after import = 7

========================================================================
Received Import Request.
  Time since last request: 0.000010 seconds.
  path: Assets/JC_LP_MegaCity/Models/BuildingsDecor/SM_BuildingsDecor_60.fbx
  artifactKey: Guid(f181e9b33fd1b0e47bc2d76e53adc996) Importer(2089858483,b0f066a214c2f5e87bad3c948f4d605d)
Start importing Assets/JC_LP_MegaCity/Models/BuildingsDecor/SM_BuildingsDecor_60.fbx using Guid(f181e9b33fd1b0e47bc2d76e53adc996) Importer(2089858483,b0f066a214c2f5e87bad3c948f4d605d) (ScriptedImporter) -> (artifact id: '7f510c0fa565274e3ac4200ae087ca3a') in 0.005587212 seconds
Number of updated asset objects reloaded before import = 0Number of asset objects unloaded after import = 7

========================================================================
Received Import Request.
  Time since last request: 0.000010 seconds.
  path: Assets/JC_LP_MegaCity/Models/Floor/SM_Floor_Tile_17.fbx
  artifactKey: Guid(d5598611bc9f7e14c8f1e7092daabd4d) Importer(2089858483,b0f066a214c2f5e87bad3c948f4d605d)
Start importing Assets/JC_LP_MegaCity/Models/Floor/SM_Floor_Tile_17.fbx using Guid(d5598611bc9f7e14c8f1e7092daabd4d) Importer(2089858483,b0f066a214c2f5e87bad3c948f4d605d) (ScriptedImporter) -> (artifact id: '970e884a59f9f6d4baf5adff864367a2') in 0.004556807 seconds
Number of updated asset objects reloaded before import = 0Number of asset objects unloaded after import = 7

========================================================================
Received Import Request.
  Time since last request: 0.000008 seconds.
  path: Assets/JC_LP_MegaCity/Prefabs/Food/SM_Food_Plate_03.prefab
  artifactKey: Guid(0ae669c10a38745429396c47278d60e4) Importer(2089858483,b0f066a214c2f5e87bad3c948f4d605d)
Start importing Assets/JC_LP_MegaCity/Prefabs/Food/SM_Food_Plate_03.prefab using Guid(0ae669c10a38745429396c47278d60e4) Importer(2089858483,b0f066a214c2f5e87bad3c948f4d605d) (ScriptedImporter) -> (artifact id: 'b6cc79ee398a97fd4c5308971942f728') in 0.003465773 seconds
Number of updated asset objects reloaded before import = 0Number of asset objects unloaded after import = 9

========================================================================
Received Import Request.
  Time since last request: 0.000007 seconds.
  path: Assets/JC_LP_MegaCity/Models/Food/SM_Food_CannedFood_03.fbx
  artifactKey: Guid(c9000a3762595ab48b88c82e33476bc6) Importer(2089858483,b0f066a214c2f5e87bad3c948f4d605d)
Start importing Assets/JC_LP_MegaCity/Models/Food/SM_Food_CannedFood_03.fbx using Guid(c9000a3762595ab48b88c82e33476bc6) Importer(2089858483,b0f066a214c2f5e87bad3c948f4d605d) (ScriptedImporter) -> (artifact id: 'd3399395f84df4585c42240f71f28f9e') in 0.004381548 seconds
Number of updated asset objects reloaded before import = 0Number of asset objects unloaded after import = 7

========================================================================
Received Import Request.
  Time since last request: 0.000007 seconds.
  path: Assets/JC_LP_MegaCity/Models/FloorProps/SM_FloorProps_Fence_05.fbx
  artifactKey: Guid(50386027b63ac024ea0aa86a84c05f08) Importer(2089858483,b0f066a214c2f5e87bad3c948f4d605d)
Start importing Assets/JC_LP_MegaCity/Models/FloorProps/SM_FloorProps_Fence_05.fbx using Guid(50386027b63ac024ea0aa86a84c05f08) Importer(2089858483,b0f066a214c2f5e87bad3c948f4d605d) (ScriptedImporter) -> (artifact id: '5639d152593b290db24e87aa33dda5f3') in 0.004228059 seconds
Number of updated asset objects reloaded before import = 0Number of asset objects unloaded after import = 7

========================================================================
Received Import Request.
  Time since last request: 0.000008 seconds.
  path: Assets/JC_LP_MegaCity/Prefabs/Vehicles/SM_Vehicles_Plane_03.prefab
  artifactKey: Guid(6d4b2792ff7b74b4192b42d7de145309) Importer(2089858483,b0f066a214c2f5e87bad3c948f4d605d)
Start importing Assets/JC_LP_MegaCity/Prefabs/Vehicles/SM_Vehicles_Plane_03.prefab using Guid(6d4b2792ff7b74b4192b42d7de145309) Importer(2089858483,b0f066a214c2f5e87bad3c948f4d605d) (ScriptedImporter) -> (artifact id: '231e88a295ab05d52fa7caf7e3aecf13') in 0.004614237 seconds
Number of updated asset objects reloaded before import = 0Number of asset objects unloaded after import = 9

========================================================================
Received Import Request.
  Time since last request: 0.000008 seconds.
  path: Assets/JC_LP_MegaCity/Materials/M_MegaCity_Light_Building_07.mat
  artifactKey: Guid(b00fd923dae9d584fb139e38277bcf2f) Importer(2089858483,b0f066a214c2f5e87bad3c948f4d605d)
Start importing Assets/JC_LP_MegaCity/Materials/M_MegaCity_Light_Building_07.mat using Guid(b00fd923dae9d584fb139e38277bcf2f) Importer(2089858483,b0f066a214c2f5e87bad3c948f4d605d) (ScriptedImporter) -> (artifact id: '07dfeb63a43c0e8544d76f87be4fb7d8') in 0.002347828 seconds
Number of updated asset objects reloaded before import = 0Number of asset objects unloaded after import = 1

========================================================================
Received Import Request.
  Time since last request: 0.000009 seconds.
  path: Assets/JC_LP_MegaCity/Models/Buildings/SM_Buildings_Church_01_Door_L.fbx
  artifactKey: Guid(32dcc93c454dc9946baf5d1cbc12d5be) Importer(2089858483,b0f066a214c2f5e87bad3c948f4d605d)
Start importing Assets/JC_LP_MegaCity/Models/Buildings/SM_Buildings_Church_01_Door_L.fbx using Guid(32dcc93c454dc9946baf5d1cbc12d5be) Importer(2089858483,b0f066a214c2f5e87bad3c948f4d605d) (ScriptedImporter) -> (artifact id: '05dd98c8a63259c1f8f7a2c57c8fdb04') in 0.004888006 seconds
Number of updated asset objects reloaded before import = 0Number of asset objects unloaded after import = 7

========================================================================
Received Import Request.
  Time since last request: 0.000010 seconds.
  path: Assets/JC_LP_MegaCity/Prefabs/Vehicles/SM_Vehicles_Plane_02.prefab
  artifactKey: Guid(daef2dea98937f14a87a485b6b849e00) Importer(2089858483,b0f066a214c2f5e87bad3c948f4d605d)
Start importing Assets/JC_LP_MegaCity/Prefabs/Vehicles/SM_Vehicles_Plane_02.prefab using Guid(daef2dea98937f14a87a485b6b849e00) Importer(2089858483,b0f066a214c2f5e87bad3c948f4d605d) (ScriptedImporter) -> (artifact id: 'e1a0469d107762bb6e6a912a2cfca95f') in 0.00400317 seconds
Number of updated asset objects reloaded before import = 0Number of asset objects unloaded after import = 9

========================================================================
Received Import Request.
  Time since last request: 0.000014 seconds.
  path: Assets/JC_LP_MegaCity/Models/IndustrialProps/SM_IndustrialProps_Fence_04.fbx
  artifactKey: Guid(6e7a4b92ee5995b45a87972639a667e1) Importer(2089858483,b0f066a214c2f5e87bad3c948f4d605d)
Start importing Assets/JC_LP_MegaCity/Models/IndustrialProps/SM_IndustrialProps_Fence_04.fbx using Guid(6e7a4b92ee5995b45a87972639a667e1) Importer(2089858483,b0f066a214c2f5e87bad3c948f4d605d) (ScriptedImporter) -> (artifact id: '779c92cd8b3512b7aa6d86eacac5c8fd') in 0.004623047 seconds
Number of updated asset objects reloaded before import = 0Number of asset objects unloaded after import = 7

========================================================================
Received Import Request.
  Time since last request: 0.000008 seconds.
  path: Assets/JC_LP_MegaCity/Prefabs/Floor/SM_Floor_Parking_03.prefab
  artifactKey: Guid(0a27e93b9ee7d0a479b08df8ab212b56) Importer(2089858483,b0f066a214c2f5e87bad3c948f4d605d)
Start importing Assets/JC_LP_MegaCity/Prefabs/Floor/SM_Floor_Parking_03.prefab using Guid(0a27e93b9ee7d0a479b08df8ab212b56) Importer(2089858483,b0f066a214c2f5e87bad3c948f4d605d) (ScriptedImporter) -> (artifact id: 'b915d541708af0172b30e9d88479bf68') in 0.004672026 seconds
Number of updated asset objects reloaded before import = 0Number of asset objects unloaded after import = 9

========================================================================
Received Import Request.
  Time since last request: 0.000008 seconds.
  path: Assets/JC_LP_MegaCity/Models/Buildings/SM_Buildings_Factory_06_2.fbx
  artifactKey: Guid(99e64762c0689074cba2d8f56a1b4f77) Importer(2089858483,b0f066a214c2f5e87bad3c948f4d605d)
Start importing Assets/JC_LP_MegaCity/Models/Buildings/SM_Buildings_Factory_06_2.fbx using Guid(99e64762c0689074cba2d8f56a1b4f77) Importer(2089858483,b0f066a214c2f5e87bad3c948f4d605d) (ScriptedImporter) -> (artifact id: '46d0b197c185941515a76daef9a75cea') in 0.004333639 seconds
Number of updated asset objects reloaded before import = 0Number of asset objects unloaded after import = 7

========================================================================
Received Import Request.
  Time since last request: 0.000008 seconds.
  path: Assets/JC_LP_MegaCity/Models/FloorProps/SM_FloorProps_RoadSign_13.fbx
  artifactKey: Guid(aead750f0dbc5f242a961a4f092f9fd6) Importer(2089858483,b0f066a214c2f5e87bad3c948f4d605d)
Start importing Assets/JC_LP_MegaCity/Models/FloorProps/SM_FloorProps_RoadSign_13.fbx using Guid(aead750f0dbc5f242a961a4f092f9fd6) Importer(2089858483,b0f066a214c2f5e87bad3c948f4d605d) (ScriptedImporter) -> (artifact id: 'ec0fc0d90566813b6f26b3f67b18857f') in 0.004665386 seconds
Number of updated asset objects reloaded before import = 0Number of asset objects unloaded after import = 7

========================================================================
Received Import Request.
  Time since last request: 0.000007 seconds.
  path: Assets/JC_LP_MegaCity/Models/Food/SM_Food_Bottle_04.fbx
  artifactKey: Guid(2d40045d6a3bb19449f509ee453cd009) Importer(2089858483,b0f066a214c2f5e87bad3c948f4d605d)
Start importing Assets/JC_LP_MegaCity/Models/Food/SM_Food_Bottle_04.fbx using Guid(2d40045d6a3bb19449f509ee453cd009) Importer(2089858483,b0f066a214c2f5e87bad3c948f4d605d) (ScriptedImporter) -> (artifact id: '31386398ca816dffff8de35b65e99f44') in 0.005143725 seconds
Number of updated asset objects reloaded before import = 0Number of asset objects unloaded after import = 7

========================================================================
Received Import Request.
  Time since last request: 0.000009 seconds.
  path: Assets/JC_LP_MegaCity/Prefabs/Props/SM_Props_Cafe_18.prefab
  artifactKey: Guid(fe8d376af86ef454ba2f4c8a0c36975c) Importer(2089858483,b0f066a214c2f5e87bad3c948f4d605d)
Start importing Assets/JC_LP_MegaCity/Prefabs/Props/SM_Props_Cafe_18.prefab using Guid(fe8d376af86ef454ba2f4c8a0c36975c) Importer(2089858483,b0f066a214c2f5e87bad3c948f4d605d) (ScriptedImporter) -> (artifact id: '56b63ba7448aa7c036c50fc114129da0') in 0.004352318 seconds
Number of updated asset objects reloaded before import = 0Number of asset objects unloaded after import = 9

========================================================================
Received Import Request.
  Time since last request: 0.000009 seconds.
  path: Assets/JC_LP_MegaCity/Models/Floor/SM_Floor_Metro_04.fbx
  artifactKey: Guid(ae96edc8c42bf5244bd0dbd8c62a4d68) Importer(2089858483,b0f066a214c2f5e87bad3c948f4d605d)
Start importing Assets/JC_LP_MegaCity/Models/Floor/SM_Floor_Metro_04.fbx using Guid(ae96edc8c42bf5244bd0dbd8c62a4d68) Importer(2089858483,b0f066a214c2f5e87bad3c948f4d605d) (ScriptedImporter) -> (artifact id: '292f764abb41083922ab6ee47c1bc0c1') in 0.006426097 seconds
Number of updated asset objects reloaded before import = 0Number of asset objects unloaded after import = 7

========================================================================
Received Import Request.
  Time since last request: 0.000009 seconds.
  path: Assets/JC_LP_MegaCity/Models/Food/SM_Food_Bottle_07.fbx
  artifactKey: Guid(15566cfa5b9657c49a095c025bcf033f) Importer(2089858483,b0f066a214c2f5e87bad3c948f4d605d)
Start importing Assets/JC_LP_MegaCity/Models/Food/SM_Food_Bottle_07.fbx using Guid(15566cfa5b9657c49a095c025bcf033f) Importer(2089858483,b0f066a214c2f5e87bad3c948f4d605d) (ScriptedImporter) -> (artifact id: '547c9ea1e4170b561d082d3f3324036c') in 0.004568087 seconds
Number of updated asset objects reloaded before import = 0Number of asset objects unloaded after import = 7

========================================================================
Received Import Request.
  Time since last request: 0.000007 seconds.
  path: Assets/JC_LP_MegaCity/Prefabs/Nature/SM_Nature_Grass_02.prefab
  artifactKey: Guid(2b06a2eb32b47964e8852ceec7c3c243) Importer(2089858483,b0f066a214c2f5e87bad3c948f4d605d)
Start importing Assets/JC_LP_MegaCity/Prefabs/Nature/SM_Nature_Grass_02.prefab using Guid(2b06a2eb32b47964e8852ceec7c3c243) Importer(2089858483,b0f066a214c2f5e87bad3c948f4d605d) (ScriptedImporter) -> (artifact id: 'c4c4149adef0f6590fc41232a67c90b6') in 0.003020525 seconds
Number of updated asset objects reloaded before import = 0Number of asset objects unloaded after import = 15

========================================================================
Received Import Request.
  Time since last request: 0.000009 seconds.
  path: Assets/JC_LP_MegaCity/Models/Buildings/SM_Buildings_Commercial_16_Door_L.fbx
  artifactKey: Guid(549f54168d0fc5049b3043acc28b2ee3) Importer(2089858483,b0f066a214c2f5e87bad3c948f4d605d)
Start importing Assets/JC_LP_MegaCity/Models/Buildings/SM_Buildings_Commercial_16_Door_L.fbx using Guid(549f54168d0fc5049b3043acc28b2ee3) Importer(2089858483,b0f066a214c2f5e87bad3c948f4d605d) (ScriptedImporter) -> (artifact id: '9dd692bd02a0c701d096bce24a8eb8ff') in 0.004701136 seconds
Number of updated asset objects reloaded before import = 0Number of asset objects unloaded after import = 7

========================================================================
Received Import Request.
  Time since last request: 0.000013 seconds.
  path: Assets/JC_LP_MegaCity/Models/Floor/SM_Floor_Metro_01L.fbx
  artifactKey: Guid(97c472fbb7e250e448b498c68bc9d1ee) Importer(2089858483,b0f066a214c2f5e87bad3c948f4d605d)
Start importing Assets/JC_LP_MegaCity/Models/Floor/SM_Floor_Metro_01L.fbx using Guid(97c472fbb7e250e448b498c68bc9d1ee) Importer(2089858483,b0f066a214c2f5e87bad3c948f4d605d) (ScriptedImporter) -> (artifact id: '5f112d5c5eccc5a075996e4fdf6746ad') in 0.005853001 seconds
Number of updated asset objects reloaded before import = 0Number of asset objects unloaded after import = 7

========================================================================
Received Import Request.
  Time since last request: 0.000016 seconds.
  path: Assets/JC_LP_MegaCity/Models/Buildings/SM_Buildings_Commercial_14_Door_R.fbx
  artifactKey: Guid(9444d637dfbf86e438a33c0acad2f4ca) Importer(2089858483,b0f066a214c2f5e87bad3c948f4d605d)
Start importing Assets/JC_LP_MegaCity/Models/Buildings/SM_Buildings_Commercial_14_Door_R.fbx using Guid(9444d637dfbf86e438a33c0acad2f4ca) Importer(2089858483,b0f066a214c2f5e87bad3c948f4d605d) (ScriptedImporter) -> (artifact id: '68402a37479184e5c509ab347c765889') in 0.006830216 seconds
Number of updated asset objects reloaded before import = 0Number of asset objects unloaded after import = 7

========================================================================
Received Import Request.
  Time since last request: 0.000011 seconds.
  path: Assets/JC_LP_MegaCity/Models/IndustrialProps/SM_IndustrialProps_Wheel_02.fbx
  artifactKey: Guid(d47fa41e81b90dd468dab296b5e871f0) Importer(2089858483,b0f066a214c2f5e87bad3c948f4d605d)
Start importing Assets/JC_LP_MegaCity/Models/IndustrialProps/SM_IndustrialProps_Wheel_02.fbx using Guid(d47fa41e81b90dd468dab296b5e871f0) Importer(2089858483,b0f066a214c2f5e87bad3c948f4d605d) (ScriptedImporter) -> (artifact id: 'a099cd86b1fd17fa087d895c62da229b') in 0.005147524 seconds
Number of updated asset objects reloaded before import = 0Number of asset objects unloaded after import = 7

========================================================================
Received Import Request.
  Time since last request: 0.000008 seconds.
  path: Assets/JC_LP_MegaCity/Models/Food/SM_Food_Apple_01.fbx
  artifactKey: Guid(847760c4c59c6c647b343fb59f48cea1) Importer(2089858483,b0f066a214c2f5e87bad3c948f4d605d)
Start importing Assets/JC_LP_MegaCity/Models/Food/SM_Food_Apple_01.fbx using Guid(847760c4c59c6c647b343fb59f48cea1) Importer(2089858483,b0f066a214c2f5e87bad3c948f4d605d) (ScriptedImporter) -> (artifact id: '4012b00c60972a3d76bda89f33d75526') in 0.004217939 seconds
Number of updated asset objects reloaded before import = 0Number of asset objects unloaded after import = 7

========================================================================
Received Import Request.
  Time since last request: 0.000009 seconds.
  path: Assets/JC_LP_MegaCity/Models/Buildings/SM_Buildings_Office_01.fbx
  artifactKey: Guid(e3f590dcbaf71dd4e9d3bec002b70abd) Importer(2089858483,b0f066a214c2f5e87bad3c948f4d605d)
Start importing Assets/JC_LP_MegaCity/Models/Buildings/SM_Buildings_Office_01.fbx using Guid(e3f590dcbaf71dd4e9d3bec002b70abd) Importer(2089858483,b0f066a214c2f5e87bad3c948f4d605d) (ScriptedImporter) -> (artifact id: '59ce1d746172c80821ab0e7d8490a086') in 0.004852895 seconds
Number of updated asset objects reloaded before import = 0Number of asset objects unloaded after import = 7

========================================================================
Received Import Request.
  Time since last request: 0.000008 seconds.
  path: Assets/JC_LP_MegaCity/Prefabs/Props/SM_Props_Playground_03.prefab
  artifactKey: Guid(fce0c2a8e43f53d4792c4e981cab3393) Importer(2089858483,b0f066a214c2f5e87bad3c948f4d605d)
Start importing Assets/JC_LP_MegaCity/Prefabs/Props/SM_Props_Playground_03.prefab using Guid(fce0c2a8e43f53d4792c4e981cab3393) Importer(2089858483,b0f066a214c2f5e87bad3c948f4d605d) (ScriptedImporter) -> (artifact id: '47128e5d514dfb9d495fdf1a3e3aa814') in 0.005205804 seconds
Number of updated asset objects reloaded before import = 0Number of asset objects unloaded after import = 9

========================================================================
Received Import Request.
  Time since last request: 0.000008 seconds.
  path: Assets/JC_LP_MegaCity/Prefabs/FloorProps/SM_FloorProps_10.prefab
  artifactKey: Guid(11af01a3724d00f418aaaf4a40cec58a) Importer(2089858483,b0f066a214c2f5e87bad3c948f4d605d)
Start importing Assets/JC_LP_MegaCity/Prefabs/FloorProps/SM_FloorProps_10.prefab using Guid(11af01a3724d00f418aaaf4a40cec58a) Importer(2089858483,b0f066a214c2f5e87bad3c948f4d605d) (ScriptedImporter) -> (artifact id: 'a19c632b4acc9c256d56070db0a8b697') in 0.004721607 seconds
Number of updated asset objects reloaded before import = 0Number of asset objects unloaded after import = 11

========================================================================
Received Import Request.
  Time since last request: 0.000008 seconds.
  path: Assets/JC_LP_MegaCity/Models/Buildings/SM_Buildings_Bank_Door_L.fbx
  artifactKey: Guid(ed3a8baad52b2a64a902915d67f12e8e) Importer(2089858483,b0f066a214c2f5e87bad3c948f4d605d)
Start importing Assets/JC_LP_MegaCity/Models/Buildings/SM_Buildings_Bank_Door_L.fbx using Guid(ed3a8baad52b2a64a902915d67f12e8e) Importer(2089858483,b0f066a214c2f5e87bad3c948f4d605d) (ScriptedImporter) -> (artifact id: '7821344e2bdc658404d8525434141055') in 0.004529757 seconds
Number of updated asset objects reloaded before import = 0Number of asset objects unloaded after import = 7

========================================================================
Received Import Request.
  Time since last request: 0.000008 seconds.
  path: Assets/JC_LP_MegaCity/Models/BuildingsDecor/SM_BuildingsDecor_12.fbx
  artifactKey: Guid(b534519971856ca48b6cfe2dad7ff316) Importer(2089858483,b0f066a214c2f5e87bad3c948f4d605d)
Start importing Assets/JC_LP_MegaCity/Models/BuildingsDecor/SM_BuildingsDecor_12.fbx using Guid(b534519971856ca48b6cfe2dad7ff316) Importer(2089858483,b0f066a214c2f5e87bad3c948f4d605d) (ScriptedImporter) -> (artifact id: '431d7278fdb64deccdcdffd8bb62bf4a') in 0.005265334 seconds
Number of updated asset objects reloaded before import = 0Number of asset objects unloaded after import = 7

========================================================================
Received Import Request.
  Time since last request: 0.000007 seconds.
  path: Assets/JC_LP_MegaCity/Prefabs/Props/SM_Props_PC_04.prefab
  artifactKey: Guid(f4e4be50be04d9a4e9ee2698c006af93) Importer(2089858483,b0f066a214c2f5e87bad3c948f4d605d)
Start importing Assets/JC_LP_MegaCity/Prefabs/Props/SM_Props_PC_04.prefab using Guid(f4e4be50be04d9a4e9ee2698c006af93) Importer(2089858483,b0f066a214c2f5e87bad3c948f4d605d) (ScriptedImporter) -> (artifact id: 'eaf5d7c41d30f58f1120a094c335a424') in 0.00401583 seconds
Number of updated asset objects reloaded before import = 0Number of asset objects unloaded after import = 10

========================================================================
Received Import Request.
  Time since last request: 0.000008 seconds.
  path: Assets/JC_LP_MegaCity/Models/FloorProps/SM_FloorProps_RoadSign_01.fbx
  artifactKey: Guid(cdf10dfa2682d0f4d9bf6b6156caa80a) Importer(2089858483,b0f066a214c2f5e87bad3c948f4d605d)
Start importing Assets/JC_LP_MegaCity/Models/FloorProps/SM_FloorProps_RoadSign_01.fbx using Guid(cdf10dfa2682d0f4d9bf6b6156caa80a) Importer(2089858483,b0f066a214c2f5e87bad3c948f4d605d) (ScriptedImporter) -> (artifact id: '022142b253f7b1fd70d9c9497a18ec06') in 0.006615427 seconds
Number of updated asset objects reloaded before import = 0Number of asset objects unloaded after import = 7

========================================================================
Received Import Request.
  Time since last request: 0.000011 seconds.
  path: Assets/JC_LP_MegaCity/Models/Buildings/SM_Buildings_Office_07_Door_L.fbx
  artifactKey: Guid(5bab1fcc1184254409c02f80be280450) Importer(2089858483,b0f066a214c2f5e87bad3c948f4d605d)
Start importing Assets/JC_LP_MegaCity/Models/Buildings/SM_Buildings_Office_07_Door_L.fbx using Guid(5bab1fcc1184254409c02f80be280450) Importer(2089858483,b0f066a214c2f5e87bad3c948f4d605d) (ScriptedImporter) -> (artifact id: '869f7e3b67c205c09d57b0def5efde4b') in 0.004214719 seconds
Number of updated asset objects reloaded before import = 0Number of asset objects unloaded after import = 7

========================================================================
Received Import Request.
  Time since last request: 0.000014 seconds.
  path: Assets/JC_LP_MegaCity/Models/Props/SM_Props_Garbage_09.fbx
  artifactKey: Guid(b709a656d05ec0041930ee1e10b70d17) Importer(2089858483,b0f066a214c2f5e87bad3c948f4d605d)
Start importing Assets/JC_LP_MegaCity/Models/Props/SM_Props_Garbage_09.fbx using Guid(b709a656d05ec0041930ee1e10b70d17) Importer(2089858483,b0f066a214c2f5e87bad3c948f4d605d) (ScriptedImporter) -> (artifact id: '25c57d5a72cf8509b779129d8846f877') in 0.004216418 seconds
Number of updated asset objects reloaded before import = 0Number of asset objects unloaded after import = 7

========================================================================
Received Import Request.
  Time since last request: 0.000008 seconds.
  path: Assets/JC_LP_MegaCity/Prefabs/IndustrialProps/SM_IndustrialProps_Construction_04.prefab
  artifactKey: Guid(a2fa05da1b670de4e9c34748b417285e) Importer(2089858483,b0f066a214c2f5e87bad3c948f4d605d)
Start importing Assets/JC_LP_MegaCity/Prefabs/IndustrialProps/SM_IndustrialProps_Construction_04.prefab using Guid(a2fa05da1b670de4e9c34748b417285e) Importer(2089858483,b0f066a214c2f5e87bad3c948f4d605d) (ScriptedImporter) -> (artifact id: '323593b92d37f8bcfa6d4013ab6fb9fc') in 0.003528552 seconds
Number of updated asset objects reloaded before import = 0Number of asset objects unloaded after import = 9

========================================================================
Received Import Request.
  Time since last request: 0.000008 seconds.
  path: Assets/JC_LP_MegaCity/Models/Buildings/SM_Buildings_Commercial_13_Door_L.fbx
  artifactKey: Guid(adbcc42988a3e8a48aa392d427f455d9) Importer(2089858483,b0f066a214c2f5e87bad3c948f4d605d)
Start importing Assets/JC_LP_MegaCity/Models/Buildings/SM_Buildings_Commercial_13_Door_L.fbx using Guid(adbcc42988a3e8a48aa392d427f455d9) Importer(2089858483,b0f066a214c2f5e87bad3c948f4d605d) (ScriptedImporter) -> (artifact id: '3900f82f9128358e1bdcd18260b95c7a') in 0.005813311 seconds
Number of updated asset objects reloaded before import = 0Number of asset objects unloaded after import = 7

========================================================================
Received Import Request.
  Time since last request: 0.000008 seconds.
  path: Assets/JC_LP_MegaCity/Models/Props/SM_Props_BarProps_03.fbx
  artifactKey: Guid(5c621f4b7c94ffc4e99e7b6af1f8b0d1) Importer(2089858483,b0f066a214c2f5e87bad3c948f4d605d)
Start importing Assets/JC_LP_MegaCity/Models/Props/SM_Props_BarProps_03.fbx using Guid(5c621f4b7c94ffc4e99e7b6af1f8b0d1) Importer(2089858483,b0f066a214c2f5e87bad3c948f4d605d) (ScriptedImporter) -> (artifact id: '8927ff94ca348df3173046a1ec7caa4d') in 0.004220089 seconds
Number of updated asset objects reloaded before import = 0Number of asset objects unloaded after import = 7

========================================================================
Received Import Request.
  Time since last request: 0.000009 seconds.
  path: Assets/JC_LP_MegaCity/Models/Nature/SM_Nature_Landscape_02.fbx
  artifactKey: Guid(3f454a6180a6aae468ced0f708e89257) Importer(2089858483,b0f066a214c2f5e87bad3c948f4d605d)
Start importing Assets/JC_LP_MegaCity/Models/Nature/SM_Nature_Landscape_02.fbx using Guid(3f454a6180a6aae468ced0f708e89257) Importer(2089858483,b0f066a214c2f5e87bad3c948f4d605d) (ScriptedImporter) -> (artifact id: '3a35c420b56d832dfa2d7bf2bcd11f16') in 0.004624727 seconds
Number of updated asset objects reloaded before import = 0Number of asset objects unloaded after import = 7

========================================================================
Received Import Request.
  Time since last request: 0.000009 seconds.
  path: Assets/JC_LP_MegaCity/Prefabs/IndustrialProps/SM_IndustrialProps_Fence_01.prefab
  artifactKey: Guid(da35c24a319cdd942946f36a62d72c54) Importer(2089858483,b0f066a214c2f5e87bad3c948f4d605d)
Start importing Assets/JC_LP_MegaCity/Prefabs/IndustrialProps/SM_IndustrialProps_Fence_01.prefab using Guid(da35c24a319cdd942946f36a62d72c54) Importer(2089858483,b0f066a214c2f5e87bad3c948f4d605d) (ScriptedImporter) -> (artifact id: '8b11cdd4be224b3da6c5cc95baf4021b') in 0.003552932 seconds
Number of updated asset objects reloaded before import = 0Number of asset objects unloaded after import = 9

========================================================================
Received Import Request.
  Time since last request: 0.000008 seconds.
  path: Assets/JC_LP_MegaCity/Prefabs/BuildingsDecor/SM_BuildingsDecor_21.prefab
  artifactKey: Guid(cb33dd481cc710f4aba28f6e70f2794b) Importer(2089858483,b0f066a214c2f5e87bad3c948f4d605d)
Start importing Assets/JC_LP_MegaCity/Prefabs/BuildingsDecor/SM_BuildingsDecor_21.prefab using Guid(cb33dd481cc710f4aba28f6e70f2794b) Importer(2089858483,b0f066a214c2f5e87bad3c948f4d605d) (ScriptedImporter) -> (artifact id: '178759f243be62cfc82b557c28a5cdb8') in 0.004409567 seconds
Number of updated asset objects reloaded before import = 0Number of asset objects unloaded after import = 9

========================================================================
Received Import Request.
  Time since last request: 0.000009 seconds.
  path: Assets/JC_LP_MegaCity/Prefabs/Vehicles/SM_Vehicles_Truck_03_V2.prefab
  artifactKey: Guid(bfcc99dc36e5a0943aa68788d5b5cd80) Importer(2089858483,b0f066a214c2f5e87bad3c948f4d605d)
Start importing Assets/JC_LP_MegaCity/Prefabs/Vehicles/SM_Vehicles_Truck_03_V2.prefab using Guid(bfcc99dc36e5a0943aa68788d5b5cd80) Importer(2089858483,b0f066a214c2f5e87bad3c948f4d605d) (ScriptedImporter) -> (artifact id: '204e42fb264027e37fff4048e8c911a3') in 0.003142954 seconds
Number of updated asset objects reloaded before import = 0Number of asset objects unloaded after import = 46

========================================================================
Received Import Request.
  Time since last request: 0.000007 seconds.
  path: Assets/JC_LP_MegaCity/Models/Buildings/SM_Buildings_House_14_Door_01.fbx
  artifactKey: Guid(47fb8bf855bd44d48bd47737498d9b3e) Importer(2089858483,b0f066a214c2f5e87bad3c948f4d605d)
Start importing Assets/JC_LP_MegaCity/Models/Buildings/SM_Buildings_House_14_Door_01.fbx using Guid(47fb8bf855bd44d48bd47737498d9b3e) Importer(2089858483,b0f066a214c2f5e87bad3c948f4d605d) (ScriptedImporter) -> (artifact id: 'ed936d70bba8908e7b9dac289887ed7d') in 0.00796982 seconds
Number of updated asset objects reloaded before import = 0Number of asset objects unloaded after import = 7

========================================================================
Received Import Request.
  Time since last request: 0.000008 seconds.
  path: Assets/JC_LP_MegaCity/Prefabs/Props/SM_Props_Garbage_08.prefab
  artifactKey: Guid(4de4b6b519154cc4889ec13b36578ace) Importer(2089858483,b0f066a214c2f5e87bad3c948f4d605d)
Start importing Assets/JC_LP_MegaCity/Prefabs/Props/SM_Props_Garbage_08.prefab using Guid(4de4b6b519154cc4889ec13b36578ace) Importer(2089858483,b0f066a214c2f5e87bad3c948f4d605d) (ScriptedImporter) -> (artifact id: 'b9cdff0c9461c4af32b31821008ac596') in 0.003713561 seconds
Number of updated asset objects reloaded before import = 0Number of asset objects unloaded after import = 9

========================================================================
Received Import Request.
  Time since last request: 0.000010 seconds.
  path: Assets/JC_LP_MegaCity/Models/Props/SM_Props_ParkDecor_01.fbx
  artifactKey: Guid(326b1156bce7d5c4b9a16437274aaa2d) Importer(2089858483,b0f066a214c2f5e87bad3c948f4d605d)
Start importing Assets/JC_LP_MegaCity/Models/Props/SM_Props_ParkDecor_01.fbx using Guid(326b1156bce7d5c4b9a16437274aaa2d) Importer(2089858483,b0f066a214c2f5e87bad3c948f4d605d) (ScriptedImporter) -> (artifact id: 'a2c7b93c4c68821a5534710663fccaf0') in 0.005056464 seconds
Number of updated asset objects reloaded before import = 0Number of asset objects unloaded after import = 7

========================================================================
Received Import Request.
  Time since last request: 0.000015 seconds.
  path: Assets/JC_LP_MegaCity/Models/IndustrialProps/SM_IndustrialProps_Fence_06.fbx
  artifactKey: Guid(d628dce1845227a4abfe75b122cb4cdf) Importer(2089858483,b0f066a214c2f5e87bad3c948f4d605d)
Start importing Assets/JC_LP_MegaCity/Models/IndustrialProps/SM_IndustrialProps_Fence_06.fbx using Guid(d628dce1845227a4abfe75b122cb4cdf) Importer(2089858483,b0f066a214c2f5e87bad3c948f4d605d) (ScriptedImporter) -> (artifact id: '520b2809a2f916c8a1cb32376d71e4f8') in 0.004617447 seconds
Number of updated asset objects reloaded before import = 0Number of asset objects unloaded after import = 7

========================================================================
Received Import Request.
  Time since last request: 0.000010 seconds.
  path: Assets/JC_LP_MegaCity/Models/Buildings/SM_Buildings_Mosque_01_Door_R.fbx
  artifactKey: Guid(b24afc186e7d40f429194660a3d709d1) Importer(2089858483,b0f066a214c2f5e87bad3c948f4d605d)
Start importing Assets/JC_LP_MegaCity/Models/Buildings/SM_Buildings_Mosque_01_Door_R.fbx using Guid(b24afc186e7d40f429194660a3d709d1) Importer(2089858483,b0f066a214c2f5e87bad3c948f4d605d) (ScriptedImporter) -> (artifact id: 'cd9a7ebec6e241cde0e7f1f819142f91') in 0.005614802 seconds
Number of updated asset objects reloaded before import = 0Number of asset objects unloaded after import = 7

========================================================================
Received Import Request.
  Time since last request: 0.000009 seconds.
  path: Assets/JC_LP_MegaCity/Models/Nature/SM_Nature_Landscape_05.fbx
  artifactKey: Guid(7e7e3d4b8f8dd514887a2c648a02217e) Importer(2089858483,b0f066a214c2f5e87bad3c948f4d605d)
Start importing Assets/JC_LP_MegaCity/Models/Nature/SM_Nature_Landscape_05.fbx using Guid(7e7e3d4b8f8dd514887a2c648a02217e) Importer(2089858483,b0f066a214c2f5e87bad3c948f4d605d) (ScriptedImporter) -> (artifact id: '26a13b236263b761e2878d2342225c5c') in 0.004474007 seconds
Number of updated asset objects reloaded before import = 0Number of asset objects unloaded after import = 7

========================================================================
Received Import Request.
  Time since last request: 0.000007 seconds.
  path: Assets/JC_LP_MegaCity/Prefabs/FloorProps/SM_FloorProps_TrafficLight_01.prefab
  artifactKey: Guid(623e6e6be42c64f4287b9380a9752662) Importer(2089858483,b0f066a214c2f5e87bad3c948f4d605d)
Start importing Assets/JC_LP_MegaCity/Prefabs/FloorProps/SM_FloorProps_TrafficLight_01.prefab using Guid(623e6e6be42c64f4287b9380a9752662) Importer(2089858483,b0f066a214c2f5e87bad3c948f4d605d) (ScriptedImporter) -> (artifact id: 'ed2c2f0d1ee1f828a33b4ffcbaddb54a') in 0.004742536 seconds
Number of updated asset objects reloaded before import = 0Number of asset objects unloaded after import = 12

========================================================================
Received Import Request.
  Time since last request: 0.000008 seconds.
  path: Assets/JC_LP_MegaCity/Prefabs/IndustrialProps/SM_IndustrialProps_Fence_05.prefab
  artifactKey: Guid(45620659b17062d4790703ef3d04b55e) Importer(2089858483,b0f066a214c2f5e87bad3c948f4d605d)
Start importing Assets/JC_LP_MegaCity/Prefabs/IndustrialProps/SM_IndustrialProps_Fence_05.prefab using Guid(45620659b17062d4790703ef3d04b55e) Importer(2089858483,b0f066a214c2f5e87bad3c948f4d605d) (ScriptedImporter) -> (artifact id: '0f1f90c2c0e2725b5d2351a4cff543c9') in 0.003368583 seconds
Number of updated asset objects reloaded before import = 0Number of asset objects unloaded after import = 9

========================================================================
Received Import Request.
  Time since last request: 0.000009 seconds.
  path: Assets/JC_LP_MegaCity/Prefabs/Vehicles/SM_Vehicles_05_V2.prefab
  artifactKey: Guid(e39f405efb6ba4042ba29afe46bb3a73) Importer(2089858483,b0f066a214c2f5e87bad3c948f4d605d)
Start importing Assets/JC_LP_MegaCity/Prefabs/Vehicles/SM_Vehicles_05_V2.prefab using Guid(e39f405efb6ba4042ba29afe46bb3a73) Importer(2089858483,b0f066a214c2f5e87bad3c948f4d605d) (ScriptedImporter) -> (artifact id: 'ea54ec11814666e388abecf4d44f7d9b') in 0.002406338 seconds
Number of updated asset objects reloaded before import = 0Number of asset objects unloaded after import = 34

========================================================================
Received Import Request.
  Time since last request: 0.000008 seconds.
  path: Assets/JC_LP_MegaCity/Prefabs/Food/SM_Food_Steak_02.prefab
  artifactKey: Guid(60edd1005f6b59a42b950e3994b39014) Importer(2089858483,b0f066a214c2f5e87bad3c948f4d605d)
Start importing Assets/JC_LP_MegaCity/Prefabs/Food/SM_Food_Steak_02.prefab using Guid(60edd1005f6b59a42b950e3994b39014) Importer(2089858483,b0f066a214c2f5e87bad3c948f4d605d) (ScriptedImporter) -> (artifact id: '446a3aedd27c2d2c9c42f0cdd733253b') in 0.003872981 seconds
Number of updated asset objects reloaded before import = 0Number of asset objects unloaded after import = 9

========================================================================
Received Import Request.
  Time since last request: 0.000008 seconds.
  path: Assets/JC_LP_MegaCity/Models/Buildings/SM_Buildings_House_13_V2.fbx
  artifactKey: Guid(a6341f2fcbe06d345aefaab201454643) Importer(2089858483,b0f066a214c2f5e87bad3c948f4d605d)
Start importing Assets/JC_LP_MegaCity/Models/Buildings/SM_Buildings_House_13_V2.fbx using Guid(a6341f2fcbe06d345aefaab201454643) Importer(2089858483,b0f066a214c2f5e87bad3c948f4d605d) (ScriptedImporter) -> (artifact id: '8a519aef6e03003f17b094705a378eaa') in 0.006512617 seconds
Number of updated asset objects reloaded before import = 0Number of asset objects unloaded after import = 7

========================================================================
Received Import Request.
  Time since last request: 0.000007 seconds.
  path: Assets/JC_LP_MegaCity/Models/Buildings/SM_Buildings_Airport_02.fbx
  artifactKey: Guid(854d2ac592f447447a0487df6113b54f) Importer(2089858483,b0f066a214c2f5e87bad3c948f4d605d)
Start importing Assets/JC_LP_MegaCity/Models/Buildings/SM_Buildings_Airport_02.fbx using Guid(854d2ac592f447447a0487df6113b54f) Importer(2089858483,b0f066a214c2f5e87bad3c948f4d605d) (ScriptedImporter) -> (artifact id: 'd6d394e224ec7b2bb14799a069ad8e1b') in 0.005339944 seconds
Number of updated asset objects reloaded before import = 0Number of asset objects unloaded after import = 7

========================================================================
Received Import Request.
  Time since last request: 0.000007 seconds.
  path: Assets/JC_LP_MegaCity/Models/Buildings/SM_Buildings_House_15_Door_L.fbx
  artifactKey: Guid(ef15e851517d08d4f954cc84e039a2c5) Importer(2089858483,b0f066a214c2f5e87bad3c948f4d605d)
Start importing Assets/JC_LP_MegaCity/Models/Buildings/SM_Buildings_House_15_Door_L.fbx using Guid(ef15e851517d08d4f954cc84e039a2c5) Importer(2089858483,b0f066a214c2f5e87bad3c948f4d605d) (ScriptedImporter) -> (artifact id: 'eebd0fb4057197342934938f3e6ed0a8') in 0.004430148 seconds
Number of updated asset objects reloaded before import = 0Number of asset objects unloaded after import = 7

========================================================================
Received Import Request.
  Time since last request: 0.000011 seconds.
  path: Assets/JC_LP_MegaCity/Models/Props/SM_Props_Garbage_01.fbx
  artifactKey: Guid(f74b944463df3fd4b9ed2d892646e314) Importer(2089858483,b0f066a214c2f5e87bad3c948f4d605d)
Start importing Assets/JC_LP_MegaCity/Models/Props/SM_Props_Garbage_01.fbx using Guid(f74b944463df3fd4b9ed2d892646e314) Importer(2089858483,b0f066a214c2f5e87bad3c948f4d605d) (ScriptedImporter) -> (artifact id: '83ee48f92333540bb86814983f769bb0') in 0.007073195 seconds
Number of updated asset objects reloaded before import = 0Number of asset objects unloaded after import = 7

========================================================================
Received Import Request.
  Time since last request: 0.000016 seconds.
  path: Assets/JC_LP_MegaCity/Prefabs/Food/SM_Food_CannedFood_05.prefab
  artifactKey: Guid(e99a01cc9a334cf49bbb919cfffe9ae6) Importer(2089858483,b0f066a214c2f5e87bad3c948f4d605d)
Start importing Assets/JC_LP_MegaCity/Prefabs/Food/SM_Food_CannedFood_05.prefab using Guid(e99a01cc9a334cf49bbb919cfffe9ae6) Importer(2089858483,b0f066a214c2f5e87bad3c948f4d605d) (ScriptedImporter) -> (artifact id: '3cdacfc67d30e1a57dd74bae7beacaac') in 0.004349649 seconds
Number of updated asset objects reloaded before import = 0Number of asset objects unloaded after import = 9

========================================================================
Received Import Request.
  Time since last request: 0.000009 seconds.
  path: Assets/JC_LP_MegaCity/Models
  artifactKey: Guid(4dc344bff0e6a4442864c2fee6e829be) Importer(2089858483,b0f066a214c2f5e87bad3c948f4d605d)
Start importing Assets/JC_LP_MegaCity/Models using Guid(4dc344bff0e6a4442864c2fee6e829be) Importer(2089858483,b0f066a214c2f5e87bad3c948f4d605d) (ScriptedImporter) -> (artifact id: '38e33152dbd0921bbdfaacd185498534') in 0.001134464 seconds
Number of updated asset objects reloaded before import = 0Number of asset objects unloaded after import = 1

========================================================================
Received Import Request.
  Time since last request: 0.000007 seconds.
  path: Assets/JC_LP_MegaCity/Models/Buildings/SM_Buildings_FireStation_01_Door_02.fbx
  artifactKey: Guid(19316467a5422474aad7586384ed0e48) Importer(2089858483,b0f066a214c2f5e87bad3c948f4d605d)
Start importing Assets/JC_LP_MegaCity/Models/Buildings/SM_Buildings_FireStation_01_Door_02.fbx using Guid(19316467a5422474aad7586384ed0e48) Importer(2089858483,b0f066a214c2f5e87bad3c948f4d605d) (ScriptedImporter) -> (artifact id: '157abb77e9f989a46157d52cf0da9f81') in 0.004348338 seconds
Number of updated asset objects reloaded before import = 0Number of asset objects unloaded after import = 7

========================================================================
Received Import Request.
  Time since last request: 0.000008 seconds.
  path: Assets/JC_LP_MegaCity/Prefabs/IndustrialProps/SM_IndustrialProps_Barrel_02.prefab
  artifactKey: Guid(a8fb6e33019a74d4f8c43533089973fa) Importer(2089858483,b0f066a214c2f5e87bad3c948f4d605d)
Start importing Assets/JC_LP_MegaCity/Prefabs/IndustrialProps/SM_IndustrialProps_Barrel_02.prefab using Guid(a8fb6e33019a74d4f8c43533089973fa) Importer(2089858483,b0f066a214c2f5e87bad3c948f4d605d) (ScriptedImporter) -> (artifact id: 'b578880a397e75faff32ed094ff6aeb6') in 0.003469242 seconds
Number of updated asset objects reloaded before import = 0Number of asset objects unloaded after import = 9

========================================================================
Received Import Request.
  Time since last request: 0.000008 seconds.
  path: Assets/JC_LP_MegaCity/Models/Buildings/SM_Buildings_Factory_04.fbx
  artifactKey: Guid(617f89a3e7d40ff4abd2b2bfa4da51ae) Importer(2089858483,b0f066a214c2f5e87bad3c948f4d605d)
Start importing Assets/JC_LP_MegaCity/Models/Buildings/SM_Buildings_Factory_04.fbx using Guid(617f89a3e7d40ff4abd2b2bfa4da51ae) Importer(2089858483,b0f066a214c2f5e87bad3c948f4d605d) (ScriptedImporter) -> (artifact id: 'b349de336b6d627803b22c46fe3b8701') in 0.004504657 seconds
Number of updated asset objects reloaded before import = 0Number of asset objects unloaded after import = 7

========================================================================
Received Import Request.
  Time since last request: 0.000010 seconds.
  path: Assets/JC_LP_MegaCity/Prefabs/Food/SM_Food_Pie_04.prefab
  artifactKey: Guid(f082252080505a8439c0acaece0f1ae0) Importer(2089858483,b0f066a214c2f5e87bad3c948f4d605d)
Start importing Assets/JC_LP_MegaCity/Prefabs/Food/SM_Food_Pie_04.prefab using Guid(f082252080505a8439c0acaece0f1ae0) Importer(2089858483,b0f066a214c2f5e87bad3c948f4d605d) (ScriptedImporter) -> (artifact id: 'be97702bae373d0dc3df7059e4175747') in 0.00589416 seconds
Number of updated asset objects reloaded before import = 0Number of asset objects unloaded after import = 9

========================================================================
Received Import Request.
  Time since last request: 0.000008 seconds.
  path: Assets/JC_LP_MegaCity/Prefabs/FloorProps/SM_FloorProps_RoadSign_36.prefab
  artifactKey: Guid(5ce15c30ea752f64abeeac5a62c75808) Importer(2089858483,b0f066a214c2f5e87bad3c948f4d605d)
Start importing Assets/JC_LP_MegaCity/Prefabs/FloorProps/SM_FloorProps_RoadSign_36.prefab using Guid(5ce15c30ea752f64abeeac5a62c75808) Importer(2089858483,b0f066a214c2f5e87bad3c948f4d605d) (ScriptedImporter) -> (artifact id: 'f7c7a0b9c16d5c9f3a8930784e275ac1') in 0.003458342 seconds
Number of updated asset objects reloaded before import = 0Number of asset objects unloaded after import = 9

========================================================================
Received Import Request.
  Time since last request: 0.000008 seconds.
  path: Assets/JC_LP_MegaCity/Convert_to_HDRP_JC_LP_MegaCity_2022.3_v1.01.unitypackage
  artifactKey: Guid(dd1f736c72dc46e43a3735d463f56949) Importer(2089858483,b0f066a214c2f5e87bad3c948f4d605d)
Start importing Assets/JC_LP_MegaCity/Convert_to_HDRP_JC_LP_MegaCity_2022.3_v1.01.unitypackage using Guid(dd1f736c72dc46e43a3735d463f56949) Importer(2089858483,b0f066a214c2f5e87bad3c948f4d605d) (ScriptedImporter) -> (artifact id: '6f0c7387564a68a63fdd659e10b1cba0') in 0.001201964 seconds
Number of updated asset objects reloaded before import = 0Number of asset objects unloaded after import = 1

========================================================================
Received Import Request.
  Time since last request: 0.000007 seconds.
  path: Assets/JC_LP_MegaCity/Prefabs/Floor/SM_Floor_Metro_09.prefab
  artifactKey: Guid(66f6b724097b03a40b0c4693d7a797a4) Importer(2089858483,b0f066a214c2f5e87bad3c948f4d605d)
Start importing Assets/JC_LP_MegaCity/Prefabs/Floor/SM_Floor_Metro_09.prefab using Guid(66f6b724097b03a40b0c4693d7a797a4) Importer(2089858483,b0f066a214c2f5e87bad3c948f4d605d) (ScriptedImporter) -> (artifact id: 'a71fe2006ee88b03f35e4d735d1d9a09') in 0.003663831 seconds
Number of updated asset objects reloaded before import = 0Number of asset objects unloaded after import = 9

========================================================================
Received Import Request.
  Time since last request: 0.000009 seconds.
  path: Assets/JC_LP_MegaCity/Prefabs/Buildings/SM_Buildings_House_05_V3.prefab
  artifactKey: Guid(15baf6026e045624daade0a6e6924a9e) Importer(2089858483,b0f066a214c2f5e87bad3c948f4d605d)
Start importing Assets/JC_LP_MegaCity/Prefabs/Buildings/SM_Buildings_House_05_V3.prefab using Guid(15baf6026e045624daade0a6e6924a9e) Importer(2089858483,b0f066a214c2f5e87bad3c948f4d605d) (ScriptedImporter) -> (artifact id: '15f6c719ae75b23fa5e4e192d0ef5940') in 0.005878191 seconds
Number of updated asset objects reloaded before import = 0Number of asset objects unloaded after import = 34

========================================================================
Received Import Request.
  Time since last request: 0.000011 seconds.
  path: Assets/JC_LP_MegaCity/Models/FloorProps/SM_FloorProps_Light_01.fbx
  artifactKey: Guid(441b8e5bfbafa8242833290a91bf2519) Importer(2089858483,b0f066a214c2f5e87bad3c948f4d605d)
Start importing Assets/JC_LP_MegaCity/Models/FloorProps/SM_FloorProps_Light_01.fbx using Guid(441b8e5bfbafa8242833290a91bf2519) Importer(2089858483,b0f066a214c2f5e87bad3c948f4d605d) (ScriptedImporter) -> (artifact id: '4538998cafcb9517799312d78e12804d') in 0.004421428 seconds
Number of updated asset objects reloaded before import = 0Number of asset objects unloaded after import = 7

========================================================================
Received Import Request.
  Time since last request: 0.000015 seconds.
  path: Assets/JC_LP_MegaCity/Models/Vehicles/SM_Vehicles_Military_V1.fbx
  artifactKey: Guid(7e758ac329839ae479761bafaba02cf9) Importer(2089858483,b0f066a214c2f5e87bad3c948f4d605d)
Start importing Assets/JC_LP_MegaCity/Models/Vehicles/SM_Vehicles_Military_V1.fbx using Guid(7e758ac329839ae479761bafaba02cf9) Importer(2089858483,b0f066a214c2f5e87bad3c948f4d605d) (ScriptedImporter) -> (artifact id: 'f224fa968a57a3fd899d26ce31c4047c') in 0.011487372 seconds
Number of updated asset objects reloaded before import = 0Number of asset objects unloaded after import = 44

========================================================================
Received Import Request.
  Time since last request: 0.000009 seconds.
  path: Assets/JC_LP_MegaCity/Models/BuildingsDecor/SM_BuildingDecor_63.fbx
  artifactKey: Guid(c3bc02d0fce195e42a5aaab91f473649) Importer(2089858483,b0f066a214c2f5e87bad3c948f4d605d)
Start importing Assets/JC_LP_MegaCity/Models/BuildingsDecor/SM_BuildingDecor_63.fbx using Guid(c3bc02d0fce195e42a5aaab91f473649) Importer(2089858483,b0f066a214c2f5e87bad3c948f4d605d) (ScriptedImporter) -> (artifact id: 'e890c62d44ad79d6813be59f05ff2872') in 0.004824186 seconds
Number of updated asset objects reloaded before import = 0Number of asset objects unloaded after import = 7

========================================================================
Received Import Request.
  Time since last request: 0.000007 seconds.
  path: Assets/JC_LP_MegaCity/Prefabs/Floor/SM_Floor_Railway_06.prefab
  artifactKey: Guid(5ce27a6bc560b6b4aa1fef22f77ee858) Importer(2089858483,b0f066a214c2f5e87bad3c948f4d605d)
Start importing Assets/JC_LP_MegaCity/Prefabs/Floor/SM_Floor_Railway_06.prefab using Guid(5ce27a6bc560b6b4aa1fef22f77ee858) Importer(2089858483,b0f066a214c2f5e87bad3c948f4d605d) (ScriptedImporter) -> (artifact id: '39eec92ab2bbb5a8e6a653abaaea5350') in 0.00400533 seconds
Number of updated asset objects reloaded before import = 0Number of asset objects unloaded after import = 9

========================================================================
Received Import Request.
  Time since last request: 0.000009 seconds.
  path: Assets/JC_LP_MegaCity/Models/Food/SM_Food_Plate_01.fbx
  artifactKey: Guid(8c7d13f9438090f4089cc4f159bbf4c5) Importer(2089858483,b0f066a214c2f5e87bad3c948f4d605d)
Start importing Assets/JC_LP_MegaCity/Models/Food/SM_Food_Plate_01.fbx using Guid(8c7d13f9438090f4089cc4f159bbf4c5) Importer(2089858483,b0f066a214c2f5e87bad3c948f4d605d) (ScriptedImporter) -> (artifact id: 'f76823a3bdd5f2e1cc3c9e9484581c6d') in 0.004221208 seconds
Number of updated asset objects reloaded before import = 0Number of asset objects unloaded after import = 7

========================================================================
Received Import Request.
  Time since last request: 0.000008 seconds.
  path: Assets/JC_LP_MegaCity/Models/BuildingsDecor/SM_BuildingsDecor_31.fbx
  artifactKey: Guid(645ab154b478bc748b0e9626035f34a8) Importer(2089858483,b0f066a214c2f5e87bad3c948f4d605d)
Start importing Assets/JC_LP_MegaCity/Models/BuildingsDecor/SM_BuildingsDecor_31.fbx using Guid(645ab154b478bc748b0e9626035f34a8) Importer(2089858483,b0f066a214c2f5e87bad3c948f4d605d) (ScriptedImporter) -> (artifact id: '88ab9dd5d6a75e4be57153a9a9d48b43') in 0.005661542 seconds
Number of updated asset objects reloaded before import = 0Number of asset objects unloaded after import = 7

========================================================================
Received Import Request.
  Time since last request: 0.000010 seconds.
  path: Assets/JC_LP_MegaCity/Models/BuildingsDecor/SM_BuildingsDecor_72.fbx
  artifactKey: Guid(272b2901b9187c64181d05358f533de2) Importer(2089858483,b0f066a214c2f5e87bad3c948f4d605d)
Start importing Assets/JC_LP_MegaCity/Models/BuildingsDecor/SM_BuildingsDecor_72.fbx using Guid(272b2901b9187c64181d05358f533de2) Importer(2089858483,b0f066a214c2f5e87bad3c948f4d605d) (ScriptedImporter) -> (artifact id: '49c4e7747fbaccabe3939a52f96b03d2') in 0.005683502 seconds
Number of updated asset objects reloaded before import = 0Number of asset objects unloaded after import = 7

========================================================================
Received Import Request.
  Time since last request: 0.000007 seconds.
  path: Assets/JC_LP_MegaCity/Models/Floor/SM_Floor_Tile_10.fbx
  artifactKey: Guid(124e4b9c2d72c0947b6b4384b17594a6) Importer(2089858483,b0f066a214c2f5e87bad3c948f4d605d)
Start importing Assets/JC_LP_MegaCity/Models/Floor/SM_Floor_Tile_10.fbx using Guid(124e4b9c2d72c0947b6b4384b17594a6) Importer(2089858483,b0f066a214c2f5e87bad3c948f4d605d) (ScriptedImporter) -> (artifact id: '5f8be8c9e037e665c6b20b6bef77aa48') in 0.004223399 seconds
Number of updated asset objects reloaded before import = 0Number of asset objects unloaded after import = 7

========================================================================
Received Import Request.
  Time since last request: 0.000010 seconds.
  path: Assets/JC_LP_MegaCity/Models/Props/SM_Props_Ads_07.fbx
  artifactKey: Guid(b638c6d1cd3ca9247bfbfd5e72182406) Importer(2089858483,b0f066a214c2f5e87bad3c948f4d605d)
Start importing Assets/JC_LP_MegaCity/Models/Props/SM_Props_Ads_07.fbx using Guid(b638c6d1cd3ca9247bfbfd5e72182406) Importer(2089858483,b0f066a214c2f5e87bad3c948f4d605d) (ScriptedImporter) -> (artifact id: 'dddd5ea04fbd8c708e23eaddf78f9e9f') in 0.004468328 seconds
Number of updated asset objects reloaded before import = 0Number of asset objects unloaded after import = 7

========================================================================
Received Import Request.
  Time since last request: 0.000007 seconds.
  path: Assets/JC_LP_MegaCity/Models/Props/SM_Props_Safe_01.fbx
  artifactKey: Guid(36f35f2737ca57044959b8edabd6fdac) Importer(2089858483,b0f066a214c2f5e87bad3c948f4d605d)
Start importing Assets/JC_LP_MegaCity/Models/Props/SM_Props_Safe_01.fbx using Guid(36f35f2737ca57044959b8edabd6fdac) Importer(2089858483,b0f066a214c2f5e87bad3c948f4d605d) (ScriptedImporter) -> (artifact id: 'ea9f26894c1142d91c44a74847d7ae9f') in 0.004368038 seconds
Number of updated asset objects reloaded before import = 0Number of asset objects unloaded after import = 7

========================================================================
Received Import Request.
  Time since last request: 0.000009 seconds.
  path: Assets/JC_LP_MegaCity/Prefabs/Vehicles/SM_Vehicles_Cargo_ship_01.prefab
  artifactKey: Guid(455e810568389d4488c49bf6c803da2e) Importer(2089858483,b0f066a214c2f5e87bad3c948f4d605d)
Start importing Assets/JC_LP_MegaCity/Prefabs/Vehicles/SM_Vehicles_Cargo_ship_01.prefab using Guid(455e810568389d4488c49bf6c803da2e) Importer(2089858483,b0f066a214c2f5e87bad3c948f4d605d) (ScriptedImporter) -> (artifact id: 'b6a038c09e95bc1922f107afefb4f8ef') in 0.004430988 seconds
Number of updated asset objects reloaded before import = 0Number of asset objects unloaded after import = 9

========================================================================
Received Import Request.
  Time since last request: 0.000013 seconds.
  path: Assets/JC_LP_MegaCity/Models/IndustrialProps/SM_IndustrialProps_Fence_02.fbx
  artifactKey: Guid(4893206dc38a727408c0cf6f2f35f263) Importer(2089858483,b0f066a214c2f5e87bad3c948f4d605d)
Start importing Assets/JC_LP_MegaCity/Models/IndustrialProps/SM_IndustrialProps_Fence_02.fbx using Guid(4893206dc38a727408c0cf6f2f35f263) Importer(2089858483,b0f066a214c2f5e87bad3c948f4d605d) (ScriptedImporter) -> (artifact id: 'ed0fabdf9ca68f403fa9900bb44d8c46') in 0.00587304 seconds
Number of updated asset objects reloaded before import = 0Number of asset objects unloaded after import = 7

========================================================================
Received Import Request.
  Time since last request: 0.000015 seconds.
  path: Assets/JC_LP_MegaCity/Prefabs/Food/SM_Food_Plate_05.prefab
  artifactKey: Guid(40b485b748835a94999b61b82ee9941d) Importer(2089858483,b0f066a214c2f5e87bad3c948f4d605d)
Start importing Assets/JC_LP_MegaCity/Prefabs/Food/SM_Food_Plate_05.prefab using Guid(40b485b748835a94999b61b82ee9941d) Importer(2089858483,b0f066a214c2f5e87bad3c948f4d605d) (ScriptedImporter) -> (artifact id: '9133ad5f1fcb8a8f775b4d41d4b06166') in 0.003379193 seconds
Number of updated asset objects reloaded before import = 0Number of asset objects unloaded after import = 9

========================================================================
Received Import Request.
  Time since last request: 0.000007 seconds.
  path: Assets/JC_LP_MegaCity/Models/Buildings/SM_Buildings_Football_01_Door_R.fbx
  artifactKey: Guid(47f8bee96559d7c438e36b20f3794e0d) Importer(2089858483,b0f066a214c2f5e87bad3c948f4d605d)
Start importing Assets/JC_LP_MegaCity/Models/Buildings/SM_Buildings_Football_01_Door_R.fbx using Guid(47f8bee96559d7c438e36b20f3794e0d) Importer(2089858483,b0f066a214c2f5e87bad3c948f4d605d) (ScriptedImporter) -> (artifact id: '4dfdf0771e2e7eef29963956f063d37c') in 0.004274208 seconds
Number of updated asset objects reloaded before import = 0Number of asset objects unloaded after import = 7

========================================================================
Received Import Request.
  Time since last request: 0.000007 seconds.
  path: Assets/JC_LP_MegaCity/Prefabs/Buildings/SM_Buildings_Airport_01.prefab
  artifactKey: Guid(19cbeb2e844dcfa4c81510d3a21401b9) Importer(2089858483,b0f066a214c2f5e87bad3c948f4d605d)
Start importing Assets/JC_LP_MegaCity/Prefabs/Buildings/SM_Buildings_Airport_01.prefab using Guid(19cbeb2e844dcfa4c81510d3a21401b9) Importer(2089858483,b0f066a214c2f5e87bad3c948f4d605d) (ScriptedImporter) -> (artifact id: 'd4deeaf4eefc0fc7a890d07ef5387110') in 0.004572727 seconds
Number of updated asset objects reloaded before import = 0Number of asset objects unloaded after import = 53

========================================================================
Received Import Request.
  Time since last request: 0.000008 seconds.
  path: Assets/JC_LP_MegaCity/Models/FX/SM_Water_01.FBX
  artifactKey: Guid(420b25e58c4d4a349ace9c76e035e07e) Importer(2089858483,b0f066a214c2f5e87bad3c948f4d605d)
Start importing Assets/JC_LP_MegaCity/Models/FX/SM_Water_01.FBX using Guid(420b25e58c4d4a349ace9c76e035e07e) Importer(2089858483,b0f066a214c2f5e87bad3c948f4d605d) (ScriptedImporter) -> (artifact id: '181dc42d8100859ea7af3f1ef2c53aa8') in 0.004108979 seconds
Number of updated asset objects reloaded before import = 0Number of asset objects unloaded after import = 7

========================================================================
Received Import Request.
  Time since last request: 0.000007 seconds.
  path: Assets/JC_LP_MegaCity/Models/Props/SM_Props_PC_07.fbx
  artifactKey: Guid(0ba9e5b7a55a7c3459b2aed2b5dbbe4c) Importer(2089858483,b0f066a214c2f5e87bad3c948f4d605d)
Start importing Assets/JC_LP_MegaCity/Models/Props/SM_Props_PC_07.fbx using Guid(0ba9e5b7a55a7c3459b2aed2b5dbbe4c) Importer(2089858483,b0f066a214c2f5e87bad3c948f4d605d) (ScriptedImporter) -> (artifact id: '83fc88ce7f56b123421fb3497480a5e0') in 0.005439763 seconds
Number of updated asset objects reloaded before import = 0Number of asset objects unloaded after import = 7

========================================================================
Received Import Request.
  Time since last request: 0.000007 seconds.
  path: Assets/JC_LP_MegaCity/Models/Buildings/SM_Buildings_Gas_Station_Door.fbx
  artifactKey: Guid(bf229bce6fab8934bbf034db1acdac47) Importer(2089858483,b0f066a214c2f5e87bad3c948f4d605d)
Start importing Assets/JC_LP_MegaCity/Models/Buildings/SM_Buildings_Gas_Station_Door.fbx using Guid(bf229bce6fab8934bbf034db1acdac47) Importer(2089858483,b0f066a214c2f5e87bad3c948f4d605d) (ScriptedImporter) -> (artifact id: '4b1e302e2e140b2cf8d59c7bb1547069') in 0.004248558 seconds
Number of updated asset objects reloaded before import = 0Number of asset objects unloaded after import = 7

========================================================================
Received Import Request.
  Time since last request: 0.000007 seconds.
  path: Assets/JC_LP_MegaCity/Models/Buildings/SM_Buildings_House_13_Door_01.fbx
  artifactKey: Guid(2a01c5d628553ce40a69df2605c9dbb9) Importer(2089858483,b0f066a214c2f5e87bad3c948f4d605d)
Start importing Assets/JC_LP_MegaCity/Models/Buildings/SM_Buildings_House_13_Door_01.fbx using Guid(2a01c5d628553ce40a69df2605c9dbb9) Importer(2089858483,b0f066a214c2f5e87bad3c948f4d605d) (ScriptedImporter) -> (artifact id: 'e7f1cd1c47968ca92f46a1137206d31b') in 0.004231799 seconds
Number of updated asset objects reloaded before import = 0Number of asset objects unloaded after import = 7

========================================================================
Received Prepare
Begin MonoManager ReloadAssembly
[Licensing::Client] Successfully resolved entitlement details
- Loaded All Assemblies, in  0.481 seconds
Refreshing native plugins compatible for Editor in 0.19 ms, found 0 plugins.
Native extension for LinuxStandalone target not found
[Package Manager] Failed to launch server process. Reason: Unity was launched with the -noUpm command-line argument
[Package Manager] Unable to send message (not connected to server process).
[Package Manager] Cannot connect to Unity Package Manager local server
ScheduleIndexationOnStartup MainProcess:False IndexOnStartup:True
Mono: successfully reloaded assembly
- Finished resetting the current domain, in  0.530 seconds
Domain Reload Profiling: 1013ms
	BeginReloadAssembly (131ms)
		ExecutionOrderSort (0ms)
		DisableScriptedObjects (5ms)
		BackupInstance (0ms)
		ReleaseScriptingObjects (0ms)
		CreateAndSetChildDomain (48ms)
	RebuildCommonClasses (28ms)
	RebuildNativeTypeToScriptingClass (7ms)
	initialDomainReloadingComplete (21ms)
	LoadAllAssembliesAndSetupDomain (296ms)
		LoadAssemblies (199ms)
		RebuildTransferFunctionScriptingTraits (0ms)
		AnalyzeDomain (133ms)
			TypeCache.Refresh (7ms)
				TypeCache.ScanAssembly (0ms)
			BuildScriptInfoCaches (118ms)
			ResolveRequiredComponents (7ms)
	FinalizeReload (530ms)
		ReleaseScriptCaches (0ms)
		RebuildScriptCaches (0ms)
		SetupLoadedEditorAssemblies (410ms)
			LogAssemblyErrors (0ms)
			InitializePlatformSupportModulesInManaged (1ms)
			SetLoadedEditorAssemblies (3ms)
			BeforeProcessingInitializeOnLoad (120ms)
			ProcessInitializeOnLoadAttributes (234ms)
			ProcessInitializeOnLoadMethodAttributes (47ms)
			AfterProcessingInitializeOnLoad (4ms)
			EditorAssembliesLoaded (0ms)
		ExecutionOrderSort2 (0ms)
		AwakeInstancesAfterBackupRestoration (9ms)
Refreshing native plugins compatible for Editor in 0.30 ms, found 0 plugins.
Preloading 0 native plugins for Editor in 0.00 ms.
Unloading 16 Unused Serialized files (Serialized files now loaded: 0)
Unloading 6220 unused Assets / (4.3 MB). Loaded Objects now: 7039.
Memory consumption went from 140.5 MB to 136.2 MB.
Total: 7.498373 ms (FindLiveObjects: 0.501858 ms CreateObjectMapping: 0.243899 ms MarkObjects: 5.301583 ms  DeleteObjects: 1.450403 ms)

Prepare: number of updated asset objects reloaded= 0
========================================================================
Received Prepare
Begin MonoManager ReloadAssembly
[Licensing::Client] Successfully resolved entitlement details
- Loaded All Assemblies, in  0.514 seconds
Refreshing native plugins compatible for Editor in 0.20 ms, found 0 plugins.
Native extension for LinuxStandalone target not found
[Package Manager] Failed to launch server process. Reason: Unity was launched with the -noUpm command-line argument
[Package Manager] Unable to send message (not connected to server process).
[Package Manager] Cannot connect to Unity Package Manager local server
ScheduleIndexationOnStartup MainProcess:False IndexOnStartup:True
Mono: successfully reloaded assembly
- Finished resetting the current domain, in  0.546 seconds
Domain Reload Profiling: 1061ms
	BeginReloadAssembly (131ms)
		ExecutionOrderSort (0ms)
		DisableScriptedObjects (4ms)
		BackupInstance (0ms)
		ReleaseScriptingObjects (0ms)
		CreateAndSetChildDomain (36ms)
	RebuildCommonClasses (33ms)
	RebuildNativeTypeToScriptingClass (7ms)
	initialDomainReloadingComplete (23ms)
	LoadAllAssembliesAndSetupDomain (320ms)
		LoadAssemblies (225ms)
		RebuildTransferFunctionScriptingTraits (0ms)
		AnalyzeDomain (145ms)
			TypeCache.Refresh (9ms)
				TypeCache.ScanAssembly (1ms)
			BuildScriptInfoCaches (127ms)
			ResolveRequiredComponents (7ms)
	FinalizeReload (547ms)
		ReleaseScriptCaches (0ms)
		RebuildScriptCaches (0ms)
		SetupLoadedEditorAssemblies (431ms)
			LogAssemblyErrors (0ms)
			InitializePlatformSupportModulesInManaged (2ms)
			SetLoadedEditorAssemblies (3ms)
			BeforeProcessingInitializeOnLoad (128ms)
			ProcessInitializeOnLoadAttributes (248ms)
			ProcessInitializeOnLoadMethodAttributes (46ms)
			AfterProcessingInitializeOnLoad (4ms)
			EditorAssembliesLoaded (0ms)
		ExecutionOrderSort2 (0ms)
		AwakeInstancesAfterBackupRestoration (11ms)
WARNING: Shader Unsupported: 'Hidden/Retro Shaders Pro/Terrain/Lit (Base Pass)' - All subshaders removed
WARNING: Shader Did you use #pragma only_renderers and omit this platform?
WARNING: Shader If subshaders removal was intentional, you may have forgotten turning Fallback off?
WARNING: Shader Unsupported: 'Hidden/Retro Shaders Pro/Terrain/Lit (Base Pass)' - All subshaders removed
WARNING: Shader Did you use #pragma only_renderers and omit this platform?
WARNING: Shader If subshaders removal was intentional, you may have forgotten turning Fallback off?
WARNING: Shader Unsupported: 'Retro Shaders Pro/Terrain/Lit' - All subshaders removed
WARNING: Shader Did you use #pragma only_renderers and omit this platform?
WARNING: Shader If subshaders removal was intentional, you may have forgotten turning Fallback off?
WARNING: Shader Unsupported: 'Retro Shaders Pro/Terrain/Lit' - All subshaders removed
WARNING: Shader Did you use #pragma only_renderers and omit this platform?
WARNING: Shader If subshaders removal was intentional, you may have forgotten turning Fallback off?
Refreshing native plugins compatible for Editor in 0.42 ms, found 0 plugins.
Preloading 0 native plugins for Editor in 0.00 ms.
Unloading 29 Unused Serialized files (Serialized files now loaded: 0)
Unloading 6249 unused Assets / (7.0 MB). Loaded Objects now: 7059.
Memory consumption went from 146.3 MB to 139.3 MB.
Total: 9.423253 ms (FindLiveObjects: 0.604577 ms CreateObjectMapping: 0.641576 ms MarkObjects: 5.654252 ms  DeleteObjects: 2.522118 ms)

Prepare: number of updated asset objects reloaded= 0
AssetImportWorkerClient::OnTransportError - code=2 error=End of file
