[UnityConnectServicesConfig] Local config successfully read: "/usr/share/unity3d/config/services-config.json"
[UnityConnectServicesConfig] Service configuration:
    "servicesConfigBaseUrl": "",
    "disableServicesWindow": false,
    "disableUserLogin": false,
    "entitlementCacheTimeoutInSeconds": 60,
    "clientConnectTimeoutSec": 60,
    "clientHandshakeTimeoutSec": 30,
    "clientResolveEntitlementsTimeoutSec": 30,
    "clientUpdateLicenseTimeoutSec": 30,
    "licensingServiceBaseUrl": "",
    "enableProxyAutoconfig": "false"

Unity Editor version:    6000.3.7f1 (696ec25a53d1)
Branch:                  6000.3/staging
Build type:              Release
Batch mode:              YES
System name:             Linux
Distro version:          #1 SMP PREEMPT_DYNAMIC Fri, 20 Feb 2026 01:02:58 +0000
Kernel version:          6.19.3-2-cachyos
Architecture:            x86_64
Window Protocol:         Wayland (XWayland)
Available memory:        31996 MB
Date:                    2026-02-22T22:23:09Z
[Licensing::Module] Trying to connect to existing licensing client channel...
[Licensing::IpcConnector] Successfully connected to: "LicenseClient-rhiannon" at "2026-02-22T22:23:09.207814Z"
[SignatureVerifier] Application signature verification not supported on this platform.
[Licensing::Client] Handshaking with LicensingClient:
  Version:                 1.17.4+4293ba1
  Session Id:              a5c330095c03490f9837f16b0aebd774
  Correlation Id:          314f5f0527a0f9810997842311347834
  External correlation Id: 2695479016603239755
  Machine Id:              f8KgvhXTc+wkx/7/K110e9qU1KE=
[Licensing::Module] Successfully connected to LicensingClient on channel: "LicenseClient-rhiannon" (connect: 0.00s, validation: 0.00s, handshake: 0.00s)
[Licensing::IpcConnector] Successfully connected to: "LicenseClient-rhiannon-notifications" at "2026-02-22T22:23:09.208515Z"
[Licensing::Module] Licensing Background thread has ended after 0.00s
Selected window backend: (null) 
Desktop is 5920 x 2560 @ 60 Hz
Initialize udev device monitor.

COMMAND LINE ARGUMENTS:
Unity
-adb2
-batchMode
-noUpm
-name
AssetImportWorker3
-projectPath
/mnt/vfs_share/School Work/Diploma/The Chase
-logFile
Logs/AssetImportWorker3.log
-srvPort
39251
-job-worker-count
11
-background-job-worker-count
8
-gc-helper-count
1
Successfully changed project path to: /mnt/vfs_share/School Work/Diploma/The Chase
/mnt/vfs_share/School Work/Diploma/The Chase
[UnityMemory] Configuration Parameters - Can be set up in boot.config
    "memorysetup-allocator-temp-initial-block-size-main=262144"
    "memorysetup-allocator-temp-initial-block-size-worker=262144"
    "memorysetup-temp-allocator-size-background-worker=32768"
    "memorysetup-temp-allocator-size-job-worker=262144"
    "memorysetup-temp-allocator-size-preload-manager=33554432"
    "memorysetup-temp-allocator-size-nav-mesh-worker=65536"
    "memorysetup-temp-allocator-size-audio-worker=65536"
    "memorysetup-temp-allocator-size-cloud-worker=32768"
    "memorysetup-temp-allocator-size-gi-baking-worker=262144"
    "memorysetup-temp-allocator-size-gi-baking-worker=262144"
    "memorysetup-temp-allocator-size-gi-baking-worker=262144"
    "memorysetup-temp-allocator-size-gi-baking-worker=262144"
    "memorysetup-temp-allocator-size-gi-baking-worker=262144"
    "memorysetup-bucket-allocator-granularity=16"
    "memorysetup-bucket-allocator-bucket-count=8"
    "memorysetup-bucket-allocator-block-size=33554432"
    "memorysetup-bucket-allocator-block-count=8"
    "memorysetup-main-allocator-block-size=16777216"
    "memorysetup-thread-allocator-block-size=16777216"
    "memorysetup-gfx-main-allocator-block-size=16777216"
    "memorysetup-gfx-thread-allocator-block-size=16777216"
    "memorysetup-cache-allocator-block-size=4194304"
    "memorysetup-typetree-allocator-block-size=2097152"
    "memorysetup-profiler-bucket-allocator-granularity=16"
    "memorysetup-profiler-bucket-allocator-bucket-count=8"
    "memorysetup-profiler-bucket-allocator-block-size=33554432"
    "memorysetup-profiler-bucket-allocator-block-count=8"
    "memorysetup-profiler-allocator-block-size=16777216"
    "memorysetup-profiler-editor-allocator-block-size=1048576"
    "memorysetup-temp-allocator-size-main=16777216"
    "memorysetup-job-temp-allocator-block-size=2097152"
    "memorysetup-job-temp-allocator-block-size-background=1048576"
    "memorysetup-job-temp-allocator-reduction-small-platforms=262144"
    "memorysetup-temp-allocator-size-gfx=262144"
Player connection [139766584216704]  Target information:

Player connection [139766584216704]  * "[IP] 192.168.1.16 [Port] 0 [Flags] 2 [Guid] 4218976252 [EditorId] 4218976252 [Version] 1048832 [Id] LinuxEditor(16,192.168.1.16) [Debug] 1 [PackageName] LinuxEditor [ProjectName] Editor" 

Player connection [139766584216704]  * "[IP] 192.168.122.1 [Port] 0 [Flags] 2 [Guid] 4218976252 [EditorId] 4218976252 [Version] 1048832 [Id] LinuxEditor(16,192.168.1.16) [Debug] 1 [PackageName] LinuxEditor [ProjectName] Editor" 

Player connection [139766584216704] Host joined multi-casting on [225.0.0.222:54997]...
Player connection [139766584216704] Host joined alternative multi-casting on [225.0.0.222:34997]...
JobSystem: Creating JobQueue using job-worker-count value 11
Input System module state changed to: Initialized.
[Physics::Module] Initialized fallback backend.
[Physics::Module] Id: 0xdecafbad
Library Redirect Path: Library/
[Physics::Module] Selected backend.
[Physics::Module] Name: PhysX
[Physics::Module] Id: 0xf2b8ea05
[Physics::Module] SDK Version: 4.1.2
[Physics::Module] Integration Version: 1.0.0
[Physics::Module] Threading Mode: Multi-Threaded
Refreshing native plugins compatible for Editor in 1.45 ms, found 0 plugins.
Preloading 0 native plugins for Editor in 0.00 ms.
Initialize engine version: 6000.3.7f1 (696ec25a53d1)
[Subsystems] Discovering subsystems at path /home/rhiannon/Unity/Hub/Editor/6000.3.7f1/Editor/Data/Resources/UnitySubsystems
[Subsystems] Discovering subsystems at path /mnt/vfs_share/School Work/Diploma/The Chase/Assets
kGfxThreadingModeNonThreaded is not supported on OpenGL Core. Reverting to kGfxThreadingModeDirect instead.
GfxDevice: creating device client; kGfxThreadingModeDirect
GLX Extensions: GLX_ARB_context_flush_control GLX_ARB_create_context GLX_ARB_create_context_no_error GLX_ARB_create_context_profile GLX_ARB_create_context_robustness GLX_ARB_fbconfig_float GLX_ARB_framebuffer_sRGB GLX_ARB_get_proc_address GLX_ARB_multisample GLX_EXT_buffer_age GLX_EXT_create_context_es2_profile GLX_EXT_create_context_es_profile GLX_EXT_fbconfig_packed_float GLX_EXT_framebuffer_sRGB GLX_EXT_no_config_context GLX_EXT_swap_control GLX_EXT_swap_control_tear GLX_EXT_texture_from_pixmap GLX_EXT_visual_info GLX_EXT_visual_rating GLX_MESA_copy_sub_buffer GLX_MESA_gl_interop GLX_MESA_query_renderer GLX_MESA_swap_control GLX_OML_sync_control GLX_SGIS_multisample GLX_SGIX_fbconfig GLX_SGIX_pbuffer GLX_SGIX_visual_select_group GLX_SGI_make_current_read GLX_SGI_video_sync 
Renderer: AMD Radeon RX 6950 XT (radeonsi, navi21, LLVM 21.1.6, DRM 3.64, 6.19.3-2-cachyos)
Vendor:   AMD
Version:  4.6 (Core Profile) Mesa 25.3.5-arch1.2
GLES:     0
 GL_AMD_conservative_depth GL_AMD_depth_clamp_separate GL_AMD_draw_buffers_blend GL_AMD_framebuffer_multisample_advanced GL_AMD_gpu_shader_int64 GL_AMD_multi_draw_indirect GL_AMD_performance_monitor GL_AMD_pinned_memory GL_AMD_query_buffer_object GL_AMD_seamless_cubemap_per_texture GL_AMD_shader_stencil_export GL_AMD_shader_trinary_minmax GL_AMD_texture_texture4 GL_AMD_vertex_shader_layer GL_AMD_vertex_shader_viewport_index GL_ANGLE_texture_compression_dxt3 GL_ANGLE_texture_compression_dxt5 GL_ARB_ES2_compatibility GL_ARB_ES3_1_compatibility GL_ARB_ES3_2_compatibility GL_ARB_ES3_compatibility GL_ARB_arrays_of_arrays GL_ARB_base_instance GL_ARB_bindless_texture GL_ARB_blend_func_extended GL_ARB_buffer_storage GL_ARB_clear_buffer_object GL_ARB_clear_texture GL_ARB_clip_control GL_ARB_color_buffer_float GL_ARB_compressed_texture_pixel_storage GL_ARB_compute_shader GL_ARB_compute_variable_group_size GL_ARB_conditional_render_inverted GL_ARB_conservative_depth GL_ARB_copy_buffer GL_ARB_copy_image GL_ARB_cull_dist
ance GL_ARB_debug_output GL_ARB_depth_buffer_float GL_ARB_depth_clamp GL_ARB_derivative_control GL_ARB_direct_state_access GL_ARB_draw_buffers GL_ARB_draw_buffers_blend GL_ARB_draw_elements_base_vertex GL_ARB_draw_indirect GL_ARB_draw_instanced GL_ARB_enhanced_layouts GL_ARB_explicit_attrib_location GL_ARB_explicit_uniform_location GL_ARB_fragment_coord_conventions GL_ARB_fragment_layer_viewport GL_ARB_fragment_shader GL_ARB_framebuffer_no_attachments GL_ARB_framebuffer_object GL_ARB_framebuffer_sRGB GL_ARB_get_program_binary GL_ARB_get_texture_sub_image GL_ARB_gl_spirv GL_ARB_gpu_shader5 GL_ARB_gpu_shader_fp64 GL_ARB_gpu_shader_int64 GL_ARB_half_float_pixel GL_ARB_half_float_vertex GL_ARB_indirect_parameters GL_ARB_instanced_arrays GL_ARB_internalformat_query GL_ARB_internalformat_query2 GL_ARB_invalidate_subdata GL_ARB_map_buffer_alignment GL_ARB_map_buffer_range GL_ARB_multi_bind GL_ARB_multi_draw_indirect GL_ARB_occlusion_query2 GL_ARB_parallel_shader_compile GL_ARB_pipeline_statistics_query GL_ARB_pixel
_buffer_object GL_ARB_point_sprite GL_ARB_polygon_offset_clamp GL_ARB_post_depth_coverage GL_ARB_program_interface_query GL_ARB_provoking_vertex GL_ARB_query_buffer_object GL_ARB_robust_buffer_access_behavior GL_ARB_robustness GL_ARB_sample_shading GL_ARB_sampler_objects GL_ARB_seamless_cube_map GL_ARB_seamless_cubemap_per_texture GL_ARB_separate_shader_objects GL_ARB_shader_atomic_counter_ops GL_ARB_shader_atomic_counters GL_ARB_shader_ballot GL_ARB_shader_bit_encoding GL_ARB_shader_clock GL_ARB_shader_draw_parameters GL_ARB_shader_group_vote GL_ARB_shader_image_load_store GL_ARB_shader_image_size GL_ARB_shader_objects GL_ARB_shader_precision GL_ARB_shader_stencil_export GL_ARB_shader_storage_buffer_object GL_ARB_shader_subroutine GL_ARB_shader_texture_image_samples GL_ARB_shader_texture_lod GL_ARB_shader_viewport_layer_array GL_ARB_shading_language_420pack GL_ARB_shading_language_include GL_ARB_shading_language_packing GL_ARB_sparse_buffer GL_ARB_sparse_texture GL_ARB_sparse_texture2 GL_ARB_sparse_texture_
clamp GL_ARB_spirv_extensions GL_ARB_stencil_texturing GL_ARB_sync GL_ARB_tessellation_shader GL_ARB_texture_barrier GL_ARB_texture_border_clamp GL_ARB_texture_buffer_object GL_ARB_texture_buffer_object_rgb32 GL_ARB_texture_buffer_range GL_ARB_texture_compression_bptc GL_ARB_texture_compression_rgtc GL_ARB_texture_cube_map_array GL_ARB_texture_filter_anisotropic GL_ARB_texture_filter_minmax GL_ARB_texture_float GL_ARB_texture_gather GL_ARB_texture_mirror_clamp_to_edge GL_ARB_texture_multisample GL_ARB_texture_non_power_of_two GL_ARB_texture_query_levels GL_ARB_texture_query_lod GL_ARB_texture_rectangle GL_ARB_texture_rg GL_ARB_texture_rgb10_a2ui GL_ARB_texture_stencil8 GL_ARB_texture_storage GL_ARB_texture_storage_multisample GL_ARB_texture_swizzle GL_ARB_texture_view GL_ARB_timer_query GL_ARB_transform_feedback2 GL_ARB_transform_feedback3 GL_ARB_transform_feedback_instanced GL_ARB_transform_feedback_overflow_query GL_ARB_uniform_buffer_object GL_ARB_vertex_array_bgra GL_ARB_vertex_array_object GL_ARB_vertex
_attrib_64bit GL_ARB_vertex_attrib_binding GL_ARB_vertex_buffer_object GL_ARB_vertex_shader GL_ARB_vertex_type_10f_11f_11f_rev GL_ARB_vertex_type_2_10_10_10_rev GL_ARB_viewport_array GL_ATI_blend_equation_separate GL_ATI_meminfo GL_ATI_texture_float GL_ATI_texture_mirror_once GL_EXT_EGL_image_storage GL_EXT_EGL_image_storage_compression GL_EXT_EGL_sync GL_EXT_abgr GL_EXT_blend_equation_separate GL_EXT_debug_label GL_EXT_demote_to_helper_invocation GL_EXT_depth_bounds_test GL_EXT_draw_buffers2 GL_EXT_draw_instanced GL_EXT_framebuffer_blit GL_EXT_framebuffer_multisample GL_EXT_framebuffer_multisample_blit_scaled GL_EXT_framebuffer_object GL_EXT_framebuffer_sRGB GL_EXT_memory_object GL_EXT_memory_object_fd GL_EXT_packed_depth_stencil GL_EXT_packed_float GL_EXT_pixel_buffer_object GL_EXT_polygon_offset_clamp GL_EXT_provoking_vertex GL_EXT_semaphore GL_EXT_semaphore_fd GL_EXT_shader_clock GL_EXT_shader_image_load_formatted GL_EXT_shader_image_load_store GL_EXT_shader_integer_mix GL_EXT_shader_samples_identical GL
_EXT_texture_array GL_EXT_texture_compression_dxt1 GL_EXT_texture_compression_rgtc GL_EXT_texture_compression_s3tc GL_EXT_texture_filter_anisotropic GL_EXT_texture_filter_minmax GL_EXT_texture_integer GL_EXT_texture_mirror_clamp GL_EXT_texture_sRGB GL_EXT_texture_sRGB_R8 GL_EXT_texture_sRGB_RG8 GL_EXT_texture_sRGB_decode GL_EXT_texture_shadow_lod GL_EXT_texture_shared_exponent GL_EXT_texture_snorm GL_EXT_texture_storage GL_EXT_texture_swizzle GL_EXT_timer_query GL_EXT_transform_feedback GL_EXT_vertex_array_bgra GL_EXT_vertex_attrib_64bit GL_EXT_window_rectangles GL_IBM_multimode_draw_arrays GL_INTEL_blackhole_render GL_KHR_blend_equation_advanced GL_KHR_context_flush_control GL_KHR_debug GL_KHR_no_error GL_KHR_parallel_shader_compile GL_KHR_robust_buffer_access_behavior GL_KHR_robustness GL_KHR_shader_subgroup GL_KHR_texture_compression_astc_ldr GL_KHR_texture_compression_astc_sliced_3d GL_MESA_framebuffer_flip_y GL_MESA_pack_invert GL_MESA_shader_integer_functions GL_MESA_texture_const_bandwidth GL_MESA_tex
ture_signed_rgba GL_NVX_gpu_memory_info GL_NV_alpha_to_coverage_dither_control GL_NV_compute_shader_derivatives GL_NV_conditional_render GL_NV_copy_image GL_NV_depth_clamp GL_NV_packed_depth_stencil GL_NV_shader_atomic_int64 GL_NV_texture_barrier GL_OES_EGL_image GL_S3_s3tc
OPENGL LOG: Creating OpenGL 4.6 graphics device ; Context level  <OpenGL 4.5> ; Context handle -481490672
Initialize mono
Mono path[0] = '/home/rhiannon/Unity/Hub/Editor/6000.3.7f1/Editor/Data/Managed'
Mono path[1] = '/home/rhiannon/Unity/Hub/Editor/6000.3.7f1/Editor/Data/MonoBleedingEdge/lib/mono/unityjit-linux'
Mono config path = '/home/rhiannon/Unity/Hub/Editor/6000.3.7f1/Editor/Data/MonoBleedingEdge/etc'
Using monoOptions --debugger-agent=transport=dt_socket,embedding=1,server=y,suspend=n,address=127.0.0.1:56556
Begin MonoManager ReloadAssembly
Registering precompiled unity dll's ...
Register platform support module: /home/rhiannon/Unity/Hub/Editor/6000.3.7f1/Editor/Data/PlaybackEngines/LinuxStandaloneSupport/UnityEditor.LinuxStandalone.Extensions.dll
Registered in 0.001412 seconds.
- Loaded All Assemblies, in  0.294 seconds
Native extension for LinuxStandalone target not found
Package Manager log level set to [2]
[Package Manager] Failed to launch server process. Reason: Unity was launched with the -noUpm command-line argument
[Package Manager] Unable to send message (not connected to server process).
[Package Manager] Cannot connect to Unity Package Manager local server
ScheduleIndexationOnStartup MainProcess:False IndexOnStartup:True
Mono: successfully reloaded assembly
- Finished resetting the current domain, in  0.380 seconds
Domain Reload Profiling: 673ms
	BeginReloadAssembly (57ms)
		ExecutionOrderSort (0ms)
		DisableScriptedObjects (0ms)
		BackupInstance (0ms)
		ReleaseScriptingObjects (0ms)
		CreateAndSetChildDomain (0ms)
	RebuildCommonClasses (31ms)
	RebuildNativeTypeToScriptingClass (9ms)
	initialDomainReloadingComplete (44ms)
	LoadAllAssembliesAndSetupDomain (152ms)
		LoadAssemblies (56ms)
		RebuildTransferFunctionScriptingTraits (0ms)
		AnalyzeDomain (150ms)
			TypeCache.Refresh (149ms)
				TypeCache.ScanAssembly (138ms)
			BuildScriptInfoCaches (0ms)
			ResolveRequiredComponents (0ms)
	FinalizeReload (380ms)
		ReleaseScriptCaches (0ms)
		RebuildScriptCaches (0ms)
		SetupLoadedEditorAssemblies (343ms)
			LogAssemblyErrors (0ms)
			InitializePlatformSupportModulesInManaged (40ms)
			SetLoadedEditorAssemblies (4ms)
			BeforeProcessingInitializeOnLoad (83ms)
			ProcessInitializeOnLoadAttributes (146ms)
			ProcessInitializeOnLoadMethodAttributes (69ms)
			AfterProcessingInitializeOnLoad (0ms)
			EditorAssembliesLoaded (0ms)
		ExecutionOrderSort2 (0ms)
		AwakeInstancesAfterBackupRestoration (0ms)
========================================================================
Worker process is ready to serve import requests
Import Worker Mode flag is 0x00
Begin MonoManager ReloadAssembly
[Licensing::Client] Successfully resolved entitlement details
[Licensing::Module] License group:
  Id: 16768291832327-UnityPersXXXX
  Product: Unity Personal
  Type: Assigned
  Expiration: Unlimited
- Loaded All Assemblies, in  0.495 seconds
Refreshing native plugins compatible for Editor in 0.21 ms, found 0 plugins.
Native extension for LinuxStandalone target not found
[Package Manager] Failed to launch server process. Reason: Unity was launched with the -noUpm command-line argument
[Package Manager] Unable to send message (not connected to server process).
[Package Manager] Cannot connect to Unity Package Manager local server
ScheduleIndexationOnStartup MainProcess:False IndexOnStartup:True
Mono: successfully reloaded assembly
- Finished resetting the current domain, in  0.646 seconds
Domain Reload Profiling: 1140ms
	BeginReloadAssembly (91ms)
		ExecutionOrderSort (0ms)
		DisableScriptedObjects (4ms)
		BackupInstance (0ms)
		ReleaseScriptingObjects (0ms)
		CreateAndSetChildDomain (23ms)
	RebuildCommonClasses (27ms)
	RebuildNativeTypeToScriptingClass (7ms)
	initialDomainReloadingComplete (32ms)
	LoadAllAssembliesAndSetupDomain (338ms)
		LoadAssemblies (190ms)
		RebuildTransferFunctionScriptingTraits (0ms)
		AnalyzeDomain (183ms)
			TypeCache.Refresh (129ms)
				TypeCache.ScanAssembly (119ms)
			BuildScriptInfoCaches (44ms)
			ResolveRequiredComponents (7ms)
	FinalizeReload (646ms)
		ReleaseScriptCaches (0ms)
		RebuildScriptCaches (0ms)
		SetupLoadedEditorAssemblies (500ms)
			LogAssemblyErrors (0ms)
			InitializePlatformSupportModulesInManaged (1ms)
			SetLoadedEditorAssemblies (4ms)
			BeforeProcessingInitializeOnLoad (135ms)
			ProcessInitializeOnLoadAttributes (301ms)
			ProcessInitializeOnLoadMethodAttributes (54ms)
			AfterProcessingInitializeOnLoad (4ms)
			EditorAssembliesLoaded (0ms)
		ExecutionOrderSort2 (0ms)
		AwakeInstancesAfterBackupRestoration (3ms)
AutoLocale: current locale expects 'C' but got 'en_AU.UTF-8'Launched and connected shader compiler UnityShaderCompiler after 0.01 seconds
Refreshing native plugins compatible for Editor in 0.27 ms, found 0 plugins.
Preloading 0 native plugins for Editor in 0.00 ms.
Unloading 16 Unused Serialized files (Serialized files now loaded: 0)
Unloading 6220 unused Assets / (5.2 MB). Loaded Objects now: 7018.
Memory consumption went from 133.3 MB to 128.1 MB.
Total: 12.133090 ms (FindLiveObjects: 0.679577 ms CreateObjectMapping: 0.542917 ms MarkObjects: 7.573822 ms  DeleteObjects: 3.335464 ms)

========================================================================
Received Import Request.
  Time since last request: 3051.459382 seconds.
  path: Assets/JC_LP_MegaCity/Prefabs/Food/SM_Food_FoodBox_15.prefab
  artifactKey: Guid(5a00a37552821404eb25977d24a184d8) Importer(2089858483,b0f066a214c2f5e87bad3c948f4d605d)
Start importing Assets/JC_LP_MegaCity/Prefabs/Food/SM_Food_FoodBox_15.prefab using Guid(5a00a37552821404eb25977d24a184d8) Importer(2089858483,b0f066a214c2f5e87bad3c948f4d605d) (ScriptedImporter) -> (artifact id: 'ae1fbe79be676fc1cbaaa9d287ce6303') in 0.085764361 seconds
Number of updated asset objects reloaded before import = 0Number of asset objects unloaded after import = 9

========================================================================
Received Import Request.
  Time since last request: 0.000010 seconds.
  path: Assets/JC_LP_MegaCity/Prefabs/FloorProps/SM_FloorProps_RoadSign_27.prefab
  artifactKey: Guid(689ae1158c81dfc4698e2412cefd737b) Importer(2089858483,b0f066a214c2f5e87bad3c948f4d605d)
Start importing Assets/JC_LP_MegaCity/Prefabs/FloorProps/SM_FloorProps_RoadSign_27.prefab using Guid(689ae1158c81dfc4698e2412cefd737b) Importer(2089858483,b0f066a214c2f5e87bad3c948f4d605d) (ScriptedImporter) -> (artifact id: '6a741c5a53473d903730f665e2879f84') in 0.005035885 seconds
Number of updated asset objects reloaded before import = 0Number of asset objects unloaded after import = 9

========================================================================
Received Import Request.
  Time since last request: 0.000007 seconds.
  path: Assets/JC_LP_MegaCity/Models/Buildings/SM_Buildings_Skyscraper_01_Door_R.fbx
  artifactKey: Guid(9b5ea6e0bba3f7a41b8ca36a01767f27) Importer(2089858483,b0f066a214c2f5e87bad3c948f4d605d)
Start importing Assets/JC_LP_MegaCity/Models/Buildings/SM_Buildings_Skyscraper_01_Door_R.fbx using Guid(9b5ea6e0bba3f7a41b8ca36a01767f27) Importer(2089858483,b0f066a214c2f5e87bad3c948f4d605d) (ScriptedImporter) -> (artifact id: 'f52ad89c24de2082837e0c1b9cfeaab3') in 0.025695462 seconds
Number of updated asset objects reloaded before import = 0Number of asset objects unloaded after import = 7

========================================================================
Received Import Request.
  Time since last request: 0.935480 seconds.
  path: Assets/JC_LP_MegaCity/Models/BuildingsDecor/SM_BuildingsDecor_25.fbx
  artifactKey: Guid(763865d0896063c4fbc5a915d9dd5bf4) Importer(2089858483,b0f066a214c2f5e87bad3c948f4d605d)
Start importing Assets/JC_LP_MegaCity/Models/BuildingsDecor/SM_BuildingsDecor_25.fbx using Guid(763865d0896063c4fbc5a915d9dd5bf4) Importer(2089858483,b0f066a214c2f5e87bad3c948f4d605d) (ScriptedImporter) -> (artifact id: '6d19bac56272f07beb39d46be508b977') in 0.004906695 seconds
Number of updated asset objects reloaded before import = 0Number of asset objects unloaded after import = 7

========================================================================
Received Import Request.
  Time since last request: 0.000009 seconds.
  path: Assets/JC_LP_MegaCity/Models/FloorProps/SM_FloorProps_Fence_04.fbx
  artifactKey: Guid(2d5e8653153492c479ce0f76fc3b7e7a) Importer(2089858483,b0f066a214c2f5e87bad3c948f4d605d)
Start importing Assets/JC_LP_MegaCity/Models/FloorProps/SM_FloorProps_Fence_04.fbx using Guid(2d5e8653153492c479ce0f76fc3b7e7a) Importer(2089858483,b0f066a214c2f5e87bad3c948f4d605d) (ScriptedImporter) -> (artifact id: 'd11f9fb0fce91bc62ab54bc7fc4ff037') in 0.005615352 seconds
Number of updated asset objects reloaded before import = 0Number of asset objects unloaded after import = 7

========================================================================
Received Import Request.
  Time since last request: 0.000012 seconds.
  path: Assets/JC_LP_MegaCity/Prefabs/BuildingsDecor/SM_BuildingsDecor_54.prefab
  artifactKey: Guid(caf38a03310b4974987805f2a0d77591) Importer(2089858483,b0f066a214c2f5e87bad3c948f4d605d)
Start importing Assets/JC_LP_MegaCity/Prefabs/BuildingsDecor/SM_BuildingsDecor_54.prefab using Guid(caf38a03310b4974987805f2a0d77591) Importer(2089858483,b0f066a214c2f5e87bad3c948f4d605d) (ScriptedImporter) -> (artifact id: 'e2d3c1fb5a9a59e6067eb141b1ff3104') in 0.003917411 seconds
Number of updated asset objects reloaded before import = 0Number of asset objects unloaded after import = 10

========================================================================
Received Import Request.
  Time since last request: 0.000008 seconds.
  path: Assets/JC_LP_MegaCity/Prefabs/Buildings/SM_Buildings_Factory_07.prefab
  artifactKey: Guid(ba0df3e632eae4f4d82e04aba39d0090) Importer(2089858483,b0f066a214c2f5e87bad3c948f4d605d)
Start importing Assets/JC_LP_MegaCity/Prefabs/Buildings/SM_Buildings_Factory_07.prefab using Guid(ba0df3e632eae4f4d82e04aba39d0090) Importer(2089858483,b0f066a214c2f5e87bad3c948f4d605d) (ScriptedImporter) -> (artifact id: '6a594f68f2691d6ce3a7996b90f48ecd') in 0.003438393 seconds
Number of updated asset objects reloaded before import = 0Number of asset objects unloaded after import = 9

========================================================================
Received Import Request.
  Time since last request: 0.000008 seconds.
  path: Assets/JC_LP_MegaCity/Models/Buildings/SM_Buildings_Commercial_20.fbx
  artifactKey: Guid(1e5ad9e4e6b6f2e448dcc3e8d6e0399a) Importer(2089858483,b0f066a214c2f5e87bad3c948f4d605d)
Start importing Assets/JC_LP_MegaCity/Models/Buildings/SM_Buildings_Commercial_20.fbx using Guid(1e5ad9e4e6b6f2e448dcc3e8d6e0399a) Importer(2089858483,b0f066a214c2f5e87bad3c948f4d605d) (ScriptedImporter) -> (artifact id: 'b5afb9fc0938144ef39c0a3e1dfc651c') in 0.006454207 seconds
Number of updated asset objects reloaded before import = 0Number of asset objects unloaded after import = 7

========================================================================
Received Import Request.
  Time since last request: 0.000013 seconds.
  path: Assets/JC_LP_MegaCity/Prefabs/IndustrialProps/SM_IndustrialProps_Wheel_01.prefab
  artifactKey: Guid(17d94c57bd2ddc04da1c6a67af5a0fb5) Importer(2089858483,b0f066a214c2f5e87bad3c948f4d605d)
Start importing Assets/JC_LP_MegaCity/Prefabs/IndustrialProps/SM_IndustrialProps_Wheel_01.prefab using Guid(17d94c57bd2ddc04da1c6a67af5a0fb5) Importer(2089858483,b0f066a214c2f5e87bad3c948f4d605d) (ScriptedImporter) -> (artifact id: '7c67605b4a8662bb28b76fbe654eb368') in 0.005724881 seconds
Number of updated asset objects reloaded before import = 0Number of asset objects unloaded after import = 9

========================================================================
Received Import Request.
  Time since last request: 0.000015 seconds.
  path: Assets/JC_LP_MegaCity/Prefabs/Nature/SM_Nature_BigRock_02.prefab
  artifactKey: Guid(9db0e649bfb9fc64f9552275e2d9d7c8) Importer(2089858483,b0f066a214c2f5e87bad3c948f4d605d)
Start importing Assets/JC_LP_MegaCity/Prefabs/Nature/SM_Nature_BigRock_02.prefab using Guid(9db0e649bfb9fc64f9552275e2d9d7c8) Importer(2089858483,b0f066a214c2f5e87bad3c948f4d605d) (ScriptedImporter) -> (artifact id: 'e624281e13590879d883052ff557d13b') in 0.004052929 seconds
Number of updated asset objects reloaded before import = 0Number of asset objects unloaded after import = 9

========================================================================
Received Import Request.
  Time since last request: 0.000008 seconds.
  path: Assets/JC_LP_MegaCity/Models/Props/SM_Props_Cafe_05.fbx
  artifactKey: Guid(bbb2b146f11054c45a7ba1d543cf44a3) Importer(2089858483,b0f066a214c2f5e87bad3c948f4d605d)
Start importing Assets/JC_LP_MegaCity/Models/Props/SM_Props_Cafe_05.fbx using Guid(bbb2b146f11054c45a7ba1d543cf44a3) Importer(2089858483,b0f066a214c2f5e87bad3c948f4d605d) (ScriptedImporter) -> (artifact id: 'aa671aa4c09e83c1c50991a6d0a89fb5') in 0.005265573 seconds
Number of updated asset objects reloaded before import = 0Number of asset objects unloaded after import = 7

========================================================================
Received Import Request.
  Time since last request: 0.000009 seconds.
  path: Assets/JC_LP_MegaCity/Models/Props/SM_Props_CleaningCart_01.fbx
  artifactKey: Guid(16c5cd79d853c5140b550bd8af867bb0) Importer(2089858483,b0f066a214c2f5e87bad3c948f4d605d)
Start importing Assets/JC_LP_MegaCity/Models/Props/SM_Props_CleaningCart_01.fbx using Guid(16c5cd79d853c5140b550bd8af867bb0) Importer(2089858483,b0f066a214c2f5e87bad3c948f4d605d) (ScriptedImporter) -> (artifact id: '104fa0d9689d68599b37a907dae24c82') in 0.008189339 seconds
Number of updated asset objects reloaded before import = 0Number of asset objects unloaded after import = 7

========================================================================
Received Import Request.
  Time since last request: 0.000009 seconds.
  path: Assets/JC_LP_MegaCity/Models/Props/SM_Props_Pool_03.fbx
  artifactKey: Guid(b0833b585bedbfe4b9ec94f6413eb425) Importer(2089858483,b0f066a214c2f5e87bad3c948f4d605d)
Start importing Assets/JC_LP_MegaCity/Models/Props/SM_Props_Pool_03.fbx using Guid(b0833b585bedbfe4b9ec94f6413eb425) Importer(2089858483,b0f066a214c2f5e87bad3c948f4d605d) (ScriptedImporter) -> (artifact id: 'adb67367d57fbad25990384500603e72') in 0.010686217 seconds
Number of updated asset objects reloaded before import = 0Number of asset objects unloaded after import = 7

========================================================================
Received Import Request.
  Time since last request: 0.000012 seconds.
  path: Assets/JC_LP_MegaCity/Models/BuildingsDecor/SM_BuildingDecor_70.fbx
  artifactKey: Guid(7a1103432265c324a81f319f3096d850) Importer(2089858483,b0f066a214c2f5e87bad3c948f4d605d)
Start importing Assets/JC_LP_MegaCity/Models/BuildingsDecor/SM_BuildingDecor_70.fbx using Guid(7a1103432265c324a81f319f3096d850) Importer(2089858483,b0f066a214c2f5e87bad3c948f4d605d) (ScriptedImporter) -> (artifact id: '1a0ad2e9b6ffe1b8642e369b2344c211') in 0.005493712 seconds
Number of updated asset objects reloaded before import = 0Number of asset objects unloaded after import = 7

========================================================================
Received Import Request.
  Time since last request: 0.000008 seconds.
  path: Assets/JC_LP_MegaCity/Models/Food/SM_Food_Onion_01.fbx
  artifactKey: Guid(5b5ac806e140bb74ea03efc4dd8c1a82) Importer(2089858483,b0f066a214c2f5e87bad3c948f4d605d)
Start importing Assets/JC_LP_MegaCity/Models/Food/SM_Food_Onion_01.fbx using Guid(5b5ac806e140bb74ea03efc4dd8c1a82) Importer(2089858483,b0f066a214c2f5e87bad3c948f4d605d) (ScriptedImporter) -> (artifact id: 'dee3281f536f6856d3af3f26bda79ff5') in 0.004623627 seconds
Number of updated asset objects reloaded before import = 0Number of asset objects unloaded after import = 7

========================================================================
Received Import Request.
  Time since last request: 0.000009 seconds.
  path: Assets/JC_LP_MegaCity/Prefabs/Floor/SM_Floor_Airport_01.prefab
  artifactKey: Guid(3f9e256995f533149addf681452e40b5) Importer(2089858483,b0f066a214c2f5e87bad3c948f4d605d)
Start importing Assets/JC_LP_MegaCity/Prefabs/Floor/SM_Floor_Airport_01.prefab using Guid(3f9e256995f533149addf681452e40b5) Importer(2089858483,b0f066a214c2f5e87bad3c948f4d605d) (ScriptedImporter) -> (artifact id: '4abf27dc8634afe2cba124d49087ca84') in 0.00594061 seconds
Number of updated asset objects reloaded before import = 0Number of asset objects unloaded after import = 9

========================================================================
Received Import Request.
  Time since last request: 0.000010 seconds.
  path: Assets/JC_LP_MegaCity/Prefabs/Buildings/SM_Buildings_Hotel_02.prefab
  artifactKey: Guid(595835e6dad6fe0489d59c6454777783) Importer(2089858483,b0f066a214c2f5e87bad3c948f4d605d)
Start importing Assets/JC_LP_MegaCity/Prefabs/Buildings/SM_Buildings_Hotel_02.prefab using Guid(595835e6dad6fe0489d59c6454777783) Importer(2089858483,b0f066a214c2f5e87bad3c948f4d605d) (ScriptedImporter) -> (artifact id: '83253c4c3edcfafac231db9eae02c08e') in 0.009718901 seconds
Number of updated asset objects reloaded before import = 0Number of asset objects unloaded after import = 55

========================================================================
Received Import Request.
  Time since last request: 0.000008 seconds.
  path: Assets/JC_LP_MegaCity/Models/Buildings/SM_Buildings_Office_10_Door.fbx
  artifactKey: Guid(c446dd5c39a2e6747a54432aaca7b3f1) Importer(2089858483,b0f066a214c2f5e87bad3c948f4d605d)
Start importing Assets/JC_LP_MegaCity/Models/Buildings/SM_Buildings_Office_10_Door.fbx using Guid(c446dd5c39a2e6747a54432aaca7b3f1) Importer(2089858483,b0f066a214c2f5e87bad3c948f4d605d) (ScriptedImporter) -> (artifact id: '0f8944adeb5ea9a6446b15d4b6a620c7') in 0.004906545 seconds
Number of updated asset objects reloaded before import = 0Number of asset objects unloaded after import = 7

========================================================================
Received Import Request.
  Time since last request: 0.000012 seconds.
  path: Assets/JC_LP_MegaCity/Prefabs/Food/SM_Food_CannedFood_04.prefab
  artifactKey: Guid(51c438fd49f7af341b8511393f10c5f1) Importer(2089858483,b0f066a214c2f5e87bad3c948f4d605d)
Start importing Assets/JC_LP_MegaCity/Prefabs/Food/SM_Food_CannedFood_04.prefab using Guid(51c438fd49f7af341b8511393f10c5f1) Importer(2089858483,b0f066a214c2f5e87bad3c948f4d605d) (ScriptedImporter) -> (artifact id: '2a723c935c012f3774e1cd53bc426a59') in 0.003441502 seconds
Number of updated asset objects reloaded before import = 0Number of asset objects unloaded after import = 9

========================================================================
Received Import Request.
  Time since last request: 0.000019 seconds.
  path: Assets/JC_LP_MegaCity/Prefabs/Buildings/SM_Buildings_Basketball_01.prefab
  artifactKey: Guid(1e6ef70c0f0e1da4fb25978755dcd9e6) Importer(2089858483,b0f066a214c2f5e87bad3c948f4d605d)
Start importing Assets/JC_LP_MegaCity/Prefabs/Buildings/SM_Buildings_Basketball_01.prefab using Guid(1e6ef70c0f0e1da4fb25978755dcd9e6) Importer(2089858483,b0f066a214c2f5e87bad3c948f4d605d) (ScriptedImporter) -> (artifact id: 'd4d5aa95cae5f7c3851e0bfea69d685d') in 0.003755141 seconds
Number of updated asset objects reloaded before import = 0Number of asset objects unloaded after import = 9

========================================================================
Received Import Request.
  Time since last request: 0.000007 seconds.
  path: Assets/JC_LP_MegaCity/Prefabs/Floor/SM_Floor_Sand_04.prefab
  artifactKey: Guid(3add7a594edd1a14eaac67cb862bf9c5) Importer(2089858483,b0f066a214c2f5e87bad3c948f4d605d)
Start importing Assets/JC_LP_MegaCity/Prefabs/Floor/SM_Floor_Sand_04.prefab using Guid(3add7a594edd1a14eaac67cb862bf9c5) Importer(2089858483,b0f066a214c2f5e87bad3c948f4d605d) (ScriptedImporter) -> (artifact id: '139b5fff19abbf975470dad6a12eae1a') in 0.005166464 seconds
Number of updated asset objects reloaded before import = 0Number of asset objects unloaded after import = 9

========================================================================
Received Import Request.
  Time since last request: 0.000007 seconds.
  path: Assets/JC_LP_MegaCity/Prefabs/Buildings/SM_Buildings_House_05_V4.prefab
  artifactKey: Guid(774542c6590f19d47bca975444bdfe7a) Importer(2089858483,b0f066a214c2f5e87bad3c948f4d605d)
Start importing Assets/JC_LP_MegaCity/Prefabs/Buildings/SM_Buildings_House_05_V4.prefab using Guid(774542c6590f19d47bca975444bdfe7a) Importer(2089858483,b0f066a214c2f5e87bad3c948f4d605d) (ScriptedImporter) -> (artifact id: '047074f19d47026230a351fc874f5a9a') in 0.008503877 seconds
Number of updated asset objects reloaded before import = 0Number of asset objects unloaded after import = 34

========================================================================
Received Import Request.
  Time since last request: 0.000009 seconds.
  path: Assets/JC_LP_MegaCity/Models/BuildingsDecor/SM_BuildingsDecor_43.fbx
  artifactKey: Guid(252645385df5603448579c512d294aec) Importer(2089858483,b0f066a214c2f5e87bad3c948f4d605d)
Start importing Assets/JC_LP_MegaCity/Models/BuildingsDecor/SM_BuildingsDecor_43.fbx using Guid(252645385df5603448579c512d294aec) Importer(2089858483,b0f066a214c2f5e87bad3c948f4d605d) (ScriptedImporter) -> (artifact id: '1d9f7a043e7292ea1c368fcf7eddbae5') in 0.004344628 seconds
Number of updated asset objects reloaded before import = 0Number of asset objects unloaded after import = 7

========================================================================
Received Import Request.
  Time since last request: 0.000007 seconds.
  path: Assets/JC_LP_MegaCity/Prefabs/Buildings/SM_Buildings_Commercial_07.prefab
  artifactKey: Guid(4af04f817343bd440bd4e2efaf267ce4) Importer(2089858483,b0f066a214c2f5e87bad3c948f4d605d)
Start importing Assets/JC_LP_MegaCity/Prefabs/Buildings/SM_Buildings_Commercial_07.prefab using Guid(4af04f817343bd440bd4e2efaf267ce4) Importer(2089858483,b0f066a214c2f5e87bad3c948f4d605d) (ScriptedImporter) -> (artifact id: '6489a00ac59544003d4584a0a75f64fd') in 0.004482338 seconds
Number of updated asset objects reloaded before import = 0Number of asset objects unloaded after import = 32

========================================================================
Received Import Request.
  Time since last request: 0.000008 seconds.
  path: Assets/JC_LP_MegaCity/Prefabs/Props/SM_Props_Furniture_06.prefab
  artifactKey: Guid(54622e46ccebf994381db60f4acfdeb0) Importer(2089858483,b0f066a214c2f5e87bad3c948f4d605d)
Start importing Assets/JC_LP_MegaCity/Prefabs/Props/SM_Props_Furniture_06.prefab using Guid(54622e46ccebf994381db60f4acfdeb0) Importer(2089858483,b0f066a214c2f5e87bad3c948f4d605d) (ScriptedImporter) -> (artifact id: '8e4c035a014f837080a3f19398c28a72') in 0.003464593 seconds
Number of updated asset objects reloaded before import = 0Number of asset objects unloaded after import = 9

========================================================================
Received Import Request.
  Time since last request: 0.000007 seconds.
  path: Assets/JC_LP_MegaCity/Models/Props/SM_Props_Printer_01.fbx
  artifactKey: Guid(f3642ac22c892c3459e885f20c9756a4) Importer(2089858483,b0f066a214c2f5e87bad3c948f4d605d)
Start importing Assets/JC_LP_MegaCity/Models/Props/SM_Props_Printer_01.fbx using Guid(f3642ac22c892c3459e885f20c9756a4) Importer(2089858483,b0f066a214c2f5e87bad3c948f4d605d) (ScriptedImporter) -> (artifact id: '1dcfe770f74d0b3b8e5f8068f72dfe0e') in 0.005717002 seconds
Number of updated asset objects reloaded before import = 0Number of asset objects unloaded after import = 7

========================================================================
Received Import Request.
  Time since last request: 0.000008 seconds.
  path: Assets/JC_LP_MegaCity/Prefabs/Vehicles/SM_Vehicles_Train_02.prefab
  artifactKey: Guid(4d705e57dbce97546869afd9377c62a4) Importer(2089858483,b0f066a214c2f5e87bad3c948f4d605d)
Start importing Assets/JC_LP_MegaCity/Prefabs/Vehicles/SM_Vehicles_Train_02.prefab using Guid(4d705e57dbce97546869afd9377c62a4) Importer(2089858483,b0f066a214c2f5e87bad3c948f4d605d) (ScriptedImporter) -> (artifact id: '0af96c1825f080f4c9d72ce7cf0278a7') in 0.005321743 seconds
Number of updated asset objects reloaded before import = 0Number of asset objects unloaded after import = 70

========================================================================
Received Import Request.
  Time since last request: 0.000009 seconds.
  path: Assets/JC_LP_MegaCity/Prefabs/Floor/SM_Floor_Road_02.prefab
  artifactKey: Guid(5e4598d451d72f84bbb1ec84ce3f526a) Importer(2089858483,b0f066a214c2f5e87bad3c948f4d605d)
Start importing Assets/JC_LP_MegaCity/Prefabs/Floor/SM_Floor_Road_02.prefab using Guid(5e4598d451d72f84bbb1ec84ce3f526a) Importer(2089858483,b0f066a214c2f5e87bad3c948f4d605d) (ScriptedImporter) -> (artifact id: '67b9483b973b408c5fa9ec233fcd56f9') in 0.00401833 seconds
Number of updated asset objects reloaded before import = 0Number of asset objects unloaded after import = 9

========================================================================
Received Import Request.
  Time since last request: 1.460566 seconds.
  path: Assets/JC_LP_MegaCity/Prefabs/Food/SM_Food_Pan_02.prefab
  artifactKey: Guid(b9fd8b5db96eb234ba8d2fab1fd613db) Importer(2089858483,b0f066a214c2f5e87bad3c948f4d605d)
Start importing Assets/JC_LP_MegaCity/Prefabs/Food/SM_Food_Pan_02.prefab using Guid(b9fd8b5db96eb234ba8d2fab1fd613db) Importer(2089858483,b0f066a214c2f5e87bad3c948f4d605d) (ScriptedImporter) -> (artifact id: 'fdff9fee4b177ac6aaf8fc6d2a3ae2bd') in 0.008880285 seconds
Number of updated asset objects reloaded before import = 0Number of asset objects unloaded after import = 9

========================================================================
Received Import Request.
  Time since last request: 0.000009 seconds.
  path: Assets/JC_LP_MegaCity/Prefabs/Props/SM_Props_Caution_01.prefab
  artifactKey: Guid(b5801bee4c5dfa740ba5948b445b8260) Importer(2089858483,b0f066a214c2f5e87bad3c948f4d605d)
Start importing Assets/JC_LP_MegaCity/Prefabs/Props/SM_Props_Caution_01.prefab using Guid(b5801bee4c5dfa740ba5948b445b8260) Importer(2089858483,b0f066a214c2f5e87bad3c948f4d605d) (ScriptedImporter) -> (artifact id: '8e8043f14a59abea6996c15ff5836d85') in 0.004587117 seconds
Number of updated asset objects reloaded before import = 0Number of asset objects unloaded after import = 9

========================================================================
Received Import Request.
  Time since last request: 0.000009 seconds.
  path: Assets/JC_LP_MegaCity/Models/Props/SM_Props_Gym_04.fbx
  artifactKey: Guid(d21fbac914a4ae449ab71cd79ed03806) Importer(2089858483,b0f066a214c2f5e87bad3c948f4d605d)
Start importing Assets/JC_LP_MegaCity/Models/Props/SM_Props_Gym_04.fbx using Guid(d21fbac914a4ae449ab71cd79ed03806) Importer(2089858483,b0f066a214c2f5e87bad3c948f4d605d) (ScriptedImporter) -> (artifact id: '6079886c019c181b890a76046c208825') in 0.004834896 seconds
Number of updated asset objects reloaded before import = 0Number of asset objects unloaded after import = 7

========================================================================
Received Import Request.
  Time since last request: 0.000010 seconds.
  path: Assets/JC_LP_MegaCity/Prefabs/Buildings/SM_Buildings_House_12_V1.prefab
  artifactKey: Guid(006b1d807a191714caffc86a04984215) Importer(2089858483,b0f066a214c2f5e87bad3c948f4d605d)
Start importing Assets/JC_LP_MegaCity/Prefabs/Buildings/SM_Buildings_House_12_V1.prefab using Guid(006b1d807a191714caffc86a04984215) Importer(2089858483,b0f066a214c2f5e87bad3c948f4d605d) (ScriptedImporter) -> (artifact id: 'c56080acda3a5da9d572272712d6f0f2') in 0.008884665 seconds
Number of updated asset objects reloaded before import = 0Number of asset objects unloaded after import = 22

========================================================================
Received Import Request.
  Time since last request: 0.000008 seconds.
  path: Assets/JC_LP_MegaCity/Prefabs/Buildings/SM_Buildings_Office_10.prefab
  artifactKey: Guid(a35b2e0ef8d29bb4b82660bb3480ae3d) Importer(2089858483,b0f066a214c2f5e87bad3c948f4d605d)
Start importing Assets/JC_LP_MegaCity/Prefabs/Buildings/SM_Buildings_Office_10.prefab using Guid(a35b2e0ef8d29bb4b82660bb3480ae3d) Importer(2089858483,b0f066a214c2f5e87bad3c948f4d605d) (ScriptedImporter) -> (artifact id: 'c50ccb7e0f9ddceb80c3190032c4a835') in 0.006496907 seconds
Number of updated asset objects reloaded before import = 0Number of asset objects unloaded after import = 28

========================================================================
Received Import Request.
  Time since last request: 0.000009 seconds.
  path: Assets/JC_LP_MegaCity/Models/Food/SM_Food_FoodBox_12.fbx
  artifactKey: Guid(9880eff7a64d482459807bcc22ebdeb5) Importer(2089858483,b0f066a214c2f5e87bad3c948f4d605d)
Start importing Assets/JC_LP_MegaCity/Models/Food/SM_Food_FoodBox_12.fbx using Guid(9880eff7a64d482459807bcc22ebdeb5) Importer(2089858483,b0f066a214c2f5e87bad3c948f4d605d) (ScriptedImporter) -> (artifact id: '636ac253784379b4f2ff4d69de6da485') in 0.004520097 seconds
Number of updated asset objects reloaded before import = 0Number of asset objects unloaded after import = 7

========================================================================
Received Import Request.
  Time since last request: 0.000008 seconds.
  path: Assets/JC_LP_MegaCity/Models/Buildings/SM_Buildings_Car_Service.fbx
  artifactKey: Guid(6364e117f7e9e7e44a7fbb6ba62507db) Importer(2089858483,b0f066a214c2f5e87bad3c948f4d605d)
Start importing Assets/JC_LP_MegaCity/Models/Buildings/SM_Buildings_Car_Service.fbx using Guid(6364e117f7e9e7e44a7fbb6ba62507db) Importer(2089858483,b0f066a214c2f5e87bad3c948f4d605d) (ScriptedImporter) -> (artifact id: '6f316bfea18a25417254100aeb562577') in 0.005490983 seconds
Number of updated asset objects reloaded before import = 0Number of asset objects unloaded after import = 7

========================================================================
Received Import Request.
  Time since last request: 0.000014 seconds.
  path: Assets/JC_LP_MegaCity/Prefabs/Vehicles/SM_Vehicles_Plane_01.prefab
  artifactKey: Guid(992fd5488c3ffc041909d35671a0ec53) Importer(2089858483,b0f066a214c2f5e87bad3c948f4d605d)
Start importing Assets/JC_LP_MegaCity/Prefabs/Vehicles/SM_Vehicles_Plane_01.prefab using Guid(992fd5488c3ffc041909d35671a0ec53) Importer(2089858483,b0f066a214c2f5e87bad3c948f4d605d) (ScriptedImporter) -> (artifact id: 'c89dfca8f4532c0eb811522ac146d811') in 0.006789546 seconds
Number of updated asset objects reloaded before import = 0Number of asset objects unloaded after import = 9

========================================================================
Received Import Request.
  Time since last request: 0.000013 seconds.
  path: Assets/JC_LP_MegaCity/Prefabs/Buildings/SM_Buildings_House_15_V2.prefab
  artifactKey: Guid(57582cdf22a382b4facbbedbcc5f7ca9) Importer(2089858483,b0f066a214c2f5e87bad3c948f4d605d)
Start importing Assets/JC_LP_MegaCity/Prefabs/Buildings/SM_Buildings_House_15_V2.prefab using Guid(57582cdf22a382b4facbbedbcc5f7ca9) Importer(2089858483,b0f066a214c2f5e87bad3c948f4d605d) (ScriptedImporter) -> (artifact id: 'efcb91276e9b468110ff3fe8ea953263') in 0.004646907 seconds
Number of updated asset objects reloaded before import = 0Number of asset objects unloaded after import = 22

========================================================================
Received Import Request.
  Time since last request: 0.000007 seconds.
  path: Assets/JC_LP_MegaCity/Prefabs/Floor/SM_Floor_Road_24.prefab
  artifactKey: Guid(09efb6a647488a446917ad13a5ee0dc4) Importer(2089858483,b0f066a214c2f5e87bad3c948f4d605d)
Start importing Assets/JC_LP_MegaCity/Prefabs/Floor/SM_Floor_Road_24.prefab using Guid(09efb6a647488a446917ad13a5ee0dc4) Importer(2089858483,b0f066a214c2f5e87bad3c948f4d605d) (ScriptedImporter) -> (artifact id: 'ac3038b919a6becd1a9ef70d97bf1caf') in 0.003567152 seconds
Number of updated asset objects reloaded before import = 0Number of asset objects unloaded after import = 9

========================================================================
Received Import Request.
  Time since last request: 0.000008 seconds.
  path: Assets/JC_LP_MegaCity/Models/Buildings/SM_Buildings_Office_11_Door_R.fbx
  artifactKey: Guid(10088823a8435f2428e863891a11367e) Importer(2089858483,b0f066a214c2f5e87bad3c948f4d605d)
Start importing Assets/JC_LP_MegaCity/Models/Buildings/SM_Buildings_Office_11_Door_R.fbx using Guid(10088823a8435f2428e863891a11367e) Importer(2089858483,b0f066a214c2f5e87bad3c948f4d605d) (ScriptedImporter) -> (artifact id: '3164b0b1364981302eeafcae0109664c') in 0.004543087 seconds
Number of updated asset objects reloaded before import = 0Number of asset objects unloaded after import = 7

========================================================================
Received Import Request.
  Time since last request: 0.000008 seconds.
  path: Assets/JC_LP_MegaCity/Models/Food/SM_Food_Pie_05.fbx
  artifactKey: Guid(7c6c4cf27b4ae004ea675e1cba163f4b) Importer(2089858483,b0f066a214c2f5e87bad3c948f4d605d)
Start importing Assets/JC_LP_MegaCity/Models/Food/SM_Food_Pie_05.fbx using Guid(7c6c4cf27b4ae004ea675e1cba163f4b) Importer(2089858483,b0f066a214c2f5e87bad3c948f4d605d) (ScriptedImporter) -> (artifact id: '2626039584ee5f70e8065f83ae3259cd') in 0.005828681 seconds
Number of updated asset objects reloaded before import = 0Number of asset objects unloaded after import = 7

========================================================================
Received Import Request.
  Time since last request: 0.000007 seconds.
  path: Assets/JC_LP_MegaCity/Models/FloorProps/SM_FloorProps_BusStation_01.fbx
  artifactKey: Guid(64cf222bc4ed67046bd59067a1cefd13) Importer(2089858483,b0f066a214c2f5e87bad3c948f4d605d)
Start importing Assets/JC_LP_MegaCity/Models/FloorProps/SM_FloorProps_BusStation_01.fbx using Guid(64cf222bc4ed67046bd59067a1cefd13) Importer(2089858483,b0f066a214c2f5e87bad3c948f4d605d) (ScriptedImporter) -> (artifact id: '433686d6c17835171b16d909e338186a') in 0.007515052 seconds
Number of updated asset objects reloaded before import = 0Number of asset objects unloaded after import = 7

========================================================================
Received Import Request.
  Time since last request: 0.000010 seconds.
  path: Assets/JC_LP_MegaCity/Models/BuildingsDecor/SM_BuildingsDecor_35.fbx
  artifactKey: Guid(df096e1a034145844a4c97565d05055a) Importer(2089858483,b0f066a214c2f5e87bad3c948f4d605d)
Start importing Assets/JC_LP_MegaCity/Models/BuildingsDecor/SM_BuildingsDecor_35.fbx using Guid(df096e1a034145844a4c97565d05055a) Importer(2089858483,b0f066a214c2f5e87bad3c948f4d605d) (ScriptedImporter) -> (artifact id: '61965600d7e537c902daaa8c0ace716f') in 0.004720596 seconds
Number of updated asset objects reloaded before import = 0Number of asset objects unloaded after import = 7

========================================================================
Received Import Request.
  Time since last request: 0.000010 seconds.
  path: Assets/JC_LP_MegaCity/Prefabs/Food/SM_Food_Garlic_01.prefab
  artifactKey: Guid(599d08104b40c8e4bb6f3ec74287b05c) Importer(2089858483,b0f066a214c2f5e87bad3c948f4d605d)
Start importing Assets/JC_LP_MegaCity/Prefabs/Food/SM_Food_Garlic_01.prefab using Guid(599d08104b40c8e4bb6f3ec74287b05c) Importer(2089858483,b0f066a214c2f5e87bad3c948f4d605d) (ScriptedImporter) -> (artifact id: '1223263a5bd23b604354379f9e6ece67') in 0.004554467 seconds
Number of updated asset objects reloaded before import = 0Number of asset objects unloaded after import = 9

========================================================================
Received Import Request.
  Time since last request: 0.000008 seconds.
  path: Assets/JC_LP_MegaCity/Prefabs/Floor/SM_Floor_Tile_08.prefab
  artifactKey: Guid(d67f049bbf9951a47ac085d56895e1a6) Importer(2089858483,b0f066a214c2f5e87bad3c948f4d605d)
Start importing Assets/JC_LP_MegaCity/Prefabs/Floor/SM_Floor_Tile_08.prefab using Guid(d67f049bbf9951a47ac085d56895e1a6) Importer(2089858483,b0f066a214c2f5e87bad3c948f4d605d) (ScriptedImporter) -> (artifact id: '235b8e246d9f55b8cdc57ba62d2c8109') in 0.004189069 seconds
Number of updated asset objects reloaded before import = 0Number of asset objects unloaded after import = 9

========================================================================
Received Import Request.
  Time since last request: 0.000009 seconds.
  path: Assets/JC_LP_MegaCity/Models/Props/SM_Props_Ads_03.fbx
  artifactKey: Guid(b91bb9378cbcb20449b63c5b7ea011b7) Importer(2089858483,b0f066a214c2f5e87bad3c948f4d605d)
Start importing Assets/JC_LP_MegaCity/Models/Props/SM_Props_Ads_03.fbx using Guid(b91bb9378cbcb20449b63c5b7ea011b7) Importer(2089858483,b0f066a214c2f5e87bad3c948f4d605d) (ScriptedImporter) -> (artifact id: '91b58f429fd57dbf10a09356714cdd25') in 0.006205819 seconds
Number of updated asset objects reloaded before import = 0Number of asset objects unloaded after import = 7

========================================================================
Received Import Request.
  Time since last request: 0.000009 seconds.
  path: Assets/JC_LP_MegaCity/Prefabs/Buildings/SM_Buildings_House_09_V1.prefab
  artifactKey: Guid(6a506dfadf1efa24b9444bf655d4ea2d) Importer(2089858483,b0f066a214c2f5e87bad3c948f4d605d)
Start importing Assets/JC_LP_MegaCity/Prefabs/Buildings/SM_Buildings_House_09_V1.prefab using Guid(6a506dfadf1efa24b9444bf655d4ea2d) Importer(2089858483,b0f066a214c2f5e87bad3c948f4d605d) (ScriptedImporter) -> (artifact id: '9da13f01c44715d60a0b653902c37d5d') in 0.006156729 seconds
Number of updated asset objects reloaded before import = 0Number of asset objects unloaded after import = 16

========================================================================
Received Import Request.
  Time since last request: 0.000011 seconds.
  path: Assets/JC_LP_MegaCity/Models/IndustrialProps/SM_IndustrialProps_Barrel_01.fbx
  artifactKey: Guid(14fa08047bc2f0547b5603dbd797567a) Importer(2089858483,b0f066a214c2f5e87bad3c948f4d605d)
Start importing Assets/JC_LP_MegaCity/Models/IndustrialProps/SM_IndustrialProps_Barrel_01.fbx using Guid(14fa08047bc2f0547b5603dbd797567a) Importer(2089858483,b0f066a214c2f5e87bad3c948f4d605d) (ScriptedImporter) -> (artifact id: '5b8ed32f4e20cc7b872289390b5ec1b8') in 0.004616457 seconds
Number of updated asset objects reloaded before import = 0Number of asset objects unloaded after import = 7

========================================================================
Received Import Request.
  Time since last request: 0.000017 seconds.
  path: Assets/JC_LP_MegaCity/Models/Buildings/SM_Buildings_House_07_V4.fbx
  artifactKey: Guid(1987504c57a63ce419e1760ea7ce344b) Importer(2089858483,b0f066a214c2f5e87bad3c948f4d605d)
Start importing Assets/JC_LP_MegaCity/Models/Buildings/SM_Buildings_House_07_V4.fbx using Guid(1987504c57a63ce419e1760ea7ce344b) Importer(2089858483,b0f066a214c2f5e87bad3c948f4d605d) (ScriptedImporter) -> (artifact id: 'fac69dcc0f7225c2be9b7135ab83db21') in 0.011048145 seconds
Number of updated asset objects reloaded before import = 0Number of asset objects unloaded after import = 7

========================================================================
Received Import Request.
  Time since last request: 0.000009 seconds.
  path: Assets/JC_LP_MegaCity/Prefabs/Props/SM_Props_VendingMachine_01.prefab
  artifactKey: Guid(c99aa90c45d95a745902b788292da1a5) Importer(2089858483,b0f066a214c2f5e87bad3c948f4d605d)
Start importing Assets/JC_LP_MegaCity/Prefabs/Props/SM_Props_VendingMachine_01.prefab using Guid(c99aa90c45d95a745902b788292da1a5) Importer(2089858483,b0f066a214c2f5e87bad3c948f4d605d) (ScriptedImporter) -> (artifact id: '4bd7163884825a33c8847fda17d422a2') in 0.003574992 seconds
Number of updated asset objects reloaded before import = 0Number of asset objects unloaded after import = 10

========================================================================
Received Import Request.
  Time since last request: 0.000008 seconds.
  path: Assets/JC_LP_MegaCity/Textures/T_MegaCity_Cloud_02.png
  artifactKey: Guid(ce3279ee297d42f4bb92b1ac8fb1f687) Importer(2089858483,b0f066a214c2f5e87bad3c948f4d605d)
Start importing Assets/JC_LP_MegaCity/Textures/T_MegaCity_Cloud_02.png using Guid(ce3279ee297d42f4bb92b1ac8fb1f687) Importer(2089858483,b0f066a214c2f5e87bad3c948f4d605d) (ScriptedImporter) -> (artifact id: '4e6588828d65cf1eafcfbfcf7d52e4ca') in 0.040919166 seconds
Number of updated asset objects reloaded before import = 0Number of asset objects unloaded after import = 1

========================================================================
Received Import Request.
  Time since last request: 0.000013 seconds.
  path: Assets/JC_LP_MegaCity/Models/Food/SM_Food_CannedFood_08.fbx
  artifactKey: Guid(04dd37c366d101144a021a0b3de6d7fb) Importer(2089858483,b0f066a214c2f5e87bad3c948f4d605d)
Start importing Assets/JC_LP_MegaCity/Models/Food/SM_Food_CannedFood_08.fbx using Guid(04dd37c366d101144a021a0b3de6d7fb) Importer(2089858483,b0f066a214c2f5e87bad3c948f4d605d) (ScriptedImporter) -> (artifact id: 'fed7686cf096d5b72ca7f5325db96d85') in 0.004809166 seconds
Number of updated asset objects reloaded before import = 0Number of asset objects unloaded after import = 7

========================================================================
Received Import Request.
  Time since last request: 0.000007 seconds.
  path: Assets/JC_LP_MegaCity/Models/Props/SM_Props_Park_01.fbx
  artifactKey: Guid(511960f09e5abd24396fdd7e3efcb7f5) Importer(2089858483,b0f066a214c2f5e87bad3c948f4d605d)
Start importing Assets/JC_LP_MegaCity/Models/Props/SM_Props_Park_01.fbx using Guid(511960f09e5abd24396fdd7e3efcb7f5) Importer(2089858483,b0f066a214c2f5e87bad3c948f4d605d) (ScriptedImporter) -> (artifact id: 'e3b7c9c68f88146779b5094539af5953') in 0.004691326 seconds
Number of updated asset objects reloaded before import = 0Number of asset objects unloaded after import = 7

========================================================================
Received Import Request.
  Time since last request: 1.430913 seconds.
  path: Assets/JC_LP_MegaCity/Models/FloorProps/SM_FloorProps_RoadSign_17.fbx
  artifactKey: Guid(5b942fafc96ba334ea9cb6213f2381c9) Importer(2089858483,b0f066a214c2f5e87bad3c948f4d605d)
Start importing Assets/JC_LP_MegaCity/Models/FloorProps/SM_FloorProps_RoadSign_17.fbx using Guid(5b942fafc96ba334ea9cb6213f2381c9) Importer(2089858483,b0f066a214c2f5e87bad3c948f4d605d) (ScriptedImporter) -> (artifact id: 'e33b280aea2ab9b562714a244ea46c40') in 0.011325933 seconds
Number of updated asset objects reloaded before import = 0Number of asset objects unloaded after import = 7

========================================================================
Received Import Request.
  Time since last request: 0.000010 seconds.
  path: Assets/JC_LP_MegaCity/Prefabs/Buildings/SM_Buildings_Commercial_19.prefab
  artifactKey: Guid(8f7e096edd9cf7a409c0b8f1bba37cf9) Importer(2089858483,b0f066a214c2f5e87bad3c948f4d605d)
Start importing Assets/JC_LP_MegaCity/Prefabs/Buildings/SM_Buildings_Commercial_19.prefab using Guid(8f7e096edd9cf7a409c0b8f1bba37cf9) Importer(2089858483,b0f066a214c2f5e87bad3c948f4d605d) (ScriptedImporter) -> (artifact id: '13036be5713149431d99db17770e0ca0') in 0.006076799 seconds
Number of updated asset objects reloaded before import = 0Number of asset objects unloaded after import = 23

========================================================================
Received Import Request.
  Time since last request: 0.000013 seconds.
  path: Assets/JC_LP_MegaCity/Models/Buildings/SM_Buildings_Factory_05.fbx
  artifactKey: Guid(c8d78cc6cd4e53e439d184bee7f13911) Importer(2089858483,b0f066a214c2f5e87bad3c948f4d605d)
Start importing Assets/JC_LP_MegaCity/Models/Buildings/SM_Buildings_Factory_05.fbx using Guid(c8d78cc6cd4e53e439d184bee7f13911) Importer(2089858483,b0f066a214c2f5e87bad3c948f4d605d) (ScriptedImporter) -> (artifact id: '2c7c7ed7fb86cd089c10829d8e6932c1') in 0.004383928 seconds
Number of updated asset objects reloaded before import = 0Number of asset objects unloaded after import = 7

========================================================================
Received Import Request.
  Time since last request: 0.000009 seconds.
  path: Assets/JC_LP_MegaCity/Prefabs/Buildings/SM_Buildings_University_01.prefab
  artifactKey: Guid(00989c20edf63a248af9b0f33395a5d5) Importer(2089858483,b0f066a214c2f5e87bad3c948f4d605d)
Start importing Assets/JC_LP_MegaCity/Prefabs/Buildings/SM_Buildings_University_01.prefab using Guid(00989c20edf63a248af9b0f33395a5d5) Importer(2089858483,b0f066a214c2f5e87bad3c948f4d605d) (ScriptedImporter) -> (artifact id: '2b238b866b896b998a3af86ff8739d3c') in 0.006195389 seconds
Number of updated asset objects reloaded before import = 0Number of asset objects unloaded after import = 44

========================================================================
Received Import Request.
  Time since last request: 0.000007 seconds.
  path: Assets/JC_LP_MegaCity/Prefabs/FloorProps/SM_FloorProps_Fence_05.prefab
  artifactKey: Guid(7e3c972a7d9e24f42b0bd0e65ee881af) Importer(2089858483,b0f066a214c2f5e87bad3c948f4d605d)
Start importing Assets/JC_LP_MegaCity/Prefabs/FloorProps/SM_FloorProps_Fence_05.prefab using Guid(7e3c972a7d9e24f42b0bd0e65ee881af) Importer(2089858483,b0f066a214c2f5e87bad3c948f4d605d) (ScriptedImporter) -> (artifact id: 'f4e94ec4278a7003ae43b60c3bf26fb9') in 0.003483552 seconds
Number of updated asset objects reloaded before import = 0Number of asset objects unloaded after import = 9

========================================================================
Received Import Request.
  Time since last request: 0.000009 seconds.
  path: Assets/JC_LP_MegaCity/Models/IndustrialProps/SM_IndustrialProps_Light_01.fbx
  artifactKey: Guid(0ccd667eb5574ea4dba444d0dfccf40c) Importer(2089858483,b0f066a214c2f5e87bad3c948f4d605d)
Start importing Assets/JC_LP_MegaCity/Models/IndustrialProps/SM_IndustrialProps_Light_01.fbx using Guid(0ccd667eb5574ea4dba444d0dfccf40c) Importer(2089858483,b0f066a214c2f5e87bad3c948f4d605d) (ScriptedImporter) -> (artifact id: '230a07a7aea9be3ff3a3af404366d0d5') in 0.005811471 seconds
Number of updated asset objects reloaded before import = 0Number of asset objects unloaded after import = 7

========================================================================
Received Import Request.
  Time since last request: 0.000008 seconds.
  path: Assets/JC_LP_MegaCity/Models/Props/SM_Props_Cafe_12.fbx
  artifactKey: Guid(307b898733e21f74a81123c30ac1eee7) Importer(2089858483,b0f066a214c2f5e87bad3c948f4d605d)
Start importing Assets/JC_LP_MegaCity/Models/Props/SM_Props_Cafe_12.fbx using Guid(307b898733e21f74a81123c30ac1eee7) Importer(2089858483,b0f066a214c2f5e87bad3c948f4d605d) (ScriptedImporter) -> (artifact id: '8ed342700095d1fed096d827cec3dde7') in 0.004288369 seconds
Number of updated asset objects reloaded before import = 0Number of asset objects unloaded after import = 7

========================================================================
Received Import Request.
  Time since last request: 0.000010 seconds.
  path: Assets/JC_LP_MegaCity/Models/IndustrialProps/SM_IndustrialProps_Wheel_01.fbx
  artifactKey: Guid(042a7228a90a1984699b7024ff6a8888) Importer(2089858483,b0f066a214c2f5e87bad3c948f4d605d)
Start importing Assets/JC_LP_MegaCity/Models/IndustrialProps/SM_IndustrialProps_Wheel_01.fbx using Guid(042a7228a90a1984699b7024ff6a8888) Importer(2089858483,b0f066a214c2f5e87bad3c948f4d605d) (ScriptedImporter) -> (artifact id: '3bb50b9825d22acb8e5b847bc47575a5') in 0.004258308 seconds
Number of updated asset objects reloaded before import = 0Number of asset objects unloaded after import = 7

========================================================================
Received Import Request.
  Time since last request: 0.000008 seconds.
  path: Assets/JC_LP_MegaCity/Models/Buildings/SM_Buildings_Commercial_Door_01_L.fbx
  artifactKey: Guid(3b2ac8816da18534bb04bbad5eb6c202) Importer(2089858483,b0f066a214c2f5e87bad3c948f4d605d)
Start importing Assets/JC_LP_MegaCity/Models/Buildings/SM_Buildings_Commercial_Door_01_L.fbx using Guid(3b2ac8816da18534bb04bbad5eb6c202) Importer(2089858483,b0f066a214c2f5e87bad3c948f4d605d) (ScriptedImporter) -> (artifact id: 'f989c036d5a2387aac6ff2fce2e2f732') in 0.004397268 seconds
Number of updated asset objects reloaded before import = 0Number of asset objects unloaded after import = 7

========================================================================
Received Import Request.
  Time since last request: 0.000008 seconds.
  path: Assets/JC_LP_MegaCity/Prefabs/FloorProps/SM_FloorProps_RoadSign_17.prefab
  artifactKey: Guid(58fe05bc0297d9545899fd343ed0ebb5) Importer(2089858483,b0f066a214c2f5e87bad3c948f4d605d)
Start importing Assets/JC_LP_MegaCity/Prefabs/FloorProps/SM_FloorProps_RoadSign_17.prefab using Guid(58fe05bc0297d9545899fd343ed0ebb5) Importer(2089858483,b0f066a214c2f5e87bad3c948f4d605d) (ScriptedImporter) -> (artifact id: '8403bfa4eab6fc7e322e875d3d967eee') in 0.004540027 seconds
Number of updated asset objects reloaded before import = 0Number of asset objects unloaded after import = 9

========================================================================
Received Import Request.
  Time since last request: 0.000009 seconds.
  path: Assets/JC_LP_MegaCity/Models/Props/SM_Props_PC_04.fbx
  artifactKey: Guid(f4ea9436b7ee7db44ace9fd9f4356de0) Importer(2089858483,b0f066a214c2f5e87bad3c948f4d605d)
Start importing Assets/JC_LP_MegaCity/Models/Props/SM_Props_PC_04.fbx using Guid(f4ea9436b7ee7db44ace9fd9f4356de0) Importer(2089858483,b0f066a214c2f5e87bad3c948f4d605d) (ScriptedImporter) -> (artifact id: '4481be00ff0e20fd84c499dc7cf94a4d') in 0.004736957 seconds
Number of updated asset objects reloaded before import = 0Number of asset objects unloaded after import = 7

========================================================================
Received Import Request.
  Time since last request: 0.000008 seconds.
  path: Assets/JC_LP_MegaCity/Prefabs/FloorProps/SM_FloorProps_RoadSign_10.prefab
  artifactKey: Guid(80d325e7153643b40b91e9a581591fdc) Importer(2089858483,b0f066a214c2f5e87bad3c948f4d605d)
Start importing Assets/JC_LP_MegaCity/Prefabs/FloorProps/SM_FloorProps_RoadSign_10.prefab using Guid(80d325e7153643b40b91e9a581591fdc) Importer(2089858483,b0f066a214c2f5e87bad3c948f4d605d) (ScriptedImporter) -> (artifact id: 'ecbe76891687fb42493c58284cbfbeca') in 0.003542772 seconds
Number of updated asset objects reloaded before import = 0Number of asset objects unloaded after import = 9

========================================================================
Received Import Request.
  Time since last request: 0.000011 seconds.
  path: Assets/JC_LP_MegaCity/Models/Buildings/SM_Buildings_Office_08_Door_R.fbx
  artifactKey: Guid(af9bcc51d131a824194d5236353f71e9) Importer(2089858483,b0f066a214c2f5e87bad3c948f4d605d)
Start importing Assets/JC_LP_MegaCity/Models/Buildings/SM_Buildings_Office_08_Door_R.fbx using Guid(af9bcc51d131a824194d5236353f71e9) Importer(2089858483,b0f066a214c2f5e87bad3c948f4d605d) (ScriptedImporter) -> (artifact id: 'a2705c3c2ff198cf8b0bf16cc3cd31fa') in 0.004440838 seconds
Number of updated asset objects reloaded before import = 0Number of asset objects unloaded after import = 7

========================================================================
Received Import Request.
  Time since last request: 0.000018 seconds.
  path: Assets/JC_LP_MegaCity/Models/Props/SM_Props_Cafe_01.fbx
  artifactKey: Guid(a38d1b7bff3908b478600deb9019b5e5) Importer(2089858483,b0f066a214c2f5e87bad3c948f4d605d)
Start importing Assets/JC_LP_MegaCity/Models/Props/SM_Props_Cafe_01.fbx using Guid(a38d1b7bff3908b478600deb9019b5e5) Importer(2089858483,b0f066a214c2f5e87bad3c948f4d605d) (ScriptedImporter) -> (artifact id: '27d152efc027c70d30bd11b7e1bcd457') in 0.005340113 seconds
Number of updated asset objects reloaded before import = 0Number of asset objects unloaded after import = 7

========================================================================
Received Import Request.
  Time since last request: 0.000009 seconds.
  path: Assets/JC_LP_MegaCity/Prefabs/BuildingsDecor/SM_BuildingsDecor_18.prefab
  artifactKey: Guid(1e232b33b37229d488d9375b77729075) Importer(2089858483,b0f066a214c2f5e87bad3c948f4d605d)
Start importing Assets/JC_LP_MegaCity/Prefabs/BuildingsDecor/SM_BuildingsDecor_18.prefab using Guid(1e232b33b37229d488d9375b77729075) Importer(2089858483,b0f066a214c2f5e87bad3c948f4d605d) (ScriptedImporter) -> (artifact id: '9869ae84c8e9ec553f626e769d4cb956') in 0.005065354 seconds
Number of updated asset objects reloaded before import = 0Number of asset objects unloaded after import = 10

========================================================================
Received Import Request.
  Time since last request: 0.000013 seconds.
  path: Assets/JC_LP_MegaCity/Prefabs/Props/SM_Props_Playground_02.prefab
  artifactKey: Guid(4d0e095c622e29e47981820cb6af205a) Importer(2089858483,b0f066a214c2f5e87bad3c948f4d605d)
Start importing Assets/JC_LP_MegaCity/Prefabs/Props/SM_Props_Playground_02.prefab using Guid(4d0e095c622e29e47981820cb6af205a) Importer(2089858483,b0f066a214c2f5e87bad3c948f4d605d) (ScriptedImporter) -> (artifact id: '39e2b5321a574ef996f08b2f0fab3113') in 0.003639142 seconds
Number of updated asset objects reloaded before import = 0Number of asset objects unloaded after import = 9

========================================================================
Received Import Request.
  Time since last request: 0.000008 seconds.
  path: Assets/JC_LP_MegaCity/Prefabs/Props/SM_Props_Cafe_14.prefab
  artifactKey: Guid(37cbb6ad4dcc48246ac2e2c536047c00) Importer(2089858483,b0f066a214c2f5e87bad3c948f4d605d)
Start importing Assets/JC_LP_MegaCity/Prefabs/Props/SM_Props_Cafe_14.prefab using Guid(37cbb6ad4dcc48246ac2e2c536047c00) Importer(2089858483,b0f066a214c2f5e87bad3c948f4d605d) (ScriptedImporter) -> (artifact id: '230b4d3fe7d64b2ce6810a0831f37d40') in 0.003508762 seconds
Number of updated asset objects reloaded before import = 0Number of asset objects unloaded after import = 9

========================================================================
Received Import Request.
  Time since last request: 0.000007 seconds.
  path: Assets/JC_LP_MegaCity/Models/Buildings/SM_Buildings_Hospital_01_Door_1_L.fbx
  artifactKey: Guid(8032ccbdf1997dd40b53d45548ab0b6c) Importer(2089858483,b0f066a214c2f5e87bad3c948f4d605d)
Start importing Assets/JC_LP_MegaCity/Models/Buildings/SM_Buildings_Hospital_01_Door_1_L.fbx using Guid(8032ccbdf1997dd40b53d45548ab0b6c) Importer(2089858483,b0f066a214c2f5e87bad3c948f4d605d) (ScriptedImporter) -> (artifact id: 'fa90a68e23e3b10622332d7c4084fa5b') in 0.004347468 seconds
Number of updated asset objects reloaded before import = 0Number of asset objects unloaded after import = 7

========================================================================
Received Import Request.
  Time since last request: 0.000007 seconds.
  path: Assets/JC_LP_MegaCity/Models/Buildings/SM_Buildings_Railway_01.fbx
  artifactKey: Guid(c403e1ceebb2d8f4a8d564d4a01b20b7) Importer(2089858483,b0f066a214c2f5e87bad3c948f4d605d)
Start importing Assets/JC_LP_MegaCity/Models/Buildings/SM_Buildings_Railway_01.fbx using Guid(c403e1ceebb2d8f4a8d564d4a01b20b7) Importer(2089858483,b0f066a214c2f5e87bad3c948f4d605d) (ScriptedImporter) -> (artifact id: 'b95ebdab38f5756cc6aadaab456fc7d5') in 0.008731626 seconds
Number of updated asset objects reloaded before import = 0Number of asset objects unloaded after import = 7

========================================================================
Received Import Request.
  Time since last request: 0.000007 seconds.
  path: Assets/JC_LP_MegaCity/Models/Props/SM_Props_Cafe_04.fbx
  artifactKey: Guid(6a44a6e8e7ce55e40930e93affb314f9) Importer(2089858483,b0f066a214c2f5e87bad3c948f4d605d)
Start importing Assets/JC_LP_MegaCity/Models/Props/SM_Props_Cafe_04.fbx using Guid(6a44a6e8e7ce55e40930e93affb314f9) Importer(2089858483,b0f066a214c2f5e87bad3c948f4d605d) (ScriptedImporter) -> (artifact id: '5e2c54cdf6010210b011e2a7aa8e75d7') in 0.004261419 seconds
Number of updated asset objects reloaded before import = 0Number of asset objects unloaded after import = 7

========================================================================
Received Import Request.
  Time since last request: 0.000008 seconds.
  path: Assets/JC_LP_MegaCity/Prefabs/Vehicles/SM_Vehicles_14_V1.prefab
  artifactKey: Guid(231a7513b481cb947b43d04e5bbd72bc) Importer(2089858483,b0f066a214c2f5e87bad3c948f4d605d)
Start importing Assets/JC_LP_MegaCity/Prefabs/Vehicles/SM_Vehicles_14_V1.prefab using Guid(231a7513b481cb947b43d04e5bbd72bc) Importer(2089858483,b0f066a214c2f5e87bad3c948f4d605d) (ScriptedImporter) -> (artifact id: 'd661dd28eb957aee66327dbfe16d33f3') in 0.002378618 seconds
Number of updated asset objects reloaded before import = 0Number of asset objects unloaded after import = 34

========================================================================
Received Import Request.
  Time since last request: 0.000008 seconds.
  path: Assets/JC_LP_MegaCity/Prefabs/Floor/SM_Floor_Road_14_S.prefab
  artifactKey: Guid(e435cfd533e91404c9cf16f64dc62988) Importer(2089858483,b0f066a214c2f5e87bad3c948f4d605d)
Start importing Assets/JC_LP_MegaCity/Prefabs/Floor/SM_Floor_Road_14_S.prefab using Guid(e435cfd533e91404c9cf16f64dc62988) Importer(2089858483,b0f066a214c2f5e87bad3c948f4d605d) (ScriptedImporter) -> (artifact id: '74383db5ebd72643b499e8aecbcc3dad') in 0.003631162 seconds
Number of updated asset objects reloaded before import = 0Number of asset objects unloaded after import = 9

========================================================================
Received Import Request.
  Time since last request: 0.000008 seconds.
  path: Assets/JC_LP_MegaCity/Models/Food/SM_Food_Banana_01.fbx
  artifactKey: Guid(5a97ffe2a6ed5ad408bed56176bc7e44) Importer(2089858483,b0f066a214c2f5e87bad3c948f4d605d)
Start importing Assets/JC_LP_MegaCity/Models/Food/SM_Food_Banana_01.fbx using Guid(5a97ffe2a6ed5ad408bed56176bc7e44) Importer(2089858483,b0f066a214c2f5e87bad3c948f4d605d) (ScriptedImporter) -> (artifact id: '6feed7bd9e28d20b0b23a2ae5a44be4d') in 0.004266698 seconds
Number of updated asset objects reloaded before import = 0Number of asset objects unloaded after import = 7

========================================================================
Received Import Request.
  Time since last request: 0.000011 seconds.
  path: Assets/JC_LP_MegaCity/Prefabs/Floor/SM_Floor_Sand_01.prefab
  artifactKey: Guid(2b6bac70e3a784d4191b461279d89e83) Importer(2089858483,b0f066a214c2f5e87bad3c948f4d605d)
Start importing Assets/JC_LP_MegaCity/Prefabs/Floor/SM_Floor_Sand_01.prefab using Guid(2b6bac70e3a784d4191b461279d89e83) Importer(2089858483,b0f066a214c2f5e87bad3c948f4d605d) (ScriptedImporter) -> (artifact id: '646f1a2b66293a88590da9c7e083da8c') in 0.003560142 seconds
Number of updated asset objects reloaded before import = 0Number of asset objects unloaded after import = 9

========================================================================
Received Import Request.
  Time since last request: 0.000014 seconds.
  path: Assets/JC_LP_MegaCity/Prefabs/Buildings/SM_Buildings_House_13_V2.prefab
  artifactKey: Guid(7c82eb61083e1b24fb627cda793a6361) Importer(2089858483,b0f066a214c2f5e87bad3c948f4d605d)
Start importing Assets/JC_LP_MegaCity/Prefabs/Buildings/SM_Buildings_House_13_V2.prefab using Guid(7c82eb61083e1b24fb627cda793a6361) Importer(2089858483,b0f066a214c2f5e87bad3c948f4d605d) (ScriptedImporter) -> (artifact id: '0384291958e4705bb6cef1d4311c3a96') in 0.005669402 seconds
Number of updated asset objects reloaded before import = 0Number of asset objects unloaded after import = 16

========================================================================
Received Import Request.
  Time since last request: 0.000008 seconds.
  path: Assets/JC_LP_MegaCity/Prefabs/Buildings/SM_Buildings_Commercial_09.prefab
  artifactKey: Guid(02c9c8c2075f7a54ab1ed3f52c74630e) Importer(2089858483,b0f066a214c2f5e87bad3c948f4d605d)
Start importing Assets/JC_LP_MegaCity/Prefabs/Buildings/SM_Buildings_Commercial_09.prefab using Guid(02c9c8c2075f7a54ab1ed3f52c74630e) Importer(2089858483,b0f066a214c2f5e87bad3c948f4d605d) (ScriptedImporter) -> (artifact id: '756afac827f3bc8149f8378237a3594f') in 0.004212239 seconds
Number of updated asset objects reloaded before import = 0Number of asset objects unloaded after import = 22

========================================================================
Received Import Request.
  Time since last request: 0.000010 seconds.
  path: Assets/JC_LP_MegaCity/Prefabs/Vehicles/SM_Vehicles_08_V2.prefab
  artifactKey: Guid(3ca053f0cd8a94f4fb615bd5d8f2ba1b) Importer(2089858483,b0f066a214c2f5e87bad3c948f4d605d)
Start importing Assets/JC_LP_MegaCity/Prefabs/Vehicles/SM_Vehicles_08_V2.prefab using Guid(3ca053f0cd8a94f4fb615bd5d8f2ba1b) Importer(2089858483,b0f066a214c2f5e87bad3c948f4d605d) (ScriptedImporter) -> (artifact id: 'c0e078e1e06cde8ef239102e897380fe') in 0.002717937 seconds
Number of updated asset objects reloaded before import = 0Number of asset objects unloaded after import = 34

========================================================================
Received Import Request.
  Time since last request: 0.000009 seconds.
  path: Assets/JC_LP_MegaCity/Prefabs/Props/SM_Props_PingPong_01_2.prefab
  artifactKey: Guid(d680bdd1f6d33ce4aa8dc96aa518cfa4) Importer(2089858483,b0f066a214c2f5e87bad3c948f4d605d)
Start importing Assets/JC_LP_MegaCity/Prefabs/Props/SM_Props_PingPong_01_2.prefab using Guid(d680bdd1f6d33ce4aa8dc96aa518cfa4) Importer(2089858483,b0f066a214c2f5e87bad3c948f4d605d) (ScriptedImporter) -> (artifact id: 'bba153863d7f3b097456ebc6705029aa') in 0.003533042 seconds
Number of updated asset objects reloaded before import = 0Number of asset objects unloaded after import = 9

========================================================================
Received Import Request.
  Time since last request: 0.000008 seconds.
  path: Assets/JC_LP_MegaCity/Prefabs/Props/SM_Props_TV_03.prefab
  artifactKey: Guid(16dda1f0726e5924495362dad61e4a0e) Importer(2089858483,b0f066a214c2f5e87bad3c948f4d605d)
Start importing Assets/JC_LP_MegaCity/Prefabs/Props/SM_Props_TV_03.prefab using Guid(16dda1f0726e5924495362dad61e4a0e) Importer(2089858483,b0f066a214c2f5e87bad3c948f4d605d) (ScriptedImporter) -> (artifact id: '38c06334213ed931eb78497edc923cf4') in 0.003635332 seconds
Number of updated asset objects reloaded before import = 0Number of asset objects unloaded after import = 9

========================================================================
Received Import Request.
  Time since last request: 0.000009 seconds.
  path: Assets/JC_LP_MegaCity/Prefabs/FloorProps/SM_FloorProps_RoadSign_22.prefab
  artifactKey: Guid(bb29a8fdc01338b499fc7d0b79a64469) Importer(2089858483,b0f066a214c2f5e87bad3c948f4d605d)
Start importing Assets/JC_LP_MegaCity/Prefabs/FloorProps/SM_FloorProps_RoadSign_22.prefab using Guid(bb29a8fdc01338b499fc7d0b79a64469) Importer(2089858483,b0f066a214c2f5e87bad3c948f4d605d) (ScriptedImporter) -> (artifact id: '5d28532ac714d7da97387681ea3c3f45') in 0.004206489 seconds
Number of updated asset objects reloaded before import = 0Number of asset objects unloaded after import = 9

========================================================================
Received Import Request.
  Time since last request: 0.000011 seconds.
  path: Assets/JC_LP_MegaCity/Prefabs/Floor/SM_Floor_Road_04.prefab
  artifactKey: Guid(72163fad48f2a5346831bdbe4b343903) Importer(2089858483,b0f066a214c2f5e87bad3c948f4d605d)
Start importing Assets/JC_LP_MegaCity/Prefabs/Floor/SM_Floor_Road_04.prefab using Guid(72163fad48f2a5346831bdbe4b343903) Importer(2089858483,b0f066a214c2f5e87bad3c948f4d605d) (ScriptedImporter) -> (artifact id: 'bb2ca17f42f1d63d7195e153c9e1a765') in 0.004314439 seconds
Number of updated asset objects reloaded before import = 0Number of asset objects unloaded after import = 9

========================================================================
Received Import Request.
  Time since last request: 0.000008 seconds.
  path: Assets/JC_LP_MegaCity/Prefabs/Vehicles/SM_Vehicles_TrainPart_04.prefab
  artifactKey: Guid(fe62027e53f283046bf0d6724c71a5c2) Importer(2089858483,b0f066a214c2f5e87bad3c948f4d605d)
Start importing Assets/JC_LP_MegaCity/Prefabs/Vehicles/SM_Vehicles_TrainPart_04.prefab using Guid(fe62027e53f283046bf0d6724c71a5c2) Importer(2089858483,b0f066a214c2f5e87bad3c948f4d605d) (ScriptedImporter) -> (artifact id: '3fb0a2b52d2e24d126dd29ae21677790') in 0.004691217 seconds
Number of updated asset objects reloaded before import = 0Number of asset objects unloaded after import = 9

========================================================================
Received Import Request.
  Time since last request: 0.000008 seconds.
  path: Assets/JC_LP_MegaCity/Models/Floor/SM_Floor_Park_01.fbx
  artifactKey: Guid(e2885e53c29a0a34c801780ac6607df8) Importer(2089858483,b0f066a214c2f5e87bad3c948f4d605d)
Start importing Assets/JC_LP_MegaCity/Models/Floor/SM_Floor_Park_01.fbx using Guid(e2885e53c29a0a34c801780ac6607df8) Importer(2089858483,b0f066a214c2f5e87bad3c948f4d605d) (ScriptedImporter) -> (artifact id: '9fa0d52515ba6ffa078795ac48e62e15') in 0.004293698 seconds
Number of updated asset objects reloaded before import = 0Number of asset objects unloaded after import = 7

========================================================================
Received Import Request.
  Time since last request: 0.000008 seconds.
  path: Assets/JC_LP_MegaCity/Prefabs/FloorProps/SM_FloorProps_RoadSign_02.prefab
  artifactKey: Guid(b9112782733fa474f87028338e477826) Importer(2089858483,b0f066a214c2f5e87bad3c948f4d605d)
Start importing Assets/JC_LP_MegaCity/Prefabs/FloorProps/SM_FloorProps_RoadSign_02.prefab using Guid(b9112782733fa474f87028338e477826) Importer(2089858483,b0f066a214c2f5e87bad3c948f4d605d) (ScriptedImporter) -> (artifact id: 'dc2a6b3387d11f0a6bad2e96530c5111') in 0.00390835 seconds
Number of updated asset objects reloaded before import = 0Number of asset objects unloaded after import = 9

========================================================================
Received Import Request.
  Time since last request: 0.000010 seconds.
  path: Assets/JC_LP_MegaCity/Models/Buildings/SM_Buildings_Office_10.fbx
  artifactKey: Guid(847528fd9848cc546a7cd5c77a5c3eff) Importer(2089858483,b0f066a214c2f5e87bad3c948f4d605d)
Start importing Assets/JC_LP_MegaCity/Models/Buildings/SM_Buildings_Office_10.fbx using Guid(847528fd9848cc546a7cd5c77a5c3eff) Importer(2089858483,b0f066a214c2f5e87bad3c948f4d605d) (ScriptedImporter) -> (artifact id: 'a56b4236a54fe826aaa290ef5454bf13') in 0.004599257 seconds
Number of updated asset objects reloaded before import = 0Number of asset objects unloaded after import = 7

========================================================================
Received Import Request.
  Time since last request: 0.000017 seconds.
  path: Assets/JC_LP_MegaCity/Models/Buildings/SM_Buildings_House_07_V3.fbx
  artifactKey: Guid(626796c71178d4a47a3628aa28d92a17) Importer(2089858483,b0f066a214c2f5e87bad3c948f4d605d)
Start importing Assets/JC_LP_MegaCity/Models/Buildings/SM_Buildings_House_07_V3.fbx using Guid(626796c71178d4a47a3628aa28d92a17) Importer(2089858483,b0f066a214c2f5e87bad3c948f4d605d) (ScriptedImporter) -> (artifact id: 'ba08d1654e32137440d94e5f344fa042') in 0.007502412 seconds
Number of updated asset objects reloaded before import = 0Number of asset objects unloaded after import = 7

========================================================================
Received Import Request.
  Time since last request: 0.000008 seconds.
  path: Assets/JC_LP_MegaCity/Models/Buildings/SM_Buildings_Supermarket_02_Door_R.fbx
  artifactKey: Guid(1288327d0bc77bf449d58c1b0ecf0b9f) Importer(2089858483,b0f066a214c2f5e87bad3c948f4d605d)
Start importing Assets/JC_LP_MegaCity/Models/Buildings/SM_Buildings_Supermarket_02_Door_R.fbx using Guid(1288327d0bc77bf449d58c1b0ecf0b9f) Importer(2089858483,b0f066a214c2f5e87bad3c948f4d605d) (ScriptedImporter) -> (artifact id: 'acd0c3ce456c63ca0b4355eb984739c9') in 0.004710977 seconds
Number of updated asset objects reloaded before import = 0Number of asset objects unloaded after import = 7

========================================================================
Received Import Request.
  Time since last request: 1.237529 seconds.
  path: Assets/JC_LP_MegaCity/Models/Food/SM_Food_Pie_01.fbx
  artifactKey: Guid(4f82530698f090e4da3172c4622f117e) Importer(2089858483,b0f066a214c2f5e87bad3c948f4d605d)
Start importing Assets/JC_LP_MegaCity/Models/Food/SM_Food_Pie_01.fbx using Guid(4f82530698f090e4da3172c4622f117e) Importer(2089858483,b0f066a214c2f5e87bad3c948f4d605d) (ScriptedImporter) -> (artifact id: '671f5ec512a9ce4a7e7986a787a179ed') in 0.008977735 seconds
Number of updated asset objects reloaded before import = 0Number of asset objects unloaded after import = 7

========================================================================
Received Import Request.
  Time since last request: 0.000008 seconds.
  path: Assets/JC_LP_MegaCity/Models/Food/SM_Food_Cup_01.fbx
  artifactKey: Guid(a24309281c113984191f084e1cb585cc) Importer(2089858483,b0f066a214c2f5e87bad3c948f4d605d)
Start importing Assets/JC_LP_MegaCity/Models/Food/SM_Food_Cup_01.fbx using Guid(a24309281c113984191f084e1cb585cc) Importer(2089858483,b0f066a214c2f5e87bad3c948f4d605d) (ScriptedImporter) -> (artifact id: '04b8194336f8b141f5ae28cd568200f1') in 0.005157665 seconds
Number of updated asset objects reloaded before import = 0Number of asset objects unloaded after import = 7

========================================================================
Received Import Request.
  Time since last request: 0.000007 seconds.
  path: Assets/JC_LP_MegaCity/Prefabs/FloorProps/SM_FloorProps_RoadSign_26.prefab
  artifactKey: Guid(924ffc8c02d8fc542b1b464ec2ec3c40) Importer(2089858483,b0f066a214c2f5e87bad3c948f4d605d)
Start importing Assets/JC_LP_MegaCity/Prefabs/FloorProps/SM_FloorProps_RoadSign_26.prefab using Guid(924ffc8c02d8fc542b1b464ec2ec3c40) Importer(2089858483,b0f066a214c2f5e87bad3c948f4d605d) (ScriptedImporter) -> (artifact id: '54fa8b26b2639de6712fcc4ede2fb6de') in 0.004502617 seconds
Number of updated asset objects reloaded before import = 0Number of asset objects unloaded after import = 9

========================================================================
Received Import Request.
  Time since last request: 0.000006 seconds.
  path: Assets/JC_LP_MegaCity/Scenes/Settings/LP_MegaCity_PostProcessing_Overview.asset
  artifactKey: Guid(f15ed7d1a3fa25c46afb41879ce254f3) Importer(2089858483,b0f066a214c2f5e87bad3c948f4d605d)
Start importing Assets/JC_LP_MegaCity/Scenes/Settings/LP_MegaCity_PostProcessing_Overview.asset using Guid(f15ed7d1a3fa25c46afb41879ce254f3) Importer(2089858483,b0f066a214c2f5e87bad3c948f4d605d) (ScriptedImporter) -> (artifact id: '266bc50470be492f5bcc73c43c2102fa') in 0.00396576 seconds
Number of updated asset objects reloaded before import = 0Number of asset objects unloaded after import = 4

========================================================================
Received Import Request.
  Time since last request: 0.000009 seconds.
  path: Assets/JC_LP_MegaCity/Models/BuildingsDecor/SM_BuildingsDecor_16.fbx
  artifactKey: Guid(3ccb05c83bfca59468a1ad16948e3a59) Importer(2089858483,b0f066a214c2f5e87bad3c948f4d605d)
Start importing Assets/JC_LP_MegaCity/Models/BuildingsDecor/SM_BuildingsDecor_16.fbx using Guid(3ccb05c83bfca59468a1ad16948e3a59) Importer(2089858483,b0f066a214c2f5e87bad3c948f4d605d) (ScriptedImporter) -> (artifact id: 'd3d57e2822be7ccc74cbc156dd5ddd3e') in 0.004346398 seconds
Number of updated asset objects reloaded before import = 0Number of asset objects unloaded after import = 7

========================================================================
Received Import Request.
  Time since last request: 0.000008 seconds.
  path: Assets/JC_LP_MegaCity/Prefabs/Props/SM_Props_Electric_02.prefab
  artifactKey: Guid(ab80fd3d3694c6a4a9ee6370f5c32d0a) Importer(2089858483,b0f066a214c2f5e87bad3c948f4d605d)
Start importing Assets/JC_LP_MegaCity/Prefabs/Props/SM_Props_Electric_02.prefab using Guid(ab80fd3d3694c6a4a9ee6370f5c32d0a) Importer(2089858483,b0f066a214c2f5e87bad3c948f4d605d) (ScriptedImporter) -> (artifact id: 'ceb98d4a02d80f5deb20af96c296a167') in 0.003337773 seconds
Number of updated asset objects reloaded before import = 0Number of asset objects unloaded after import = 9

========================================================================
Received Import Request.
  Time since last request: 0.000011 seconds.
  path: Assets/JC_LP_MegaCity/Prefabs/Nature/SM_Nature_Tree_06.prefab
  artifactKey: Guid(3e78a96b8c9469e45900b58030756b7a) Importer(2089858483,b0f066a214c2f5e87bad3c948f4d605d)
Start importing Assets/JC_LP_MegaCity/Prefabs/Nature/SM_Nature_Tree_06.prefab using Guid(3e78a96b8c9469e45900b58030756b7a) Importer(2089858483,b0f066a214c2f5e87bad3c948f4d605d) (ScriptedImporter) -> (artifact id: '89ef0e1b32df549f6fe3ae3c961363dc') in 0.002566687 seconds
Number of updated asset objects reloaded before import = 0Number of asset objects unloaded after import = 17

========================================================================
Received Import Request.
  Time since last request: 0.000014 seconds.
  path: Assets/JC_LP_MegaCity/Models/Props/SM_Props_Park_02_Cabin_08.fbx
  artifactKey: Guid(fa3955034b26c27488610c0176328c92) Importer(2089858483,b0f066a214c2f5e87bad3c948f4d605d)
Start importing Assets/JC_LP_MegaCity/Models/Props/SM_Props_Park_02_Cabin_08.fbx using Guid(fa3955034b26c27488610c0176328c92) Importer(2089858483,b0f066a214c2f5e87bad3c948f4d605d) (ScriptedImporter) -> (artifact id: '0189827c14c8a7f0f8998e52474973d2') in 0.004560317 seconds
Number of updated asset objects reloaded before import = 0Number of asset objects unloaded after import = 7

========================================================================
Received Import Request.
  Time since last request: 0.000010 seconds.
  path: Assets/JC_LP_MegaCity/Prefabs/Buildings/SM_Buildings_Commercial_20.prefab
  artifactKey: Guid(6f8347c85ae6b9949b0fb269c0a57eb0) Importer(2089858483,b0f066a214c2f5e87bad3c948f4d605d)
Start importing Assets/JC_LP_MegaCity/Prefabs/Buildings/SM_Buildings_Commercial_20.prefab using Guid(6f8347c85ae6b9949b0fb269c0a57eb0) Importer(2089858483,b0f066a214c2f5e87bad3c948f4d605d) (ScriptedImporter) -> (artifact id: '35e1b38b30d5b91f96ec38a8731d9ff5') in 0.008372558 seconds
Number of updated asset objects reloaded before import = 0Number of asset objects unloaded after import = 22

========================================================================
Received Import Request.
  Time since last request: 0.000013 seconds.
  path: Assets/JC_LP_MegaCity/Models/Props/SM_Props_Plant_04.fbx
  artifactKey: Guid(572fab13b0a0a3042b6efaf56891180a) Importer(2089858483,b0f066a214c2f5e87bad3c948f4d605d)
Start importing Assets/JC_LP_MegaCity/Models/Props/SM_Props_Plant_04.fbx using Guid(572fab13b0a0a3042b6efaf56891180a) Importer(2089858483,b0f066a214c2f5e87bad3c948f4d605d) (ScriptedImporter) -> (artifact id: 'c86e2cab4e6e9b3e6c76faee36623ed5') in 0.006801846 seconds
Number of updated asset objects reloaded before import = 0Number of asset objects unloaded after import = 7

========================================================================
Received Import Request.
  Time since last request: 0.000009 seconds.
  path: Assets/JC_LP_MegaCity/Models/Nature/SM_Nature_Landscape_07.fbx
  artifactKey: Guid(0eac16106ae8f984d99a408ec094ffc4) Importer(2089858483,b0f066a214c2f5e87bad3c948f4d605d)
Start importing Assets/JC_LP_MegaCity/Models/Nature/SM_Nature_Landscape_07.fbx using Guid(0eac16106ae8f984d99a408ec094ffc4) Importer(2089858483,b0f066a214c2f5e87bad3c948f4d605d) (ScriptedImporter) -> (artifact id: '100c816dfaaf377c1f7dc8252c05e463') in 0.005473593 seconds
Number of updated asset objects reloaded before import = 0Number of asset objects unloaded after import = 7

========================================================================
Received Import Request.
  Time since last request: 0.000008 seconds.
  path: Assets/JC_LP_MegaCity/Models/Buildings/SM_Buildings_University_01_Door_01_L.fbx
  artifactKey: Guid(6c0629c7068afff4da3ccde0c4bb7c4f) Importer(2089858483,b0f066a214c2f5e87bad3c948f4d605d)
Start importing Assets/JC_LP_MegaCity/Models/Buildings/SM_Buildings_University_01_Door_01_L.fbx using Guid(6c0629c7068afff4da3ccde0c4bb7c4f) Importer(2089858483,b0f066a214c2f5e87bad3c948f4d605d) (ScriptedImporter) -> (artifact id: 'eec639a8beef4af5219f494b5a25372b') in 0.004410078 seconds
Number of updated asset objects reloaded before import = 0Number of asset objects unloaded after import = 7

========================================================================
Received Import Request.
  Time since last request: 0.000008 seconds.
  path: Assets/JC_LP_MegaCity/Prefabs/Props/SM_Props_Rack_09.prefab
  artifactKey: Guid(823aded207377734d85168b333813852) Importer(2089858483,b0f066a214c2f5e87bad3c948f4d605d)
Start importing Assets/JC_LP_MegaCity/Prefabs/Props/SM_Props_Rack_09.prefab using Guid(823aded207377734d85168b333813852) Importer(2089858483,b0f066a214c2f5e87bad3c948f4d605d) (ScriptedImporter) -> (artifact id: '3cc6e5009d1ff0e80e83bd8b7685a703') in 0.003353103 seconds
Number of updated asset objects reloaded before import = 0Number of asset objects unloaded after import = 9

========================================================================
Received Import Request.
  Time since last request: 0.000009 seconds.
  path: Assets/JC_LP_MegaCity/Models/Buildings/SM_Buildings_Commercial_09.fbx
  artifactKey: Guid(e6439f49adbbaca4aacd0442e66a32fd) Importer(2089858483,b0f066a214c2f5e87bad3c948f4d605d)
Start importing Assets/JC_LP_MegaCity/Models/Buildings/SM_Buildings_Commercial_09.fbx using Guid(e6439f49adbbaca4aacd0442e66a32fd) Importer(2089858483,b0f066a214c2f5e87bad3c948f4d605d) (ScriptedImporter) -> (artifact id: '69b669479ffe4fc35bbbd3126869ab4e') in 0.006611947 seconds
Number of updated asset objects reloaded before import = 0Number of asset objects unloaded after import = 7

========================================================================
Received Import Request.
  Time since last request: 0.000009 seconds.
  path: Assets/JC_LP_MegaCity/Models/Buildings/SM_Buildings_House_03_V3.fbx
  artifactKey: Guid(699ebe0f312a4fe449c502a792b2ce9f) Importer(2089858483,b0f066a214c2f5e87bad3c948f4d605d)
Start importing Assets/JC_LP_MegaCity/Models/Buildings/SM_Buildings_House_03_V3.fbx using Guid(699ebe0f312a4fe449c502a792b2ce9f) Importer(2089858483,b0f066a214c2f5e87bad3c948f4d605d) (ScriptedImporter) -> (artifact id: 'e3cad0ba6b8777f93eb20316529d65ec') in 0.006233049 seconds
Number of updated asset objects reloaded before import = 0Number of asset objects unloaded after import = 7

========================================================================
Received Import Request.
  Time since last request: 0.000008 seconds.
  path: Assets/JC_LP_MegaCity/Models/BuildingsDecor/SM_BuildingsDecor_24.fbx
  artifactKey: Guid(78cb82a53cc8f8d44ba84737dd590430) Importer(2089858483,b0f066a214c2f5e87bad3c948f4d605d)
Start importing Assets/JC_LP_MegaCity/Models/BuildingsDecor/SM_BuildingsDecor_24.fbx using Guid(78cb82a53cc8f8d44ba84737dd590430) Importer(2089858483,b0f066a214c2f5e87bad3c948f4d605d) (ScriptedImporter) -> (artifact id: '39c84a68ce1fb831e3a8a4651f20c846') in 0.006633207 seconds
Number of updated asset objects reloaded before import = 0Number of asset objects unloaded after import = 7

========================================================================
Received Import Request.
  Time since last request: 0.000015 seconds.
  path: Assets/JC_LP_MegaCity/Models/Buildings/SM_Buildings_Airport_01_Door_L.fbx
  artifactKey: Guid(2806271038ffb6e44b1fe99307900055) Importer(2089858483,b0f066a214c2f5e87bad3c948f4d605d)
Start importing Assets/JC_LP_MegaCity/Models/Buildings/SM_Buildings_Airport_01_Door_L.fbx using Guid(2806271038ffb6e44b1fe99307900055) Importer(2089858483,b0f066a214c2f5e87bad3c948f4d605d) (ScriptedImporter) -> (artifact id: '152038d44e1b8dda4a1daf888acef3b0') in 0.005210584 seconds
Number of updated asset objects reloaded before import = 0Number of asset objects unloaded after import = 7

========================================================================
Received Import Request.
  Time since last request: 0.000015 seconds.
  path: Assets/JC_LP_MegaCity/Prefabs/Floor/SM_Floor_Metro_05.prefab
  artifactKey: Guid(26bd3ce7e867eab4ba65fcbc0fedd645) Importer(2089858483,b0f066a214c2f5e87bad3c948f4d605d)
Start importing Assets/JC_LP_MegaCity/Prefabs/Floor/SM_Floor_Metro_05.prefab using Guid(26bd3ce7e867eab4ba65fcbc0fedd645) Importer(2089858483,b0f066a214c2f5e87bad3c948f4d605d) (ScriptedImporter) -> (artifact id: '2c225a9f99eeac456bc11a9e6a45f86d') in 0.005490103 seconds
Number of updated asset objects reloaded before import = 0Number of asset objects unloaded after import = 11

========================================================================
Received Import Request.
  Time since last request: 0.000007 seconds.
  path: Assets/JC_LP_MegaCity/Models/Vehicles/SM_Vehicles_Truck_01_V1.fbx
  artifactKey: Guid(c07b9696601af194aa346b56dbbaa0cb) Importer(2089858483,b0f066a214c2f5e87bad3c948f4d605d)
Start importing Assets/JC_LP_MegaCity/Models/Vehicles/SM_Vehicles_Truck_01_V1.fbx using Guid(c07b9696601af194aa346b56dbbaa0cb) Importer(2089858483,b0f066a214c2f5e87bad3c948f4d605d) (ScriptedImporter) -> (artifact id: 'a44d73e5435bae63349540a4e20328ff') in 0.008451808 seconds
Number of updated asset objects reloaded before import = 0Number of asset objects unloaded after import = 34

========================================================================
Received Import Request.
  Time since last request: 0.000007 seconds.
  path: Assets/JC_LP_MegaCity/Models/BuildingsDecor/SM_BuildingsDecor_28.fbx
  artifactKey: Guid(b9517256190b206428b5a27c3d7a8c62) Importer(2089858483,b0f066a214c2f5e87bad3c948f4d605d)
Start importing Assets/JC_LP_MegaCity/Models/BuildingsDecor/SM_BuildingsDecor_28.fbx using Guid(b9517256190b206428b5a27c3d7a8c62) Importer(2089858483,b0f066a214c2f5e87bad3c948f4d605d) (ScriptedImporter) -> (artifact id: 'ef21d7b99d2ce20bc4289176228cf092') in 0.005741131 seconds
Number of updated asset objects reloaded before import = 0Number of asset objects unloaded after import = 7

========================================================================
Received Import Request.
  Time since last request: 0.000008 seconds.
  path: Assets/JC_LP_MegaCity/Models/Buildings/SM_Buildings_Office_06_Door_L.fbx
  artifactKey: Guid(41035cb83a7da8143a08047340eb3c23) Importer(2089858483,b0f066a214c2f5e87bad3c948f4d605d)
Start importing Assets/JC_LP_MegaCity/Models/Buildings/SM_Buildings_Office_06_Door_L.fbx using Guid(41035cb83a7da8143a08047340eb3c23) Importer(2089858483,b0f066a214c2f5e87bad3c948f4d605d) (ScriptedImporter) -> (artifact id: 'ce6a17f17b9cd77a72edec1e046fc1b5') in 0.005826341 seconds
Number of updated asset objects reloaded before import = 0Number of asset objects unloaded after import = 7

========================================================================
Received Import Request.
  Time since last request: 0.000008 seconds.
  path: Assets/JC_LP_MegaCity/Models/Food/SM_Food_Egg_01.fbx
  artifactKey: Guid(3489704abf96b4b46bfa3f37cae7822c) Importer(2089858483,b0f066a214c2f5e87bad3c948f4d605d)
Start importing Assets/JC_LP_MegaCity/Models/Food/SM_Food_Egg_01.fbx using Guid(3489704abf96b4b46bfa3f37cae7822c) Importer(2089858483,b0f066a214c2f5e87bad3c948f4d605d) (ScriptedImporter) -> (artifact id: '4b38b1e080195b61f921cd27c6c4ec0d') in 0.004223889 seconds
Number of updated asset objects reloaded before import = 0Number of asset objects unloaded after import = 7

========================================================================
Received Import Request.
  Time since last request: 0.000007 seconds.
  path: Assets/JC_LP_MegaCity/Models/Food/SM_Food_Orange_01.fbx
  artifactKey: Guid(f9dedb743e87b7d449e45f03f09ae35f) Importer(2089858483,b0f066a214c2f5e87bad3c948f4d605d)
Start importing Assets/JC_LP_MegaCity/Models/Food/SM_Food_Orange_01.fbx using Guid(f9dedb743e87b7d449e45f03f09ae35f) Importer(2089858483,b0f066a214c2f5e87bad3c948f4d605d) (ScriptedImporter) -> (artifact id: '291edfd7e475d5953c027f19efc9f568') in 0.005349353 seconds
Number of updated asset objects reloaded before import = 0Number of asset objects unloaded after import = 7

========================================================================
Received Import Request.
  Time since last request: 0.000008 seconds.
  path: Assets/JC_LP_MegaCity/Prefabs/Nature/SM_Nature_Tree_03.prefab
  artifactKey: Guid(8f4d727d5704a0f458d1299e1b8b20aa) Importer(2089858483,b0f066a214c2f5e87bad3c948f4d605d)
Start importing Assets/JC_LP_MegaCity/Prefabs/Nature/SM_Nature_Tree_03.prefab using Guid(8f4d727d5704a0f458d1299e1b8b20aa) Importer(2089858483,b0f066a214c2f5e87bad3c948f4d605d) (ScriptedImporter) -> (artifact id: '4b5196c9b950c372a6f19bd2b387fe08') in 0.002214959 seconds
Number of updated asset objects reloaded before import = 0Number of asset objects unloaded after import = 17

========================================================================
Received Import Request.
  Time since last request: 0.000008 seconds.
  path: Assets/JC_LP_MegaCity/Prefabs/Props/SM_Props_Pool_07.prefab
  artifactKey: Guid(606bdcfb86189974484361da9916858b) Importer(2089858483,b0f066a214c2f5e87bad3c948f4d605d)
Start importing Assets/JC_LP_MegaCity/Prefabs/Props/SM_Props_Pool_07.prefab using Guid(606bdcfb86189974484361da9916858b) Importer(2089858483,b0f066a214c2f5e87bad3c948f4d605d) (ScriptedImporter) -> (artifact id: '0339a38fa3bb6095d81635567d176c13') in 0.0040341 seconds
Number of updated asset objects reloaded before import = 0Number of asset objects unloaded after import = 9

========================================================================
Received Import Request.
  Time since last request: 0.000008 seconds.
  path: Assets/JC_LP_MegaCity/Models/BuildingsDecor/SM_BuildingsDecor_29.fbx
  artifactKey: Guid(7768474371a41b24196d8616c2cf3e7e) Importer(2089858483,b0f066a214c2f5e87bad3c948f4d605d)
Start importing Assets/JC_LP_MegaCity/Models/BuildingsDecor/SM_BuildingsDecor_29.fbx using Guid(7768474371a41b24196d8616c2cf3e7e) Importer(2089858483,b0f066a214c2f5e87bad3c948f4d605d) (ScriptedImporter) -> (artifact id: '82a8b8afd0383f01b2ae76677c9171e3') in 0.008103519 seconds
Number of updated asset objects reloaded before import = 0Number of asset objects unloaded after import = 7

========================================================================
Received Import Request.
  Time since last request: 0.000008 seconds.
  path: Assets/JC_LP_MegaCity/Models/Floor/SM_Floor_Road_19.fbx
  artifactKey: Guid(7fd50d2ff7bb4ed45ae6ea18ad41227d) Importer(2089858483,b0f066a214c2f5e87bad3c948f4d605d)
Start importing Assets/JC_LP_MegaCity/Models/Floor/SM_Floor_Road_19.fbx using Guid(7fd50d2ff7bb4ed45ae6ea18ad41227d) Importer(2089858483,b0f066a214c2f5e87bad3c948f4d605d) (ScriptedImporter) -> (artifact id: 'ae579fff9cf4c940564e1269f500f2a8') in 0.004562547 seconds
Number of updated asset objects reloaded before import = 0Number of asset objects unloaded after import = 7

========================================================================
Received Import Request.
  Time since last request: 0.000010 seconds.
  path: Assets/JC_LP_MegaCity/Prefabs/Buildings/SM_Buildings_Factory_04.prefab
  artifactKey: Guid(9d040954d1c648f419b5d6c61a8060dc) Importer(2089858483,b0f066a214c2f5e87bad3c948f4d605d)
Start importing Assets/JC_LP_MegaCity/Prefabs/Buildings/SM_Buildings_Factory_04.prefab using Guid(9d040954d1c648f419b5d6c61a8060dc) Importer(2089858483,b0f066a214c2f5e87bad3c948f4d605d) (ScriptedImporter) -> (artifact id: 'ad449fa7510d32603dfa1d3eea01bfd2') in 0.004611667 seconds
Number of updated asset objects reloaded before import = 0Number of asset objects unloaded after import = 9

========================================================================
Received Import Request.
  Time since last request: 0.000014 seconds.
  path: Assets/JC_LP_MegaCity/Prefabs/Floor/SM_Floor_Road_16.prefab
  artifactKey: Guid(9ac31fa97bfe1974c8cd40eb50b119ea) Importer(2089858483,b0f066a214c2f5e87bad3c948f4d605d)
Start importing Assets/JC_LP_MegaCity/Prefabs/Floor/SM_Floor_Road_16.prefab using Guid(9ac31fa97bfe1974c8cd40eb50b119ea) Importer(2089858483,b0f066a214c2f5e87bad3c948f4d605d) (ScriptedImporter) -> (artifact id: '87fdc9f4525d4cecf1e349ee74aaf266') in 0.003820991 seconds
Number of updated asset objects reloaded before import = 0Number of asset objects unloaded after import = 9

========================================================================
Received Import Request.
  Time since last request: 0.000007 seconds.
  path: Assets/JC_LP_MegaCity/Models/Buildings/SM_Buildings_Warehouse_01_Door.fbx
  artifactKey: Guid(57f1b382efb80b94d8e4c6cc3e599614) Importer(2089858483,b0f066a214c2f5e87bad3c948f4d605d)
Start importing Assets/JC_LP_MegaCity/Models/Buildings/SM_Buildings_Warehouse_01_Door.fbx using Guid(57f1b382efb80b94d8e4c6cc3e599614) Importer(2089858483,b0f066a214c2f5e87bad3c948f4d605d) (ScriptedImporter) -> (artifact id: '984f055a02595e1d42c9e13b5fe898b0') in 0.004492187 seconds
Number of updated asset objects reloaded before import = 0Number of asset objects unloaded after import = 7

========================================================================
Received Import Request.
  Time since last request: 0.000009 seconds.
  path: Assets/JC_LP_MegaCity/Models/Food/SM_Food_Soda_03.fbx
  artifactKey: Guid(24bd3194d80323b4c82dbfa30e27ba43) Importer(2089858483,b0f066a214c2f5e87bad3c948f4d605d)
Start importing Assets/JC_LP_MegaCity/Models/Food/SM_Food_Soda_03.fbx using Guid(24bd3194d80323b4c82dbfa30e27ba43) Importer(2089858483,b0f066a214c2f5e87bad3c948f4d605d) (ScriptedImporter) -> (artifact id: '5d3022cd033aa68900a328e590338f64') in 0.005624912 seconds
Number of updated asset objects reloaded before import = 0Number of asset objects unloaded after import = 7

========================================================================
Received Import Request.
  Time since last request: 0.000007 seconds.
  path: Assets/JC_LP_MegaCity/Prefabs/Buildings/SM_Buildings_House_03_V3.prefab
  artifactKey: Guid(aee893b485684d94b8d02e5f509428e2) Importer(2089858483,b0f066a214c2f5e87bad3c948f4d605d)
Start importing Assets/JC_LP_MegaCity/Prefabs/Buildings/SM_Buildings_House_03_V3.prefab using Guid(aee893b485684d94b8d02e5f509428e2) Importer(2089858483,b0f066a214c2f5e87bad3c948f4d605d) (ScriptedImporter) -> (artifact id: '1f5b660326a783f859a887132f2f02c6') in 0.005051914 seconds
Number of updated asset objects reloaded before import = 0Number of asset objects unloaded after import = 34

========================================================================
Received Import Request.
  Time since last request: 0.000007 seconds.
  path: Assets/JC_LP_MegaCity/Prefabs/Props/SM_Props_Trash_04.prefab
  artifactKey: Guid(6f5bea7ae32e16740b2bec1991a7785a) Importer(2089858483,b0f066a214c2f5e87bad3c948f4d605d)
Start importing Assets/JC_LP_MegaCity/Prefabs/Props/SM_Props_Trash_04.prefab using Guid(6f5bea7ae32e16740b2bec1991a7785a) Importer(2089858483,b0f066a214c2f5e87bad3c948f4d605d) (ScriptedImporter) -> (artifact id: 'acd0a0522275f811ca883a8c4d813804') in 0.004466908 seconds
Number of updated asset objects reloaded before import = 0Number of asset objects unloaded after import = 15

========================================================================
Received Import Request.
  Time since last request: 0.000009 seconds.
  path: Assets/JC_LP_MegaCity/Prefabs/Floor/SM_Floor_Railway_04.prefab
  artifactKey: Guid(682636f6b6b329f4c9ff926b19443ec8) Importer(2089858483,b0f066a214c2f5e87bad3c948f4d605d)
Start importing Assets/JC_LP_MegaCity/Prefabs/Floor/SM_Floor_Railway_04.prefab using Guid(682636f6b6b329f4c9ff926b19443ec8) Importer(2089858483,b0f066a214c2f5e87bad3c948f4d605d) (ScriptedImporter) -> (artifact id: '36033463e6b673b2ef91d12b0e0a40e7') in 0.003621492 seconds
Number of updated asset objects reloaded before import = 0Number of asset objects unloaded after import = 9

========================================================================
Received Import Request.
  Time since last request: 0.000010 seconds.
  path: Assets/JC_LP_MegaCity/Models/Floor/SM_Floor_Park_02.fbx
  artifactKey: Guid(2e9aadbec7ff70941bd79fbf3cfa557a) Importer(2089858483,b0f066a214c2f5e87bad3c948f4d605d)
Start importing Assets/JC_LP_MegaCity/Models/Floor/SM_Floor_Park_02.fbx using Guid(2e9aadbec7ff70941bd79fbf3cfa557a) Importer(2089858483,b0f066a214c2f5e87bad3c948f4d605d) (ScriptedImporter) -> (artifact id: '8df93a4b78fb85756453a4a216460dad') in 0.004376309 seconds
Number of updated asset objects reloaded before import = 0Number of asset objects unloaded after import = 7

========================================================================
Received Import Request.
  Time since last request: 0.000008 seconds.
  path: Assets/JC_LP_MegaCity/Prefabs/Food/SM_Food_Pie_01.prefab
  artifactKey: Guid(799e76680ac3dad499e30e6116c062ec) Importer(2089858483,b0f066a214c2f5e87bad3c948f4d605d)
Start importing Assets/JC_LP_MegaCity/Prefabs/Food/SM_Food_Pie_01.prefab using Guid(799e76680ac3dad499e30e6116c062ec) Importer(2089858483,b0f066a214c2f5e87bad3c948f4d605d) (ScriptedImporter) -> (artifact id: '32dba76685b66296072456e002e90c94') in 0.004593467 seconds
Number of updated asset objects reloaded before import = 0Number of asset objects unloaded after import = 9

========================================================================
Received Import Request.
  Time since last request: 0.000007 seconds.
  path: Assets/JC_LP_MegaCity/Models/Buildings/SM_Buildings_Office_11.fbx
  artifactKey: Guid(619d43e09fc1da64d81d0de7f2524d2c) Importer(2089858483,b0f066a214c2f5e87bad3c948f4d605d)
Start importing Assets/JC_LP_MegaCity/Models/Buildings/SM_Buildings_Office_11.fbx using Guid(619d43e09fc1da64d81d0de7f2524d2c) Importer(2089858483,b0f066a214c2f5e87bad3c948f4d605d) (ScriptedImporter) -> (artifact id: 'a26d0b9805521c215f955dc56fbf8db2') in 0.005537062 seconds
Number of updated asset objects reloaded before import = 0Number of asset objects unloaded after import = 7

========================================================================
Received Import Request.
  Time since last request: 0.000007 seconds.
  path: Assets/JC_LP_MegaCity/Prefabs/BuildingsDecor/SM_BuildingsDecor_46.prefab
  artifactKey: Guid(97ae09ee4f2ddd540a0918e44f5e7ac0) Importer(2089858483,b0f066a214c2f5e87bad3c948f4d605d)
Start importing Assets/JC_LP_MegaCity/Prefabs/BuildingsDecor/SM_BuildingsDecor_46.prefab using Guid(97ae09ee4f2ddd540a0918e44f5e7ac0) Importer(2089858483,b0f066a214c2f5e87bad3c948f4d605d) (ScriptedImporter) -> (artifact id: '9972e7b12dc022541b11b9a5e17cd42e') in 0.004469498 seconds
Number of updated asset objects reloaded before import = 0Number of asset objects unloaded after import = 10

========================================================================
Received Import Request.
  Time since last request: 1.198260 seconds.
  path: Assets/JC_LP_MegaCity/Prefabs/Buildings/SM_Buildings_Commercial_06.prefab
  artifactKey: Guid(038995d98ecacfa409495dabc6fb7284) Importer(2089858483,b0f066a214c2f5e87bad3c948f4d605d)
Start importing Assets/JC_LP_MegaCity/Prefabs/Buildings/SM_Buildings_Commercial_06.prefab using Guid(038995d98ecacfa409495dabc6fb7284) Importer(2089858483,b0f066a214c2f5e87bad3c948f4d605d) (ScriptedImporter) -> (artifact id: '5a230e938a68525b07c9f4af380b1793') in 0.008431088 seconds
Number of updated asset objects reloaded before import = 0Number of asset objects unloaded after import = 22

========================================================================
Received Import Request.
  Time since last request: 0.000013 seconds.
  path: Assets/JC_LP_MegaCity/Prefabs/Props/SM_Props_Rack_10.prefab
  artifactKey: Guid(3048ebde0c583b64b8cf1a46b1ab9a67) Importer(2089858483,b0f066a214c2f5e87bad3c948f4d605d)
Start importing Assets/JC_LP_MegaCity/Prefabs/Props/SM_Props_Rack_10.prefab using Guid(3048ebde0c583b64b8cf1a46b1ab9a67) Importer(2089858483,b0f066a214c2f5e87bad3c948f4d605d) (ScriptedImporter) -> (artifact id: '32ae9e2d5d18227018d652eecf501625') in 0.00413849 seconds
Number of updated asset objects reloaded before import = 0Number of asset objects unloaded after import = 9

========================================================================
Received Import Request.
  Time since last request: 0.000014 seconds.
  path: Assets/JC_LP_MegaCity/Models/Buildings/SM_Buildings_House_05_V1.fbx
  artifactKey: Guid(16d9d95a4b7813941a982eae6f53b164) Importer(2089858483,b0f066a214c2f5e87bad3c948f4d605d)
Start importing Assets/JC_LP_MegaCity/Models/Buildings/SM_Buildings_House_05_V1.fbx using Guid(16d9d95a4b7813941a982eae6f53b164) Importer(2089858483,b0f066a214c2f5e87bad3c948f4d605d) (ScriptedImporter) -> (artifact id: '9d724c53ccf57420a103b4f98a9ec42c') in 0.006868566 seconds
Number of updated asset objects reloaded before import = 0Number of asset objects unloaded after import = 7

========================================================================
Received Import Request.
  Time since last request: 0.000008 seconds.
  path: Assets/JC_LP_MegaCity/Models/Buildings/SM_Buildings_House_01_V3.fbx
  artifactKey: Guid(38e00617c751c804cb574f506703d0ad) Importer(2089858483,b0f066a214c2f5e87bad3c948f4d605d)
Start importing Assets/JC_LP_MegaCity/Models/Buildings/SM_Buildings_House_01_V3.fbx using Guid(38e00617c751c804cb574f506703d0ad) Importer(2089858483,b0f066a214c2f5e87bad3c948f4d605d) (ScriptedImporter) -> (artifact id: '0958bb9619ae1245cf320538fe3cf12b') in 0.00584532 seconds
Number of updated asset objects reloaded before import = 0Number of asset objects unloaded after import = 7

========================================================================
Received Import Request.
  Time since last request: 0.000008 seconds.
  path: Assets/JC_LP_MegaCity/Prefabs/Props/SM_Props_GameConsole_02.prefab
  artifactKey: Guid(b7822822f498aec4d91da5bf511098a3) Importer(2089858483,b0f066a214c2f5e87bad3c948f4d605d)
Start importing Assets/JC_LP_MegaCity/Prefabs/Props/SM_Props_GameConsole_02.prefab using Guid(b7822822f498aec4d91da5bf511098a3) Importer(2089858483,b0f066a214c2f5e87bad3c948f4d605d) (ScriptedImporter) -> (artifact id: '3fffe41e6214573e2787d6c4dc7d131c') in 0.003363323 seconds
Number of updated asset objects reloaded before import = 0Number of asset objects unloaded after import = 9

========================================================================
Received Import Request.
  Time since last request: 0.000009 seconds.
  path: Assets/JC_LP_MegaCity/Models/Floor/SM_Floor_Tile_09.fbx
  artifactKey: Guid(7db1a8986b310464c93dcec4d2edd2fb) Importer(2089858483,b0f066a214c2f5e87bad3c948f4d605d)
Start importing Assets/JC_LP_MegaCity/Models/Floor/SM_Floor_Tile_09.fbx using Guid(7db1a8986b310464c93dcec4d2edd2fb) Importer(2089858483,b0f066a214c2f5e87bad3c948f4d605d) (ScriptedImporter) -> (artifact id: 'f3c5a8e6cd807faae04be60d93fe11d7') in 0.006566547 seconds
Number of updated asset objects reloaded before import = 0Number of asset objects unloaded after import = 7

========================================================================
Received Import Request.
  Time since last request: 0.000008 seconds.
  path: Assets/JC_LP_MegaCity/Prefabs/Floor/SM_Floor_Road_18_UP.prefab
  artifactKey: Guid(f2b9a907fb714734c9d7c56d5172e132) Importer(2089858483,b0f066a214c2f5e87bad3c948f4d605d)
Start importing Assets/JC_LP_MegaCity/Prefabs/Floor/SM_Floor_Road_18_UP.prefab using Guid(f2b9a907fb714734c9d7c56d5172e132) Importer(2089858483,b0f066a214c2f5e87bad3c948f4d605d) (ScriptedImporter) -> (artifact id: '0b8a36e47dccda8b4696bac56e17104b') in 0.004580647 seconds
Number of updated asset objects reloaded before import = 0Number of asset objects unloaded after import = 9

========================================================================
Received Import Request.
  Time since last request: 0.000011 seconds.
  path: Assets/JC_LP_MegaCity/Models/BuildingsDecor/SM_BuildingsDecor_09.fbx
  artifactKey: Guid(5a47bd7a829d5694993be09d4684a070) Importer(2089858483,b0f066a214c2f5e87bad3c948f4d605d)
Start importing Assets/JC_LP_MegaCity/Models/BuildingsDecor/SM_BuildingsDecor_09.fbx using Guid(5a47bd7a829d5694993be09d4684a070) Importer(2089858483,b0f066a214c2f5e87bad3c948f4d605d) (ScriptedImporter) -> (artifact id: 'bdb8efb5e92988f958212363ef7cd2f3') in 0.004393608 seconds
Number of updated asset objects reloaded before import = 0Number of asset objects unloaded after import = 7

========================================================================
Received Import Request.
  Time since last request: 0.000011 seconds.
  path: Assets/JC_LP_MegaCity/Prefabs/Floor/SM_Floor_Tile_07.prefab
  artifactKey: Guid(e6bf3fa86da12df4abf94aa3bc762089) Importer(2089858483,b0f066a214c2f5e87bad3c948f4d605d)
Start importing Assets/JC_LP_MegaCity/Prefabs/Floor/SM_Floor_Tile_07.prefab using Guid(e6bf3fa86da12df4abf94aa3bc762089) Importer(2089858483,b0f066a214c2f5e87bad3c948f4d605d) (ScriptedImporter) -> (artifact id: 'fcd33d9b05871b537fa610da203b22a0') in 0.003701172 seconds
Number of updated asset objects reloaded before import = 0Number of asset objects unloaded after import = 9

========================================================================
Received Import Request.
  Time since last request: 0.000009 seconds.
  path: Assets/JC_LP_MegaCity/Models/Nature/SM_Nature_Plant_02.fbx
  artifactKey: Guid(aeb390952edaff54392a0d6b2b5b0312) Importer(2089858483,b0f066a214c2f5e87bad3c948f4d605d)
Start importing Assets/JC_LP_MegaCity/Models/Nature/SM_Nature_Plant_02.fbx using Guid(aeb390952edaff54392a0d6b2b5b0312) Importer(2089858483,b0f066a214c2f5e87bad3c948f4d605d) (ScriptedImporter) -> (artifact id: '4ee334cf379c8109dbac8dd7dc545b2d') in 0.004419918 seconds
Number of updated asset objects reloaded before import = 0Number of asset objects unloaded after import = 15

========================================================================
Received Import Request.
  Time since last request: 0.000012 seconds.
  path: Assets/JC_LP_MegaCity/Prefabs/Floor/SM_Floor_Tile_12.prefab
  artifactKey: Guid(881ea0af4cadf3e49a7201e13526ecae) Importer(2089858483,b0f066a214c2f5e87bad3c948f4d605d)
Start importing Assets/JC_LP_MegaCity/Prefabs/Floor/SM_Floor_Tile_12.prefab using Guid(881ea0af4cadf3e49a7201e13526ecae) Importer(2089858483,b0f066a214c2f5e87bad3c948f4d605d) (ScriptedImporter) -> (artifact id: '3ff936580aa251db0ce42deac22f1d22') in 0.00397798 seconds
Number of updated asset objects reloaded before import = 0Number of asset objects unloaded after import = 9

========================================================================
Received Import Request.
  Time since last request: 0.000008 seconds.
  path: Assets/JC_LP_MegaCity/Models/BuildingsDecor/SM_BuildingsDecor_Ads_01.fbx
  artifactKey: Guid(7ae2f30a75390cc42bab45f6cbb2a719) Importer(2089858483,b0f066a214c2f5e87bad3c948f4d605d)
Start importing Assets/JC_LP_MegaCity/Models/BuildingsDecor/SM_BuildingsDecor_Ads_01.fbx using Guid(7ae2f30a75390cc42bab45f6cbb2a719) Importer(2089858483,b0f066a214c2f5e87bad3c948f4d605d) (ScriptedImporter) -> (artifact id: '178006a48266cd240b17bfadd85f7b20') in 0.005836361 seconds
Number of updated asset objects reloaded before import = 0Number of asset objects unloaded after import = 7

========================================================================
Received Import Request.
  Time since last request: 0.000011 seconds.
  path: Assets/JC_LP_MegaCity/Prefabs/BuildingsDecor/SM_BuildingsDecor_32.prefab
  artifactKey: Guid(9c90b33b9d3e7054ca6f8ca4faf0014b) Importer(2089858483,b0f066a214c2f5e87bad3c948f4d605d)
Start importing Assets/JC_LP_MegaCity/Prefabs/BuildingsDecor/SM_BuildingsDecor_32.prefab using Guid(9c90b33b9d3e7054ca6f8ca4faf0014b) Importer(2089858483,b0f066a214c2f5e87bad3c948f4d605d) (ScriptedImporter) -> (artifact id: 'ef2126e705b72a64dbb1f4fafd93ad47') in 0.003580062 seconds
Number of updated asset objects reloaded before import = 0Number of asset objects unloaded after import = 9

========================================================================
Received Import Request.
  Time since last request: 0.000014 seconds.
  path: Assets/JC_LP_MegaCity/Models/Buildings/SM_Buildings_Warehouse_01.fbx
  artifactKey: Guid(5a7d49c1bb7420c488e8efd16c91ccfa) Importer(2089858483,b0f066a214c2f5e87bad3c948f4d605d)
Start importing Assets/JC_LP_MegaCity/Models/Buildings/SM_Buildings_Warehouse_01.fbx using Guid(5a7d49c1bb7420c488e8efd16c91ccfa) Importer(2089858483,b0f066a214c2f5e87bad3c948f4d605d) (ScriptedImporter) -> (artifact id: '7603da6eccd839e7d5e818bea58da5e0') in 0.004638667 seconds
Number of updated asset objects reloaded before import = 0Number of asset objects unloaded after import = 7

========================================================================
Received Import Request.
  Time since last request: 0.000008 seconds.
  path: Assets/JC_LP_MegaCity/Models/Floor/SM_Floor_Road_23.fbx
  artifactKey: Guid(b630d5ea81f892945b60c8b6f454cfdb) Importer(2089858483,b0f066a214c2f5e87bad3c948f4d605d)
Start importing Assets/JC_LP_MegaCity/Models/Floor/SM_Floor_Road_23.fbx using Guid(b630d5ea81f892945b60c8b6f454cfdb) Importer(2089858483,b0f066a214c2f5e87bad3c948f4d605d) (ScriptedImporter) -> (artifact id: 'ceee788562c4f02942f556fc2e5f89f3') in 0.004496047 seconds
Number of updated asset objects reloaded before import = 0Number of asset objects unloaded after import = 7

========================================================================
Received Import Request.
  Time since last request: 0.000012 seconds.
  path: Assets/JC_LP_MegaCity/Prefabs/FX
  artifactKey: Guid(b7390b02d7830174ca14d8a8aaf24001) Importer(2089858483,b0f066a214c2f5e87bad3c948f4d605d)
Start importing Assets/JC_LP_MegaCity/Prefabs/FX using Guid(b7390b02d7830174ca14d8a8aaf24001) Importer(2089858483,b0f066a214c2f5e87bad3c948f4d605d) (ScriptedImporter) -> (artifact id: 'f8d2a566864c92d8e294e6236bfc6988') in 0.001351233 seconds
Number of updated asset objects reloaded before import = 0Number of asset objects unloaded after import = 1

========================================================================
Received Import Request.
  Time since last request: 0.000008 seconds.
  path: Assets/JC_LP_MegaCity/Models/Food/SM_Food_Pan_03.fbx
  artifactKey: Guid(1443bdd7914bab04fbcf93512a84864d) Importer(2089858483,b0f066a214c2f5e87bad3c948f4d605d)
Start importing Assets/JC_LP_MegaCity/Models/Food/SM_Food_Pan_03.fbx using Guid(1443bdd7914bab04fbcf93512a84864d) Importer(2089858483,b0f066a214c2f5e87bad3c948f4d605d) (ScriptedImporter) -> (artifact id: 'd6bbe79ef0355a399fdbbb9e1d06b1f3') in 0.005898191 seconds
Number of updated asset objects reloaded before import = 0Number of asset objects unloaded after import = 7

========================================================================
Received Import Request.
  Time since last request: 0.000007 seconds.
  path: Assets/JC_LP_MegaCity/Prefabs/Floor/SM_Floor_Road_18.prefab
  artifactKey: Guid(f6f7c076bc4275d42b2eaf8baf33d1d5) Importer(2089858483,b0f066a214c2f5e87bad3c948f4d605d)
Start importing Assets/JC_LP_MegaCity/Prefabs/Floor/SM_Floor_Road_18.prefab using Guid(f6f7c076bc4275d42b2eaf8baf33d1d5) Importer(2089858483,b0f066a214c2f5e87bad3c948f4d605d) (ScriptedImporter) -> (artifact id: '94d8b505b7835efde31e2f8fd1e70931') in 0.003574292 seconds
Number of updated asset objects reloaded before import = 0Number of asset objects unloaded after import = 9

========================================================================
Received Import Request.
  Time since last request: 0.000008 seconds.
  path: Assets/JC_LP_MegaCity/Models/Props/SM_Props_ArcadeMachine_02.fbx
  artifactKey: Guid(fa8d62b4d8f27814c86a14776c27041e) Importer(2089858483,b0f066a214c2f5e87bad3c948f4d605d)
Start importing Assets/JC_LP_MegaCity/Models/Props/SM_Props_ArcadeMachine_02.fbx using Guid(fa8d62b4d8f27814c86a14776c27041e) Importer(2089858483,b0f066a214c2f5e87bad3c948f4d605d) (ScriptedImporter) -> (artifact id: '930c6f8ab580e1da440155ecb9c1a269') in 0.006683277 seconds
Number of updated asset objects reloaded before import = 0Number of asset objects unloaded after import = 7

========================================================================
Received Import Request.
  Time since last request: 0.000008 seconds.
  path: Assets/JC_LP_MegaCity/Models/Nature/SM_Nature_Grass_01.fbx
  artifactKey: Guid(509d45009715c9b43b0388aea170fdc0) Importer(2089858483,b0f066a214c2f5e87bad3c948f4d605d)
Start importing Assets/JC_LP_MegaCity/Models/Nature/SM_Nature_Grass_01.fbx using Guid(509d45009715c9b43b0388aea170fdc0) Importer(2089858483,b0f066a214c2f5e87bad3c948f4d605d) (ScriptedImporter) -> (artifact id: 'f52db7819b5dfccf8a0d24792f9c1e00') in 0.004762676 seconds
Number of updated asset objects reloaded before import = 0Number of asset objects unloaded after import = 15

========================================================================
Received Import Request.
  Time since last request: 0.000007 seconds.
  path: Assets/JC_LP_MegaCity/Models/Vehicles/SM_Vehicles_ Yacht.fbx
  artifactKey: Guid(59c42c6a9514c4d499659bbf7f083b7b) Importer(2089858483,b0f066a214c2f5e87bad3c948f4d605d)
Start importing Assets/JC_LP_MegaCity/Models/Vehicles/SM_Vehicles_ Yacht.fbx using Guid(59c42c6a9514c4d499659bbf7f083b7b) Importer(2089858483,b0f066a214c2f5e87bad3c948f4d605d) (ScriptedImporter) -> (artifact id: 'b4029abb9783460091089ce9d4a8b92d') in 0.005199094 seconds
Number of updated asset objects reloaded before import = 0Number of asset objects unloaded after import = 7

========================================================================
Received Import Request.
  Time since last request: 0.000007 seconds.
  path: Assets/JC_LP_MegaCity/Models/Buildings/SM_Buildings_House_14_V1.fbx
  artifactKey: Guid(c3fe552c8cad508499a917338a60d1b7) Importer(2089858483,b0f066a214c2f5e87bad3c948f4d605d)
Start importing Assets/JC_LP_MegaCity/Models/Buildings/SM_Buildings_House_14_V1.fbx using Guid(c3fe552c8cad508499a917338a60d1b7) Importer(2089858483,b0f066a214c2f5e87bad3c948f4d605d) (ScriptedImporter) -> (artifact id: '81072c26ad298f898cdc91a2eba5e3d4') in 0.007860451 seconds
Number of updated asset objects reloaded before import = 0Number of asset objects unloaded after import = 7

========================================================================
Received Import Request.
  Time since last request: 0.000009 seconds.
  path: Assets/JC_LP_MegaCity/Models/Floor/SM_Floor_Parking_02.fbx
  artifactKey: Guid(5c0ebe39af568514ca7e1c0f509d0f94) Importer(2089858483,b0f066a214c2f5e87bad3c948f4d605d)
Start importing Assets/JC_LP_MegaCity/Models/Floor/SM_Floor_Parking_02.fbx using Guid(5c0ebe39af568514ca7e1c0f509d0f94) Importer(2089858483,b0f066a214c2f5e87bad3c948f4d605d) (ScriptedImporter) -> (artifact id: 'f6800f0083cf5ec1958026f35d4c3ec8') in 0.005275714 seconds
Number of updated asset objects reloaded before import = 0Number of asset objects unloaded after import = 7

========================================================================
Received Import Request.
  Time since last request: 0.000016 seconds.
  path: Assets/JC_LP_MegaCity/Models/Buildings/SM_Buildings_Skyscraper_05_Door_R.fbx
  artifactKey: Guid(109bf9c01fd183a4b912d6581d783392) Importer(2089858483,b0f066a214c2f5e87bad3c948f4d605d)
Start importing Assets/JC_LP_MegaCity/Models/Buildings/SM_Buildings_Skyscraper_05_Door_R.fbx using Guid(109bf9c01fd183a4b912d6581d783392) Importer(2089858483,b0f066a214c2f5e87bad3c948f4d605d) (ScriptedImporter) -> (artifact id: 'c69213e2787418f4dfee78d37a06ecd5') in 0.004405548 seconds
Number of updated asset objects reloaded before import = 0Number of asset objects unloaded after import = 7

========================================================================
Received Import Request.
  Time since last request: 0.000016 seconds.
  path: Assets/JC_LP_MegaCity/Prefabs/FX/FX_Clouds_01.prefab
  artifactKey: Guid(56a578aa40161464eafe2ed60aba0b91) Importer(2089858483,b0f066a214c2f5e87bad3c948f4d605d)
Start importing Assets/JC_LP_MegaCity/Prefabs/FX/FX_Clouds_01.prefab using Guid(56a578aa40161464eafe2ed60aba0b91) Importer(2089858483,b0f066a214c2f5e87bad3c948f4d605d) (ScriptedImporter) -> (artifact id: '45c12f4f46160f7f0963466146204a35') in 0.004468748 seconds
Number of updated asset objects reloaded before import = 0Number of asset objects unloaded after import = 8

========================================================================
Received Import Request.
  Time since last request: 0.000009 seconds.
  path: Assets/JC_LP_MegaCity/Prefabs/Buildings/SM_Buildings_House_06_V4.prefab
  artifactKey: Guid(cabb87df7ef31474db549d1e0872dbb5) Importer(2089858483,b0f066a214c2f5e87bad3c948f4d605d)
Start importing Assets/JC_LP_MegaCity/Prefabs/Buildings/SM_Buildings_House_06_V4.prefab using Guid(cabb87df7ef31474db549d1e0872dbb5) Importer(2089858483,b0f066a214c2f5e87bad3c948f4d605d) (ScriptedImporter) -> (artifact id: '3978b4655c712611db20af4f9e4f6c03') in 0.006897065 seconds
Number of updated asset objects reloaded before import = 0Number of asset objects unloaded after import = 34

========================================================================
Received Import Request.
  Time since last request: 0.000010 seconds.
  path: Assets/JC_LP_MegaCity/Models/Props/SM_Props_Supermarket_01_Door_R.fbx
  artifactKey: Guid(ecf90de66b84b8340ac8abd9ca9b0aba) Importer(2089858483,b0f066a214c2f5e87bad3c948f4d605d)
Start importing Assets/JC_LP_MegaCity/Models/Props/SM_Props_Supermarket_01_Door_R.fbx using Guid(ecf90de66b84b8340ac8abd9ca9b0aba) Importer(2089858483,b0f066a214c2f5e87bad3c948f4d605d) (ScriptedImporter) -> (artifact id: '1593475ac9468fabcbb845871dd154f2') in 0.004604807 seconds
Number of updated asset objects reloaded before import = 0Number of asset objects unloaded after import = 7

========================================================================
Received Import Request.
  Time since last request: 0.000008 seconds.
  path: Assets/JC_LP_MegaCity/Models/Nature/SM_Nature_Tree_07.fbx
  artifactKey: Guid(ce64b7c46a34d8b428c3c62a9a4c354f) Importer(2089858483,b0f066a214c2f5e87bad3c948f4d605d)
Start importing Assets/JC_LP_MegaCity/Models/Nature/SM_Nature_Tree_07.fbx using Guid(ce64b7c46a34d8b428c3c62a9a4c354f) Importer(2089858483,b0f066a214c2f5e87bad3c948f4d605d) (ScriptedImporter) -> (artifact id: 'e79888b5ae5203d3c862db2d3333403a') in 0.005189164 seconds
Number of updated asset objects reloaded before import = 0Number of asset objects unloaded after import = 15

========================================================================
Received Import Request.
  Time since last request: 0.000010 seconds.
  path: Assets/JC_LP_MegaCity/Prefabs/Buildings/SM_Buildings_Commercial_14.prefab
  artifactKey: Guid(d35753f65b0aa1142a70908e75c703fc) Importer(2089858483,b0f066a214c2f5e87bad3c948f4d605d)
Start importing Assets/JC_LP_MegaCity/Prefabs/Buildings/SM_Buildings_Commercial_14.prefab using Guid(d35753f65b0aa1142a70908e75c703fc) Importer(2089858483,b0f066a214c2f5e87bad3c948f4d605d) (ScriptedImporter) -> (artifact id: 'c717da95e81c322f7edc4544147aeed1') in 0.005628102 seconds
Number of updated asset objects reloaded before import = 0Number of asset objects unloaded after import = 23

========================================================================
Received Import Request.
  Time since last request: 0.000008 seconds.
  path: Assets/JC_LP_MegaCity/Prefabs/Food/SM_Food_Steak_01.prefab
  artifactKey: Guid(ec92350d5755310479b276ed8c91afa1) Importer(2089858483,b0f066a214c2f5e87bad3c948f4d605d)
Start importing Assets/JC_LP_MegaCity/Prefabs/Food/SM_Food_Steak_01.prefab using Guid(ec92350d5755310479b276ed8c91afa1) Importer(2089858483,b0f066a214c2f5e87bad3c948f4d605d) (ScriptedImporter) -> (artifact id: '110485200134fab4a6aab7a2ec5aa9f5') in 0.004857146 seconds
Number of updated asset objects reloaded before import = 0Number of asset objects unloaded after import = 9

========================================================================
Received Import Request.
  Time since last request: 0.000010 seconds.
  path: Assets/JC_LP_MegaCity/Prefabs/Buildings/SM_Buildings_Police_01.prefab
  artifactKey: Guid(2c8fed3de3587e14b9e950abf95ddb33) Importer(2089858483,b0f066a214c2f5e87bad3c948f4d605d)
Start importing Assets/JC_LP_MegaCity/Prefabs/Buildings/SM_Buildings_Police_01.prefab using Guid(2c8fed3de3587e14b9e950abf95ddb33) Importer(2089858483,b0f066a214c2f5e87bad3c948f4d605d) (ScriptedImporter) -> (artifact id: '876827d1c026e2de65ac5fbc92f4421c') in 0.007807731 seconds
Number of updated asset objects reloaded before import = 0Number of asset objects unloaded after import = 34

========================================================================
Received Import Request.
  Time since last request: 0.000008 seconds.
  path: Assets/JC_LP_MegaCity/Models/Buildings/SM_Buildings_House_05_V2.fbx
  artifactKey: Guid(8825e75e629933e469b5bbf7e905201a) Importer(2089858483,b0f066a214c2f5e87bad3c948f4d605d)
Start importing Assets/JC_LP_MegaCity/Models/Buildings/SM_Buildings_House_05_V2.fbx using Guid(8825e75e629933e469b5bbf7e905201a) Importer(2089858483,b0f066a214c2f5e87bad3c948f4d605d) (ScriptedImporter) -> (artifact id: 'dc7e031e39b1947fbcf45149c3992312') in 0.004814936 seconds
Number of updated asset objects reloaded before import = 0Number of asset objects unloaded after import = 7

========================================================================
Received Import Request.
  Time since last request: 0.000008 seconds.
  path: Assets/JC_LP_MegaCity/Models/Props/SM_Props_Electric_03.fbx
  artifactKey: Guid(1defb823b8830724db350225dabafddc) Importer(2089858483,b0f066a214c2f5e87bad3c948f4d605d)
Start importing Assets/JC_LP_MegaCity/Models/Props/SM_Props_Electric_03.fbx using Guid(1defb823b8830724db350225dabafddc) Importer(2089858483,b0f066a214c2f5e87bad3c948f4d605d) (ScriptedImporter) -> (artifact id: 'f3fa4fb738791b030f5f9b35b407d386') in 0.004275798 seconds
Number of updated asset objects reloaded before import = 0Number of asset objects unloaded after import = 7

========================================================================
Received Import Request.
  Time since last request: 0.000008 seconds.
  path: Assets/JC_LP_MegaCity/Prefabs/BuildingsDecor/SM_BuildingsDecor_47.prefab
  artifactKey: Guid(440b9e76e5e6b2447bedea387f1bf9d4) Importer(2089858483,b0f066a214c2f5e87bad3c948f4d605d)
Start importing Assets/JC_LP_MegaCity/Prefabs/BuildingsDecor/SM_BuildingsDecor_47.prefab using Guid(440b9e76e5e6b2447bedea387f1bf9d4) Importer(2089858483,b0f066a214c2f5e87bad3c948f4d605d) (ScriptedImporter) -> (artifact id: '91243a8144999634e149d3a9a0e60a2b') in 0.00403595 seconds
Number of updated asset objects reloaded before import = 0Number of asset objects unloaded after import = 10

========================================================================
Received Import Request.
  Time since last request: 0.000013 seconds.
  path: Assets/JC_LP_MegaCity/Models/Food/SM_Food_FoodBox_10.fbx
  artifactKey: Guid(011c12f0d405ce146aa9a83b2e453c82) Importer(2089858483,b0f066a214c2f5e87bad3c948f4d605d)
Start importing Assets/JC_LP_MegaCity/Models/Food/SM_Food_FoodBox_10.fbx using Guid(011c12f0d405ce146aa9a83b2e453c82) Importer(2089858483,b0f066a214c2f5e87bad3c948f4d605d) (ScriptedImporter) -> (artifact id: '611872dac3032b05b10bb26dbe3fa4a9') in 0.006584437 seconds
Number of updated asset objects reloaded before import = 0Number of asset objects unloaded after import = 7

========================================================================
Received Import Request.
  Time since last request: 0.000018 seconds.
  path: Assets/JC_LP_MegaCity/Prefabs/Props/SM_Props_Furniture_02.prefab
  artifactKey: Guid(6d7d805f9676b144c8b51f5ee95b0b7b) Importer(2089858483,b0f066a214c2f5e87bad3c948f4d605d)
Start importing Assets/JC_LP_MegaCity/Prefabs/Props/SM_Props_Furniture_02.prefab using Guid(6d7d805f9676b144c8b51f5ee95b0b7b) Importer(2089858483,b0f066a214c2f5e87bad3c948f4d605d) (ScriptedImporter) -> (artifact id: 'db336f1f60622fc3d868d9fd441f6d88') in 0.004776526 seconds
Number of updated asset objects reloaded before import = 0Number of asset objects unloaded after import = 9

========================================================================
Received Import Request.
  Time since last request: 0.000011 seconds.
  path: Assets/JC_LP_MegaCity/Models/Props/SM_Props_Box_02.fbx
  artifactKey: Guid(ecf341b77cd6c18478924cf12d3e289e) Importer(2089858483,b0f066a214c2f5e87bad3c948f4d605d)
Start importing Assets/JC_LP_MegaCity/Models/Props/SM_Props_Box_02.fbx using Guid(ecf341b77cd6c18478924cf12d3e289e) Importer(2089858483,b0f066a214c2f5e87bad3c948f4d605d) (ScriptedImporter) -> (artifact id: '7b8687201af6c1404d709c7cd6d8d84f') in 0.006577297 seconds
Number of updated asset objects reloaded before import = 0Number of asset objects unloaded after import = 7

========================================================================
Received Import Request.
  Time since last request: 0.000014 seconds.
  path: Assets/JC_LP_MegaCity/Models/Buildings/SM_Buildings_House_02_V2.fbx
  artifactKey: Guid(467861e4a4c66674da9cf5941c5c23e4) Importer(2089858483,b0f066a214c2f5e87bad3c948f4d605d)
Start importing Assets/JC_LP_MegaCity/Models/Buildings/SM_Buildings_House_02_V2.fbx using Guid(467861e4a4c66674da9cf5941c5c23e4) Importer(2089858483,b0f066a214c2f5e87bad3c948f4d605d) (ScriptedImporter) -> (artifact id: '5f661ec75e1002ddb9e84fda822b693a') in 0.006110339 seconds
Number of updated asset objects reloaded before import = 0Number of asset objects unloaded after import = 7

========================================================================
Received Import Request.
  Time since last request: 0.000008 seconds.
  path: Assets/JC_LP_MegaCity/Prefabs/Props/SM_Props_Market_03.prefab
  artifactKey: Guid(5746345391776764f927b5b2d2c35635) Importer(2089858483,b0f066a214c2f5e87bad3c948f4d605d)
Start importing Assets/JC_LP_MegaCity/Prefabs/Props/SM_Props_Market_03.prefab using Guid(5746345391776764f927b5b2d2c35635) Importer(2089858483,b0f066a214c2f5e87bad3c948f4d605d) (ScriptedImporter) -> (artifact id: '264eef44eaa4114eef397f878e9da6b4') in 0.003867881 seconds
Number of updated asset objects reloaded before import = 0Number of asset objects unloaded after import = 9

========================================================================
Received Import Request.
  Time since last request: 0.000009 seconds.
  path: Assets/JC_LP_MegaCity/Prefabs/Vehicles/SM_Vehicles_11_V1.prefab
  artifactKey: Guid(b65c0fb6fbbe1e04b813339933636d3a) Importer(2089858483,b0f066a214c2f5e87bad3c948f4d605d)
Start importing Assets/JC_LP_MegaCity/Prefabs/Vehicles/SM_Vehicles_11_V1.prefab using Guid(b65c0fb6fbbe1e04b813339933636d3a) Importer(2089858483,b0f066a214c2f5e87bad3c948f4d605d) (ScriptedImporter) -> (artifact id: '9034552ad4d551b72ed6060ed77e2ffa') in 0.002335298 seconds
Number of updated asset objects reloaded before import = 0Number of asset objects unloaded after import = 34

========================================================================
Received Import Request.
  Time since last request: 0.000008 seconds.
  path: Assets/JC_LP_MegaCity/Prefabs/Buildings/SM_Buildings_House_06_V2.prefab
  artifactKey: Guid(beb286ddb4e98a640b1916c9ecac17db) Importer(2089858483,b0f066a214c2f5e87bad3c948f4d605d)
Start importing Assets/JC_LP_MegaCity/Prefabs/Buildings/SM_Buildings_House_06_V2.prefab using Guid(beb286ddb4e98a640b1916c9ecac17db) Importer(2089858483,b0f066a214c2f5e87bad3c948f4d605d) (ScriptedImporter) -> (artifact id: 'eff7a89bf94c7eb7c13ad6777100766b') in 0.006472988 seconds
Number of updated asset objects reloaded before import = 0Number of asset objects unloaded after import = 34

========================================================================
Received Import Request.
  Time since last request: 0.000009 seconds.
  path: Assets/JC_LP_MegaCity/Models/Buildings/SM_Buildings_Commercial_04.fbx
  artifactKey: Guid(9ec27bab130076041b80e7d84b1412ec) Importer(2089858483,b0f066a214c2f5e87bad3c948f4d605d)
Start importing Assets/JC_LP_MegaCity/Models/Buildings/SM_Buildings_Commercial_04.fbx using Guid(9ec27bab130076041b80e7d84b1412ec) Importer(2089858483,b0f066a214c2f5e87bad3c948f4d605d) (ScriptedImporter) -> (artifact id: '2a1b53029e03c1320db7f5b1a52dc02e') in 0.004602807 seconds
Number of updated asset objects reloaded before import = 0Number of asset objects unloaded after import = 7

========================================================================
Received Import Request.
  Time since last request: 0.000009 seconds.
  path: Assets/JC_LP_MegaCity/Models/Floor/SM_Floor_Road_12.fbx
  artifactKey: Guid(36f0efdf5b7afbd42bf3d100216d0b38) Importer(2089858483,b0f066a214c2f5e87bad3c948f4d605d)
Start importing Assets/JC_LP_MegaCity/Models/Floor/SM_Floor_Road_12.fbx using Guid(36f0efdf5b7afbd42bf3d100216d0b38) Importer(2089858483,b0f066a214c2f5e87bad3c948f4d605d) (ScriptedImporter) -> (artifact id: '2a89e324922442b18282c7eb0f9fa409') in 0.004243689 seconds
Number of updated asset objects reloaded before import = 0Number of asset objects unloaded after import = 7

========================================================================
Received Import Request.
  Time since last request: 0.000008 seconds.
  path: Assets/JC_LP_MegaCity/Prefabs/IndustrialProps/SM_IndustrialProps_Construction_02.prefab
  artifactKey: Guid(156cc53ee0b73134db9f12e4defbf7ff) Importer(2089858483,b0f066a214c2f5e87bad3c948f4d605d)
Start importing Assets/JC_LP_MegaCity/Prefabs/IndustrialProps/SM_IndustrialProps_Construction_02.prefab using Guid(156cc53ee0b73134db9f12e4defbf7ff) Importer(2089858483,b0f066a214c2f5e87bad3c948f4d605d) (ScriptedImporter) -> (artifact id: 'db2a52fbdff238ca2801cadea6fae98a') in 0.003434863 seconds
Number of updated asset objects reloaded before import = 0Number of asset objects unloaded after import = 9

========================================================================
Received Import Request.
  Time since last request: 0.000007 seconds.
  path: Assets/JC_LP_MegaCity/Models/Buildings/SM_Buildings_Office_09_Door_L.fbx
  artifactKey: Guid(c1e4cba4ba0233c4baf0fcf879f8e6bc) Importer(2089858483,b0f066a214c2f5e87bad3c948f4d605d)
Start importing Assets/JC_LP_MegaCity/Models/Buildings/SM_Buildings_Office_09_Door_L.fbx using Guid(c1e4cba4ba0233c4baf0fcf879f8e6bc) Importer(2089858483,b0f066a214c2f5e87bad3c948f4d605d) (ScriptedImporter) -> (artifact id: 'bbd4831d3de7c0abff6eb802eee08755') in 0.005742192 seconds
Number of updated asset objects reloaded before import = 0Number of asset objects unloaded after import = 7

========================================================================
Received Import Request.
  Time since last request: 0.000011 seconds.
  path: Assets/JC_LP_MegaCity/Models/Buildings/SM_Buildings_Skyscraper_05.fbx
  artifactKey: Guid(bac09a3aef40c7342bcccf31e5ad858d) Importer(2089858483,b0f066a214c2f5e87bad3c948f4d605d)
Start importing Assets/JC_LP_MegaCity/Models/Buildings/SM_Buildings_Skyscraper_05.fbx using Guid(bac09a3aef40c7342bcccf31e5ad858d) Importer(2089858483,b0f066a214c2f5e87bad3c948f4d605d) (ScriptedImporter) -> (artifact id: 'c82d9cf79280c18b0e9e7c59086b1750') in 0.006961025 seconds
Number of updated asset objects reloaded before import = 0Number of asset objects unloaded after import = 7

========================================================================
Received Import Request.
  Time since last request: 0.000019 seconds.
  path: Assets/JC_LP_MegaCity/Models/Food/SM_Food_Pepper_01.fbx
  artifactKey: Guid(1eaf7610a99f6e643ab1f78b7e5d41a6) Importer(2089858483,b0f066a214c2f5e87bad3c948f4d605d)
Start importing Assets/JC_LP_MegaCity/Models/Food/SM_Food_Pepper_01.fbx using Guid(1eaf7610a99f6e643ab1f78b7e5d41a6) Importer(2089858483,b0f066a214c2f5e87bad3c948f4d605d) (ScriptedImporter) -> (artifact id: '4ca41d5e4ffddde5408fdfd345b232c9') in 0.004528057 seconds
Number of updated asset objects reloaded before import = 0Number of asset objects unloaded after import = 7

========================================================================
Received Import Request.
  Time since last request: 0.000008 seconds.
  path: Assets/JC_LP_MegaCity/Prefabs/Buildings/SM_Buildings_House_09_V2.prefab
  artifactKey: Guid(acf2361a2546f9c4a9e8c8bdbc676050) Importer(2089858483,b0f066a214c2f5e87bad3c948f4d605d)
Start importing Assets/JC_LP_MegaCity/Prefabs/Buildings/SM_Buildings_House_09_V2.prefab using Guid(acf2361a2546f9c4a9e8c8bdbc676050) Importer(2089858483,b0f066a214c2f5e87bad3c948f4d605d) (ScriptedImporter) -> (artifact id: '25c686fb0e899b67c99a074c7f9cd089') in 0.004301058 seconds
Number of updated asset objects reloaded before import = 0Number of asset objects unloaded after import = 15

========================================================================
Received Import Request.
  Time since last request: 0.000009 seconds.
  path: Assets/JC_LP_MegaCity/Materials/M_MegaCity_01_CarLight_02.mat
  artifactKey: Guid(8ae2152be6797d64984262307bad723e) Importer(2089858483,b0f066a214c2f5e87bad3c948f4d605d)
Start importing Assets/JC_LP_MegaCity/Materials/M_MegaCity_01_CarLight_02.mat using Guid(8ae2152be6797d64984262307bad723e) Importer(2089858483,b0f066a214c2f5e87bad3c948f4d605d) (ScriptedImporter) -> (artifact id: '33c307d56e3d7837f5295ecb001f70dc') in 0.014077479 seconds
Number of updated asset objects reloaded before import = 0Number of asset objects unloaded after import = 1

========================================================================
Received Import Request.
  Time since last request: 0.000009 seconds.
  path: Assets/JC_LP_MegaCity/Prefabs/Vehicles/SM_Vehicles_ Bike_03_V1.prefab
  artifactKey: Guid(2c83444d090a3744abf0ad27f1a7aaf0) Importer(2089858483,b0f066a214c2f5e87bad3c948f4d605d)
Start importing Assets/JC_LP_MegaCity/Prefabs/Vehicles/SM_Vehicles_ Bike_03_V1.prefab using Guid(2c83444d090a3744abf0ad27f1a7aaf0) Importer(2089858483,b0f066a214c2f5e87bad3c948f4d605d) (ScriptedImporter) -> (artifact id: 'f7536c406f401fa85fd5ffa5023dae92') in 0.002358318 seconds
Number of updated asset objects reloaded before import = 0Number of asset objects unloaded after import = 28

========================================================================
Received Import Request.
  Time since last request: 0.000007 seconds.
  path: Assets/JC_LP_MegaCity/Prefabs/Nature/SM_Nature_Grass_01.prefab
  artifactKey: Guid(0dea3dbfe4e2bfc48be0872eb484b783) Importer(2089858483,b0f066a214c2f5e87bad3c948f4d605d)
Start importing Assets/JC_LP_MegaCity/Prefabs/Nature/SM_Nature_Grass_01.prefab using Guid(0dea3dbfe4e2bfc48be0872eb484b783) Importer(2089858483,b0f066a214c2f5e87bad3c948f4d605d) (ScriptedImporter) -> (artifact id: 'aebda1da9feddb70e43f959849593f22') in 0.002107459 seconds
Number of updated asset objects reloaded before import = 0Number of asset objects unloaded after import = 15

========================================================================
Received Import Request.
  Time since last request: 0.000008 seconds.
  path: Assets/JC_LP_MegaCity/Prefabs/BuildingsDecor/SM_BuildingsDecor_28.prefab
  artifactKey: Guid(56390549cbb5e184d857a24c00fffadc) Importer(2089858483,b0f066a214c2f5e87bad3c948f4d605d)
Start importing Assets/JC_LP_MegaCity/Prefabs/BuildingsDecor/SM_BuildingsDecor_28.prefab using Guid(56390549cbb5e184d857a24c00fffadc) Importer(2089858483,b0f066a214c2f5e87bad3c948f4d605d) (ScriptedImporter) -> (artifact id: '3907f69a5f9e3c950e5e5dc49010b5f6') in 0.004930125 seconds
Number of updated asset objects reloaded before import = 0Number of asset objects unloaded after import = 9

========================================================================
Received Import Request.
  Time since last request: 0.000008 seconds.
  path: Assets/JC_LP_MegaCity/Scenes/LP_MegaCity_Overview.unity
  artifactKey: Guid(77b736799313b1a4ea59f6d6dd424783) Importer(2089858483,b0f066a214c2f5e87bad3c948f4d605d)
Start importing Assets/JC_LP_MegaCity/Scenes/LP_MegaCity_Overview.unity using Guid(77b736799313b1a4ea59f6d6dd424783) Importer(2089858483,b0f066a214c2f5e87bad3c948f4d605d) (ScriptedImporter) -> (artifact id: 'd9b65a9a06f8ab38d84fbda18faf6acb') in 0.048141019 seconds
Number of updated asset objects reloaded before import = 0Number of asset objects unloaded after import = 1

========================================================================
Received Import Request.
  Time since last request: 0.000010 seconds.
  path: Assets/JC_LP_MegaCity/Models/Buildings/SM_Buildings_ElevatorDoor_L.fbx
  artifactKey: Guid(57db26cabc4dd184c9801281cc2f2df9) Importer(2089858483,b0f066a214c2f5e87bad3c948f4d605d)
Start importing Assets/JC_LP_MegaCity/Models/Buildings/SM_Buildings_ElevatorDoor_L.fbx using Guid(57db26cabc4dd184c9801281cc2f2df9) Importer(2089858483,b0f066a214c2f5e87bad3c948f4d605d) (ScriptedImporter) -> (artifact id: '2fe5e80560f49cb8a297e44a9c39268e') in 0.004492298 seconds
Number of updated asset objects reloaded before import = 0Number of asset objects unloaded after import = 7

========================================================================
Received Import Request.
  Time since last request: 0.000012 seconds.
  path: Assets/JC_LP_MegaCity/Models/FloorProps/SM_FloorProps_RoadSign_09.fbx
  artifactKey: Guid(e9c3154766d133244acc2d8d9caf4209) Importer(2089858483,b0f066a214c2f5e87bad3c948f4d605d)
Start importing Assets/JC_LP_MegaCity/Models/FloorProps/SM_FloorProps_RoadSign_09.fbx using Guid(e9c3154766d133244acc2d8d9caf4209) Importer(2089858483,b0f066a214c2f5e87bad3c948f4d605d) (ScriptedImporter) -> (artifact id: '0ae5daf6a1305c8b199a722c58bf404f') in 0.005316394 seconds
Number of updated asset objects reloaded before import = 0Number of asset objects unloaded after import = 7

========================================================================
Received Import Request.
  Time since last request: 0.000012 seconds.
  path: Assets/JC_LP_MegaCity/Models/Buildings/SM_Buildings_House_05_V4.fbx
  artifactKey: Guid(cd00c2b3f0915b44a912ea3b154ef0aa) Importer(2089858483,b0f066a214c2f5e87bad3c948f4d605d)
Start importing Assets/JC_LP_MegaCity/Models/Buildings/SM_Buildings_House_05_V4.fbx using Guid(cd00c2b3f0915b44a912ea3b154ef0aa) Importer(2089858483,b0f066a214c2f5e87bad3c948f4d605d) (ScriptedImporter) -> (artifact id: '865d699459e41acb148966043fdfba6a') in 0.004926915 seconds
Number of updated asset objects reloaded before import = 0Number of asset objects unloaded after import = 7

========================================================================
Received Import Request.
  Time since last request: 0.000010 seconds.
  path: Assets/JC_LP_MegaCity/Models/Vehicles/SM_Vehicles_09_V1.fbx
  artifactKey: Guid(bd7b964dae2365c4ebcf23bb2aaa9168) Importer(2089858483,b0f066a214c2f5e87bad3c948f4d605d)
Start importing Assets/JC_LP_MegaCity/Models/Vehicles/SM_Vehicles_09_V1.fbx using Guid(bd7b964dae2365c4ebcf23bb2aaa9168) Importer(2089858483,b0f066a214c2f5e87bad3c948f4d605d) (ScriptedImporter) -> (artifact id: 'a2e7b56290bd61c7fd7a32848455661f') in 0.007733662 seconds
Number of updated asset objects reloaded before import = 0Number of asset objects unloaded after import = 34

========================================================================
Received Import Request.
  Time since last request: 0.000009 seconds.
  path: Assets/JC_LP_MegaCity/Models/Buildings/SM_Buildings_Commercial_13_Door_R.fbx
  artifactKey: Guid(2fd995ec8dafd6140b65770e64768d5b) Importer(2089858483,b0f066a214c2f5e87bad3c948f4d605d)
Start importing Assets/JC_LP_MegaCity/Models/Buildings/SM_Buildings_Commercial_13_Door_R.fbx using Guid(2fd995ec8dafd6140b65770e64768d5b) Importer(2089858483,b0f066a214c2f5e87bad3c948f4d605d) (ScriptedImporter) -> (artifact id: 'ebf713f1ccb98f97b79e0a453811660d') in 0.004638317 seconds
Number of updated asset objects reloaded before import = 0Number of asset objects unloaded after import = 7

========================================================================
Received Import Request.
  Time since last request: 0.000008 seconds.
  path: Assets/JC_LP_MegaCity/Models/Floor/SM_Floor_Road_15.fbx
  artifactKey: Guid(8788ce8a91e535641903b894c4787b9e) Importer(2089858483,b0f066a214c2f5e87bad3c948f4d605d)
Start importing Assets/JC_LP_MegaCity/Models/Floor/SM_Floor_Road_15.fbx using Guid(8788ce8a91e535641903b894c4787b9e) Importer(2089858483,b0f066a214c2f5e87bad3c948f4d605d) (ScriptedImporter) -> (artifact id: 'b64576cf60f51bcf9d65498d1b43b03b') in 0.005073944 seconds
Number of updated asset objects reloaded before import = 0Number of asset objects unloaded after import = 7

========================================================================
Received Import Request.
  Time since last request: 0.000008 seconds.
  path: Assets/JC_LP_MegaCity/Models/Buildings/SM_Buildings_School_01_Door_L.fbx
  artifactKey: Guid(4ef0e413020f11e47a4eff7f39f7b2a2) Importer(2089858483,b0f066a214c2f5e87bad3c948f4d605d)
Start importing Assets/JC_LP_MegaCity/Models/Buildings/SM_Buildings_School_01_Door_L.fbx using Guid(4ef0e413020f11e47a4eff7f39f7b2a2) Importer(2089858483,b0f066a214c2f5e87bad3c948f4d605d) (ScriptedImporter) -> (artifact id: 'e9091e2aaf1f49516ef61dbef93dc6fc') in 0.004334908 seconds
Number of updated asset objects reloaded before import = 0Number of asset objects unloaded after import = 7

========================================================================
Received Import Request.
  Time since last request: 0.000007 seconds.
  path: Assets/JC_LP_MegaCity/Models/Vehicles/SM_Vehicles_ Bike_02_V1.fbx
  artifactKey: Guid(780a4a98dcc80784eb46fae32e49124c) Importer(2089858483,b0f066a214c2f5e87bad3c948f4d605d)
Start importing Assets/JC_LP_MegaCity/Models/Vehicles/SM_Vehicles_ Bike_02_V1.fbx using Guid(780a4a98dcc80784eb46fae32e49124c) Importer(2089858483,b0f066a214c2f5e87bad3c948f4d605d) (ScriptedImporter) -> (artifact id: '6d81bb638029abf9acc154350fcf6f5f') in 0.007380993 seconds
Number of updated asset objects reloaded before import = 0Number of asset objects unloaded after import = 39

========================================================================
Received Import Request.
  Time since last request: 0.000008 seconds.
  path: Assets/JC_LP_MegaCity/Models/Props/SM_Props_Ads_04.fbx
  artifactKey: Guid(cb306504446585d4d9c23226fac05447) Importer(2089858483,b0f066a214c2f5e87bad3c948f4d605d)
Start importing Assets/JC_LP_MegaCity/Models/Props/SM_Props_Ads_04.fbx using Guid(cb306504446585d4d9c23226fac05447) Importer(2089858483,b0f066a214c2f5e87bad3c948f4d605d) (ScriptedImporter) -> (artifact id: '587163a19b2dbf9387ec639c97087802') in 0.005264533 seconds
Number of updated asset objects reloaded before import = 0Number of asset objects unloaded after import = 7

========================================================================
Received Import Request.
  Time since last request: 0.000010 seconds.
  path: Assets/JC_LP_MegaCity/Prefabs/BuildingsDecor/SM_BuildingsDecor_01.prefab
  artifactKey: Guid(0ba740fe24b3eda4a9ba02ff577d15bf) Importer(2089858483,b0f066a214c2f5e87bad3c948f4d605d)
Start importing Assets/JC_LP_MegaCity/Prefabs/BuildingsDecor/SM_BuildingsDecor_01.prefab using Guid(0ba740fe24b3eda4a9ba02ff577d15bf) Importer(2089858483,b0f066a214c2f5e87bad3c948f4d605d) (ScriptedImporter) -> (artifact id: 'cf4623e337d81951cab1a73c1e195fc9') in 0.004178579 seconds
Number of updated asset objects reloaded before import = 0Number of asset objects unloaded after import = 9

========================================================================
Received Import Request.
  Time since last request: 0.000008 seconds.
  path: Assets/JC_LP_MegaCity/Prefabs/BuildingsDecor/SM_BuildingsDecor_05.prefab
  artifactKey: Guid(98ba528f578e8804184fbcf80b16185f) Importer(2089858483,b0f066a214c2f5e87bad3c948f4d605d)
Start importing Assets/JC_LP_MegaCity/Prefabs/BuildingsDecor/SM_BuildingsDecor_05.prefab using Guid(98ba528f578e8804184fbcf80b16185f) Importer(2089858483,b0f066a214c2f5e87bad3c948f4d605d) (ScriptedImporter) -> (artifact id: 'ba431bf1ac6647b261492440eab06fad') in 0.003443022 seconds
Number of updated asset objects reloaded before import = 0Number of asset objects unloaded after import = 9

========================================================================
Received Import Request.
  Time since last request: 0.000009 seconds.
  path: Assets/JC_LP_MegaCity/Prefabs/Props/SM_Props_PC_02.prefab
  artifactKey: Guid(44da3fe061509ee4abcf8c1cad4d1ef4) Importer(2089858483,b0f066a214c2f5e87bad3c948f4d605d)
Start importing Assets/JC_LP_MegaCity/Prefabs/Props/SM_Props_PC_02.prefab using Guid(44da3fe061509ee4abcf8c1cad4d1ef4) Importer(2089858483,b0f066a214c2f5e87bad3c948f4d605d) (ScriptedImporter) -> (artifact id: '19f5bb16f7e92e6192d5a22bb992fd71') in 0.004497758 seconds
Number of updated asset objects reloaded before import = 0Number of asset objects unloaded after import = 11

========================================================================
Received Import Request.
  Time since last request: 0.000012 seconds.
  path: Assets/JC_LP_MegaCity/Prefabs/Nature/SM_Nature_Landscape_07.prefab
  artifactKey: Guid(45e1a18525873cc4f88a200fd49655c3) Importer(2089858483,b0f066a214c2f5e87bad3c948f4d605d)
Start importing Assets/JC_LP_MegaCity/Prefabs/Nature/SM_Nature_Landscape_07.prefab using Guid(45e1a18525873cc4f88a200fd49655c3) Importer(2089858483,b0f066a214c2f5e87bad3c948f4d605d) (ScriptedImporter) -> (artifact id: 'e82197c99215c547ac4b1756491368f3') in 0.005180094 seconds
Number of updated asset objects reloaded before import = 0Number of asset objects unloaded after import = 9

========================================================================
Received Import Request.
  Time since last request: 0.000019 seconds.
  path: Assets/JC_LP_MegaCity/Models/Vehicles/SM_Vehicles_14_V1.fbx
  artifactKey: Guid(bea9825014ef4944c95208bf4e562bbe) Importer(2089858483,b0f066a214c2f5e87bad3c948f4d605d)
Start importing Assets/JC_LP_MegaCity/Models/Vehicles/SM_Vehicles_14_V1.fbx using Guid(bea9825014ef4944c95208bf4e562bbe) Importer(2089858483,b0f066a214c2f5e87bad3c948f4d605d) (ScriptedImporter) -> (artifact id: '41b677734fc48dd5b6aaa0d054ea8354') in 0.00598574 seconds
Number of updated asset objects reloaded before import = 0Number of asset objects unloaded after import = 34

========================================================================
Received Import Request.
  Time since last request: 0.000008 seconds.
  path: Assets/JC_LP_MegaCity/Models/IndustrialProps/SM_IndustrialProps_ShippingContainer_01_Door_02.fbx
  artifactKey: Guid(411b1c248338e0b4a8eefe266a77b88c) Importer(2089858483,b0f066a214c2f5e87bad3c948f4d605d)
Start importing Assets/JC_LP_MegaCity/Models/IndustrialProps/SM_IndustrialProps_ShippingContainer_01_Door_02.fbx using Guid(411b1c248338e0b4a8eefe266a77b88c) Importer(2089858483,b0f066a214c2f5e87bad3c948f4d605d) (ScriptedImporter) -> (artifact id: 'ab40c386afefdae7d606d3c7a78f4eed') in 0.004272599 seconds
Number of updated asset objects reloaded before import = 0Number of asset objects unloaded after import = 7

========================================================================
Received Import Request.
  Time since last request: 0.000009 seconds.
  path: Assets/JC_LP_MegaCity/Models/Props/SM_Props_Gym_03.fbx
  artifactKey: Guid(6431f1db7a1aa124e9b38bb9156d5531) Importer(2089858483,b0f066a214c2f5e87bad3c948f4d605d)
Start importing Assets/JC_LP_MegaCity/Models/Props/SM_Props_Gym_03.fbx using Guid(6431f1db7a1aa124e9b38bb9156d5531) Importer(2089858483,b0f066a214c2f5e87bad3c948f4d605d) (ScriptedImporter) -> (artifact id: '155bfc9995f84a9e43baec31a71a2f97') in 0.004762367 seconds
Number of updated asset objects reloaded before import = 0Number of asset objects unloaded after import = 7

========================================================================
Received Import Request.
  Time since last request: 0.000009 seconds.
  path: Assets/JC_LP_MegaCity/Prefabs/BuildingsDecor/SM_BuildingsDecor_36.prefab
  artifactKey: Guid(3ebf21237a875aa4aafa003995f0d31e) Importer(2089858483,b0f066a214c2f5e87bad3c948f4d605d)
Start importing Assets/JC_LP_MegaCity/Prefabs/BuildingsDecor/SM_BuildingsDecor_36.prefab using Guid(3ebf21237a875aa4aafa003995f0d31e) Importer(2089858483,b0f066a214c2f5e87bad3c948f4d605d) (ScriptedImporter) -> (artifact id: '6d761715df0bcd5944bb9a0480ed8527') in 0.006119819 seconds
Number of updated asset objects reloaded before import = 0Number of asset objects unloaded after import = 9

========================================================================
Received Import Request.
  Time since last request: 0.000008 seconds.
  path: Assets/JC_LP_MegaCity/Models/BuildingsDecor/SM_BuildingsDecor_18.fbx
  artifactKey: Guid(fcdda6f93ff07234c8f0d53d677c90e4) Importer(2089858483,b0f066a214c2f5e87bad3c948f4d605d)
Start importing Assets/JC_LP_MegaCity/Models/BuildingsDecor/SM_BuildingsDecor_18.fbx using Guid(fcdda6f93ff07234c8f0d53d677c90e4) Importer(2089858483,b0f066a214c2f5e87bad3c948f4d605d) (ScriptedImporter) -> (artifact id: '88e291a699694e41ada57126dceefd78') in 0.004503818 seconds
Number of updated asset objects reloaded before import = 0Number of asset objects unloaded after import = 7

========================================================================
Received Import Request.
  Time since last request: 0.000007 seconds.
  path: Assets/JC_LP_MegaCity/Prefabs/Props/SM_Props_Electric_01.prefab
  artifactKey: Guid(228cb0f2a38b83b4f8f8d474fab91a98) Importer(2089858483,b0f066a214c2f5e87bad3c948f4d605d)
Start importing Assets/JC_LP_MegaCity/Prefabs/Props/SM_Props_Electric_01.prefab using Guid(228cb0f2a38b83b4f8f8d474fab91a98) Importer(2089858483,b0f066a214c2f5e87bad3c948f4d605d) (ScriptedImporter) -> (artifact id: 'f0d61b3fa3a013978b4f1255df5c1ae5') in 0.00386336 seconds
Number of updated asset objects reloaded before import = 0Number of asset objects unloaded after import = 9

========================================================================
Received Import Request.
  Time since last request: 0.000009 seconds.
  path: Assets/JC_LP_MegaCity/Prefabs/Vehicles/SM_Vehicles_09_V2.prefab
  artifactKey: Guid(179c3c01a8bfae64bbe3f6564d4cd7fb) Importer(2089858483,b0f066a214c2f5e87bad3c948f4d605d)
Start importing Assets/JC_LP_MegaCity/Prefabs/Vehicles/SM_Vehicles_09_V2.prefab using Guid(179c3c01a8bfae64bbe3f6564d4cd7fb) Importer(2089858483,b0f066a214c2f5e87bad3c948f4d605d) (ScriptedImporter) -> (artifact id: '2632bddf329cef15279c35e477716779') in 0.002274689 seconds
Number of updated asset objects reloaded before import = 0Number of asset objects unloaded after import = 34

========================================================================
Received Import Request.
  Time since last request: 0.000008 seconds.
  path: Assets/JC_LP_MegaCity/Prefabs/FloorProps/SM_FloorProps_RoadSign_44.prefab
  artifactKey: Guid(356e8ca6faedb964e90f7caf1a823351) Importer(2089858483,b0f066a214c2f5e87bad3c948f4d605d)
Start importing Assets/JC_LP_MegaCity/Prefabs/FloorProps/SM_FloorProps_RoadSign_44.prefab using Guid(356e8ca6faedb964e90f7caf1a823351) Importer(2089858483,b0f066a214c2f5e87bad3c948f4d605d) (ScriptedImporter) -> (artifact id: '6733f27f65e66175a0d91d9fc7bbb14e') in 0.003450783 seconds
Number of updated asset objects reloaded before import = 0Number of asset objects unloaded after import = 9

========================================================================
Received Import Request.
  Time since last request: 0.000009 seconds.
  path: Assets/JC_LP_MegaCity/Models/Props/SM_Props_Pool_09.fbx
  artifactKey: Guid(90bbd2b753cd3b94498e44429d841a4d) Importer(2089858483,b0f066a214c2f5e87bad3c948f4d605d)
Start importing Assets/JC_LP_MegaCity/Models/Props/SM_Props_Pool_09.fbx using Guid(90bbd2b753cd3b94498e44429d841a4d) Importer(2089858483,b0f066a214c2f5e87bad3c948f4d605d) (ScriptedImporter) -> (artifact id: '8d5a0769b7b716b4e7211e23af781b5a') in 0.00414117 seconds
Number of updated asset objects reloaded before import = 0Number of asset objects unloaded after import = 7

========================================================================
Received Import Request.
  Time since last request: 0.000009 seconds.
  path: Assets/JC_LP_MegaCity/Models/Floor/SM_Floor_Tile_11.fbx
  artifactKey: Guid(501817f2ffa7ede41a1ad48fe7df8cc9) Importer(2089858483,b0f066a214c2f5e87bad3c948f4d605d)
Start importing Assets/JC_LP_MegaCity/Models/Floor/SM_Floor_Tile_11.fbx using Guid(501817f2ffa7ede41a1ad48fe7df8cc9) Importer(2089858483,b0f066a214c2f5e87bad3c948f4d605d) (ScriptedImporter) -> (artifact id: '372be0c2f3e4cb1e82a83bf5f49be00c') in 0.005654571 seconds
Number of updated asset objects reloaded before import = 0Number of asset objects unloaded after import = 7

========================================================================
Received Import Request.
  Time since last request: 0.000008 seconds.
  path: Assets/JC_LP_MegaCity/Prefabs/Props/SM_Props_Rack_07.prefab
  artifactKey: Guid(46f9713e9034a0c4ebbdf1e2d3524492) Importer(2089858483,b0f066a214c2f5e87bad3c948f4d605d)
Start importing Assets/JC_LP_MegaCity/Prefabs/Props/SM_Props_Rack_07.prefab using Guid(46f9713e9034a0c4ebbdf1e2d3524492) Importer(2089858483,b0f066a214c2f5e87bad3c948f4d605d) (ScriptedImporter) -> (artifact id: '9ceb918e4a8ff5d86101d5aebf194c06') in 0.004170979 seconds
Number of updated asset objects reloaded before import = 0Number of asset objects unloaded after import = 9

========================================================================
Received Import Request.
  Time since last request: 0.000011 seconds.
  path: Assets/JC_LP_MegaCity/Models/IndustrialProps/SM_IndustrialProps_ShippingContainer_02_Door_02.fbx
  artifactKey: Guid(4aaa28f189d6dba469bdc55773811522) Importer(2089858483,b0f066a214c2f5e87bad3c948f4d605d)
Start importing Assets/JC_LP_MegaCity/Models/IndustrialProps/SM_IndustrialProps_ShippingContainer_02_Door_02.fbx using Guid(4aaa28f189d6dba469bdc55773811522) Importer(2089858483,b0f066a214c2f5e87bad3c948f4d605d) (ScriptedImporter) -> (artifact id: '0aa86e584f0ce2107f40f37a842e4447') in 0.004282258 seconds
Number of updated asset objects reloaded before import = 0Number of asset objects unloaded after import = 7

========================================================================
Received Import Request.
  Time since last request: 0.000014 seconds.
  path: Assets/JC_LP_MegaCity/Prefabs/Vehicles/SM_Vehicles_Train_03.prefab
  artifactKey: Guid(81650867ab48e564e9eeaaef93291758) Importer(2089858483,b0f066a214c2f5e87bad3c948f4d605d)
Start importing Assets/JC_LP_MegaCity/Prefabs/Vehicles/SM_Vehicles_Train_03.prefab using Guid(81650867ab48e564e9eeaaef93291758) Importer(2089858483,b0f066a214c2f5e87bad3c948f4d605d) (ScriptedImporter) -> (artifact id: '3372f0e5229e3c73e2c3295cb1bed4a9') in 0.003722391 seconds
Number of updated asset objects reloaded before import = 0Number of asset objects unloaded after import = 9

========================================================================
Received Import Request.
  Time since last request: 0.000008 seconds.
  path: Assets/JC_LP_MegaCity/Models/Props/SM_Props_Plant_07.fbx
  artifactKey: Guid(ae07ccb81bde1c24d98e9d037a651424) Importer(2089858483,b0f066a214c2f5e87bad3c948f4d605d)
Start importing Assets/JC_LP_MegaCity/Models/Props/SM_Props_Plant_07.fbx using Guid(ae07ccb81bde1c24d98e9d037a651424) Importer(2089858483,b0f066a214c2f5e87bad3c948f4d605d) (ScriptedImporter) -> (artifact id: 'b75d5f450a183f613785f5f29568fda0') in 0.005532903 seconds
Number of updated asset objects reloaded before import = 0Number of asset objects unloaded after import = 7

========================================================================
Received Import Request.
  Time since last request: 0.000009 seconds.
  path: Assets/JC_LP_MegaCity/Models/Buildings/SM_Buildings_Tenis_01.fbx
  artifactKey: Guid(a9050ee1b2628c749a7195fe4d0c052a) Importer(2089858483,b0f066a214c2f5e87bad3c948f4d605d)
Start importing Assets/JC_LP_MegaCity/Models/Buildings/SM_Buildings_Tenis_01.fbx using Guid(a9050ee1b2628c749a7195fe4d0c052a) Importer(2089858483,b0f066a214c2f5e87bad3c948f4d605d) (ScriptedImporter) -> (artifact id: '6c657fa1b93f4c1c2e62c44c812535e4') in 0.004432647 seconds
Number of updated asset objects reloaded before import = 0Number of asset objects unloaded after import = 7

========================================================================
Received Import Request.
  Time since last request: 0.000008 seconds.
  path: Assets/JC_LP_MegaCity/Prefabs/Food/SM_Food_Pizza_01.prefab
  artifactKey: Guid(4d657f2206b714a4796c2270328a12b2) Importer(2089858483,b0f066a214c2f5e87bad3c948f4d605d)
Start importing Assets/JC_LP_MegaCity/Prefabs/Food/SM_Food_Pizza_01.prefab using Guid(4d657f2206b714a4796c2270328a12b2) Importer(2089858483,b0f066a214c2f5e87bad3c948f4d605d) (ScriptedImporter) -> (artifact id: '4b77d4f4e785e8d5a4d22de0aeab57b0') in 0.003605192 seconds
Number of updated asset objects reloaded before import = 0Number of asset objects unloaded after import = 9

========================================================================
Received Import Request.
  Time since last request: 0.000008 seconds.
  path: Assets/JC_LP_MegaCity/Prefabs/Floor/SM_Floor_Road_06.prefab
  artifactKey: Guid(7d5c49335272fef41869e9948fd4f358) Importer(2089858483,b0f066a214c2f5e87bad3c948f4d605d)
Start importing Assets/JC_LP_MegaCity/Prefabs/Floor/SM_Floor_Road_06.prefab using Guid(7d5c49335272fef41869e9948fd4f358) Importer(2089858483,b0f066a214c2f5e87bad3c948f4d605d) (ScriptedImporter) -> (artifact id: '0f3cd9876d2be7098daaac7cd7d6c87d') in 0.00403628 seconds
Number of updated asset objects reloaded before import = 0Number of asset objects unloaded after import = 9

========================================================================
Received Import Request.
  Time since last request: 0.000014 seconds.
  path: Assets/JC_LP_MegaCity/Prefabs/Props/SM_Props_TV_01.prefab
  artifactKey: Guid(3a9bb1ac81d72a445a1a0d06b8f1d6ce) Importer(2089858483,b0f066a214c2f5e87bad3c948f4d605d)
Start importing Assets/JC_LP_MegaCity/Prefabs/Props/SM_Props_TV_01.prefab using Guid(3a9bb1ac81d72a445a1a0d06b8f1d6ce) Importer(2089858483,b0f066a214c2f5e87bad3c948f4d605d) (ScriptedImporter) -> (artifact id: 'a81834ca60274db8472ea93ac9737b6c') in 0.003336113 seconds
Number of updated asset objects reloaded before import = 0Number of asset objects unloaded after import = 9

========================================================================
Received Import Request.
  Time since last request: 0.000008 seconds.
  path: Assets/JC_LP_MegaCity/Prefabs/Buildings/SM_Buildings_House_10_V2.prefab
  artifactKey: Guid(dc9b9bf9a07c34e4fa8e5211e8b0b1be) Importer(2089858483,b0f066a214c2f5e87bad3c948f4d605d)
Start importing Assets/JC_LP_MegaCity/Prefabs/Buildings/SM_Buildings_House_10_V2.prefab using Guid(dc9b9bf9a07c34e4fa8e5211e8b0b1be) Importer(2089858483,b0f066a214c2f5e87bad3c948f4d605d) (ScriptedImporter) -> (artifact id: 'b4b806baa9fcb7d712f41a9d6eb66399') in 0.005532512 seconds
Number of updated asset objects reloaded before import = 0Number of asset objects unloaded after import = 16

========================================================================
Received Import Request.
  Time since last request: 0.000008 seconds.
  path: Assets/JC_LP_MegaCity/Prefabs/Food/SM_Food_Bread_01.prefab
  artifactKey: Guid(f61458140919ac6498df4e198b2cf9e5) Importer(2089858483,b0f066a214c2f5e87bad3c948f4d605d)
Start importing Assets/JC_LP_MegaCity/Prefabs/Food/SM_Food_Bread_01.prefab using Guid(f61458140919ac6498df4e198b2cf9e5) Importer(2089858483,b0f066a214c2f5e87bad3c948f4d605d) (ScriptedImporter) -> (artifact id: 'dd6ecc8fcec3d40570f3dbe065999a71') in 0.003359793 seconds
Number of updated asset objects reloaded before import = 0Number of asset objects unloaded after import = 9

========================================================================
Received Import Request.
  Time since last request: 0.000007 seconds.
  path: Assets/JC_LP_MegaCity/Models/BuildingsDecor/SM_BuildingsDecor_47.fbx
  artifactKey: Guid(ef51a062398dbbc4281e67f076bfda7f) Importer(2089858483,b0f066a214c2f5e87bad3c948f4d605d)
Start importing Assets/JC_LP_MegaCity/Models/BuildingsDecor/SM_BuildingsDecor_47.fbx using Guid(ef51a062398dbbc4281e67f076bfda7f) Importer(2089858483,b0f066a214c2f5e87bad3c948f4d605d) (ScriptedImporter) -> (artifact id: 'ccc87c17211d05195f55c92d5937546a') in 0.004382748 seconds
Number of updated asset objects reloaded before import = 0Number of asset objects unloaded after import = 7

========================================================================
Received Import Request.
  Time since last request: 0.000010 seconds.
  path: Assets/JC_LP_MegaCity/Models/Buildings/SM_Buildings_Car_Service_Gate_01.fbx
  artifactKey: Guid(351138b272c0a7c408dadb19a3cb2290) Importer(2089858483,b0f066a214c2f5e87bad3c948f4d605d)
Start importing Assets/JC_LP_MegaCity/Models/Buildings/SM_Buildings_Car_Service_Gate_01.fbx using Guid(351138b272c0a7c408dadb19a3cb2290) Importer(2089858483,b0f066a214c2f5e87bad3c948f4d605d) (ScriptedImporter) -> (artifact id: 'fe19772a2cf743e855b60aac4e809fb2') in 0.004722987 seconds
Number of updated asset objects reloaded before import = 0Number of asset objects unloaded after import = 7

========================================================================
Received Import Request.
  Time since last request: 0.000011 seconds.
  path: Assets/JC_LP_MegaCity/Models/FloorProps/SM_FloorProps_RoadSign_03.fbx
  artifactKey: Guid(aa11cf79ac630b241bbb3c085176c8b3) Importer(2089858483,b0f066a214c2f5e87bad3c948f4d605d)
Start importing Assets/JC_LP_MegaCity/Models/FloorProps/SM_FloorProps_RoadSign_03.fbx using Guid(aa11cf79ac630b241bbb3c085176c8b3) Importer(2089858483,b0f066a214c2f5e87bad3c948f4d605d) (ScriptedImporter) -> (artifact id: '70c1af917d5120e656c2d66c7d0c14e7') in 0.005252594 seconds
Number of updated asset objects reloaded before import = 0Number of asset objects unloaded after import = 7

========================================================================
Received Import Request.
  Time since last request: 0.000019 seconds.
  path: Assets/JC_LP_MegaCity/Prefabs/Vehicles/SM_Vehicles_ Bike_02_V2.prefab
  artifactKey: Guid(3cd62237a338bd94ea34eef1e0b55e3f) Importer(2089858483,b0f066a214c2f5e87bad3c948f4d605d)
Start importing Assets/JC_LP_MegaCity/Prefabs/Vehicles/SM_Vehicles_ Bike_02_V2.prefab using Guid(3cd62237a338bd94ea34eef1e0b55e3f) Importer(2089858483,b0f066a214c2f5e87bad3c948f4d605d) (ScriptedImporter) -> (artifact id: '0346d3db03af5bf19e066ebd84d56751') in 0.002299859 seconds
Number of updated asset objects reloaded before import = 0Number of asset objects unloaded after import = 34

========================================================================
Received Import Request.
  Time since last request: 0.000011 seconds.
  path: Assets/JC_LP_MegaCity/Models/Props/SM_Props_CashRegister_03.fbx
  artifactKey: Guid(152e26986d98a294d97fc5b3707b56e7) Importer(2089858483,b0f066a214c2f5e87bad3c948f4d605d)
Start importing Assets/JC_LP_MegaCity/Models/Props/SM_Props_CashRegister_03.fbx using Guid(152e26986d98a294d97fc5b3707b56e7) Importer(2089858483,b0f066a214c2f5e87bad3c948f4d605d) (ScriptedImporter) -> (artifact id: 'b81899fe660550e068571ddcb1a785d7') in 0.005550542 seconds
Number of updated asset objects reloaded before import = 0Number of asset objects unloaded after import = 7

========================================================================
Received Import Request.
  Time since last request: 0.000008 seconds.
  path: Assets/JC_LP_MegaCity/Models/Floor/SM_Floor_Road_13.fbx
  artifactKey: Guid(5a6173e2ff98c684d8ef179ad9131ec5) Importer(2089858483,b0f066a214c2f5e87bad3c948f4d605d)
Start importing Assets/JC_LP_MegaCity/Models/Floor/SM_Floor_Road_13.fbx using Guid(5a6173e2ff98c684d8ef179ad9131ec5) Importer(2089858483,b0f066a214c2f5e87bad3c948f4d605d) (ScriptedImporter) -> (artifact id: '3791af01094d99f80635efaa24fdd78d') in 0.004502137 seconds
Number of updated asset objects reloaded before import = 0Number of asset objects unloaded after import = 7

========================================================================
Received Import Request.
  Time since last request: 0.000007 seconds.
  path: Assets/JC_LP_MegaCity/Prefabs/FloorProps/SM_FloorProps_RoadSign_38.prefab
  artifactKey: Guid(8c27d12ca43d0e744a82ba1ff2fbeafd) Importer(2089858483,b0f066a214c2f5e87bad3c948f4d605d)
Start importing Assets/JC_LP_MegaCity/Prefabs/FloorProps/SM_FloorProps_RoadSign_38.prefab using Guid(8c27d12ca43d0e744a82ba1ff2fbeafd) Importer(2089858483,b0f066a214c2f5e87bad3c948f4d605d) (ScriptedImporter) -> (artifact id: '9a60e8610932dd9ec497560da2b2320b') in 0.003677782 seconds
Number of updated asset objects reloaded before import = 0Number of asset objects unloaded after import = 9

========================================================================
Received Import Request.
  Time since last request: 0.000008 seconds.
  path: Assets/JC_LP_MegaCity/Prefabs/BuildingsDecor/SM_BuildingsDecor_68.prefab
  artifactKey: Guid(a8ba5834edae9024dab6e7595ae89826) Importer(2089858483,b0f066a214c2f5e87bad3c948f4d605d)
Start importing Assets/JC_LP_MegaCity/Prefabs/BuildingsDecor/SM_BuildingsDecor_68.prefab using Guid(a8ba5834edae9024dab6e7595ae89826) Importer(2089858483,b0f066a214c2f5e87bad3c948f4d605d) (ScriptedImporter) -> (artifact id: '63cd6025bfda8a5d157b2169ee9d1812') in 0.003842771 seconds
Number of updated asset objects reloaded before import = 0Number of asset objects unloaded after import = 10

========================================================================
Received Import Request.
  Time since last request: 0.000008 seconds.
  path: Assets/JC_LP_MegaCity/Prefabs/Food/SM_Food_Pepper_01.prefab
  artifactKey: Guid(44eaf2821597f2944b0a78b26586eede) Importer(2089858483,b0f066a214c2f5e87bad3c948f4d605d)
Start importing Assets/JC_LP_MegaCity/Prefabs/Food/SM_Food_Pepper_01.prefab using Guid(44eaf2821597f2944b0a78b26586eede) Importer(2089858483,b0f066a214c2f5e87bad3c948f4d605d) (ScriptedImporter) -> (artifact id: 'f2ebe4600f99a4a3456588873f91a6d4') in 0.003490113 seconds
Number of updated asset objects reloaded before import = 0Number of asset objects unloaded after import = 9

========================================================================
Received Import Request.
  Time since last request: 0.000008 seconds.
  path: Assets/JC_LP_MegaCity/Prefabs/Floor/SM_Floor_Bridge_01.prefab
  artifactKey: Guid(442b41cf6191b714abaa6d27a1fabf87) Importer(2089858483,b0f066a214c2f5e87bad3c948f4d605d)
Start importing Assets/JC_LP_MegaCity/Prefabs/Floor/SM_Floor_Bridge_01.prefab using Guid(442b41cf6191b714abaa6d27a1fabf87) Importer(2089858483,b0f066a214c2f5e87bad3c948f4d605d) (ScriptedImporter) -> (artifact id: '3d9532260adf5bdd3c05441851bb2fde') in 0.004596687 seconds
Number of updated asset objects reloaded before import = 0Number of asset objects unloaded after import = 9

========================================================================
Received Import Request.
  Time since last request: 0.000008 seconds.
  path: Assets/JC_LP_MegaCity/Models/Props/SM_Props_Park_02_Cabin_02.fbx
  artifactKey: Guid(58c372502c008174e8bf794379ca70fa) Importer(2089858483,b0f066a214c2f5e87bad3c948f4d605d)
Start importing Assets/JC_LP_MegaCity/Models/Props/SM_Props_Park_02_Cabin_02.fbx using Guid(58c372502c008174e8bf794379ca70fa) Importer(2089858483,b0f066a214c2f5e87bad3c948f4d605d) (ScriptedImporter) -> (artifact id: '80d3af812b739922abda2ccf729354a8') in 0.005498252 seconds
Number of updated asset objects reloaded before import = 0Number of asset objects unloaded after import = 7

========================================================================
Received Import Request.
  Time since last request: 0.000008 seconds.
  path: Assets/JC_LP_MegaCity/Prefabs/Buildings/SM_Buildings_Skatepark_01.prefab
  artifactKey: Guid(63087395699e71f48946714380582b2b) Importer(2089858483,b0f066a214c2f5e87bad3c948f4d605d)
Start importing Assets/JC_LP_MegaCity/Prefabs/Buildings/SM_Buildings_Skatepark_01.prefab using Guid(63087395699e71f48946714380582b2b) Importer(2089858483,b0f066a214c2f5e87bad3c948f4d605d) (ScriptedImporter) -> (artifact id: '378b780a680220c100928eb845d51ecc') in 0.004329289 seconds
Number of updated asset objects reloaded before import = 0Number of asset objects unloaded after import = 9

========================================================================
Received Import Request.
  Time since last request: 0.000007 seconds.
  path: Assets/JC_LP_MegaCity/Prefabs/FloorProps/SM_FloorProps_08.prefab
  artifactKey: Guid(f8f6f9c8c35d2db419849a3f8b55b75d) Importer(2089858483,b0f066a214c2f5e87bad3c948f4d605d)
Start importing Assets/JC_LP_MegaCity/Prefabs/FloorProps/SM_FloorProps_08.prefab using Guid(f8f6f9c8c35d2db419849a3f8b55b75d) Importer(2089858483,b0f066a214c2f5e87bad3c948f4d605d) (ScriptedImporter) -> (artifact id: '3b300a8354ce84ad222f40a83da329e8') in 0.004925206 seconds
Number of updated asset objects reloaded before import = 0Number of asset objects unloaded after import = 11

========================================================================
Received Import Request.
  Time since last request: 0.000011 seconds.
  path: Assets/JC_LP_MegaCity/Models/Buildings/SM_Buildings_House_04_V1.fbx
  artifactKey: Guid(1bdf0b1be531ac94bba116bd286f3af0) Importer(2089858483,b0f066a214c2f5e87bad3c948f4d605d)
Start importing Assets/JC_LP_MegaCity/Models/Buildings/SM_Buildings_House_04_V1.fbx using Guid(1bdf0b1be531ac94bba116bd286f3af0) Importer(2089858483,b0f066a214c2f5e87bad3c948f4d605d) (ScriptedImporter) -> (artifact id: '37247612dc135304ab69259ecbd7fd06') in 0.007052885 seconds
Number of updated asset objects reloaded before import = 0Number of asset objects unloaded after import = 7

========================================================================
Received Import Request.
  Time since last request: 0.000014 seconds.
  path: Assets/JC_LP_MegaCity/Prefabs/Floor/SM_Floor_RoadPart_06.prefab
  artifactKey: Guid(633076f9c91d0af41b3f8c9ba4745582) Importer(2089858483,b0f066a214c2f5e87bad3c948f4d605d)
Start importing Assets/JC_LP_MegaCity/Prefabs/Floor/SM_Floor_RoadPart_06.prefab using Guid(633076f9c91d0af41b3f8c9ba4745582) Importer(2089858483,b0f066a214c2f5e87bad3c948f4d605d) (ScriptedImporter) -> (artifact id: 'a267742d8bc41395e1cde580db8d0424') in 0.004258549 seconds
Number of updated asset objects reloaded before import = 0Number of asset objects unloaded after import = 9

========================================================================
Received Import Request.
  Time since last request: 0.000008 seconds.
  path: Assets/JC_LP_MegaCity/Prefabs/IndustrialProps/SM_IndustrialProps_ShippingContainer_03.prefab
  artifactKey: Guid(1f4c9793a6e319c4a8dde5c59afc1d9c) Importer(2089858483,b0f066a214c2f5e87bad3c948f4d605d)
Start importing Assets/JC_LP_MegaCity/Prefabs/IndustrialProps/SM_IndustrialProps_ShippingContainer_03.prefab using Guid(1f4c9793a6e319c4a8dde5c59afc1d9c) Importer(2089858483,b0f066a214c2f5e87bad3c948f4d605d) (ScriptedImporter) -> (artifact id: '32281312081f2f77b4353301497c6c60') in 0.004811936 seconds
Number of updated asset objects reloaded before import = 0Number of asset objects unloaded after import = 31

========================================================================
Received Import Request.
  Time since last request: 0.000008 seconds.
  path: Assets/JC_LP_MegaCity/Prefabs/Props/SM_Props_Furniture_05.prefab
  artifactKey: Guid(5bf39cef3822d9448b9704916d0fccbf) Importer(2089858483,b0f066a214c2f5e87bad3c948f4d605d)
Start importing Assets/JC_LP_MegaCity/Prefabs/Props/SM_Props_Furniture_05.prefab using Guid(5bf39cef3822d9448b9704916d0fccbf) Importer(2089858483,b0f066a214c2f5e87bad3c948f4d605d) (ScriptedImporter) -> (artifact id: '6874070f088cd750e7361c2e70ddf03d') in 0.005452483 seconds
Number of updated asset objects reloaded before import = 0Number of asset objects unloaded after import = 9

========================================================================
Received Import Request.
  Time since last request: 0.000008 seconds.
  path: Assets/JC_LP_MegaCity/Prefabs/Buildings/SM_Buildings_House_07_V2.prefab
  artifactKey: Guid(d29a5ccaebf2c3443ace3c419b6747e7) Importer(2089858483,b0f066a214c2f5e87bad3c948f4d605d)
Start importing Assets/JC_LP_MegaCity/Prefabs/Buildings/SM_Buildings_House_07_V2.prefab using Guid(d29a5ccaebf2c3443ace3c419b6747e7) Importer(2089858483,b0f066a214c2f5e87bad3c948f4d605d) (ScriptedImporter) -> (artifact id: '27c8aac9398df019fa3511844b0e1fd1') in 0.00591276 seconds
Number of updated asset objects reloaded before import = 0Number of asset objects unloaded after import = 35

========================================================================
Received Import Request.
  Time since last request: 0.000009 seconds.
  path: Assets/JC_LP_MegaCity/Models/Buildings/SM_Buildings_House_03_Door_R.fbx
  artifactKey: Guid(f80180a4c5964f94f870d3f980aef7c1) Importer(2089858483,b0f066a214c2f5e87bad3c948f4d605d)
Start importing Assets/JC_LP_MegaCity/Models/Buildings/SM_Buildings_House_03_Door_R.fbx using Guid(f80180a4c5964f94f870d3f980aef7c1) Importer(2089858483,b0f066a214c2f5e87bad3c948f4d605d) (ScriptedImporter) -> (artifact id: 'c20a47f54ff3e723fd42ae610b59f955') in 0.004459588 seconds
Number of updated asset objects reloaded before import = 0Number of asset objects unloaded after import = 7

========================================================================
Received Import Request.
  Time since last request: 0.000007 seconds.
  path: Assets/JC_LP_MegaCity/Models/Buildings/SM_Buildings_House_04_Door_L.fbx
  artifactKey: Guid(67db020380a5b1c4f99a3d6112cded57) Importer(2089858483,b0f066a214c2f5e87bad3c948f4d605d)
Start importing Assets/JC_LP_MegaCity/Models/Buildings/SM_Buildings_House_04_Door_L.fbx using Guid(67db020380a5b1c4f99a3d6112cded57) Importer(2089858483,b0f066a214c2f5e87bad3c948f4d605d) (ScriptedImporter) -> (artifact id: '7be2699c3c8b3ce918cdc88061d46308') in 0.004240479 seconds
Number of updated asset objects reloaded before import = 0Number of asset objects unloaded after import = 7

========================================================================
Received Import Request.
  Time since last request: 0.000007 seconds.
  path: Assets/JC_LP_MegaCity/Models/Nature/SM_Nature_Landscape_10.fbx
  artifactKey: Guid(8164680fe4ffa024c8a35eca1752a639) Importer(2089858483,b0f066a214c2f5e87bad3c948f4d605d)
Start importing Assets/JC_LP_MegaCity/Models/Nature/SM_Nature_Landscape_10.fbx using Guid(8164680fe4ffa024c8a35eca1752a639) Importer(2089858483,b0f066a214c2f5e87bad3c948f4d605d) (ScriptedImporter) -> (artifact id: 'c4d485c74f8956037ffc8c270e3305f1') in 0.004241469 seconds
Number of updated asset objects reloaded before import = 0Number of asset objects unloaded after import = 7

========================================================================
Received Import Request.
  Time since last request: 0.000008 seconds.
  path: Assets/JC_LP_MegaCity/Prefabs/Floor/SM_Floor_Tile_16.prefab
  artifactKey: Guid(b6e4ec48a65bc0b419b9180501603c57) Importer(2089858483,b0f066a214c2f5e87bad3c948f4d605d)
Start importing Assets/JC_LP_MegaCity/Prefabs/Floor/SM_Floor_Tile_16.prefab using Guid(b6e4ec48a65bc0b419b9180501603c57) Importer(2089858483,b0f066a214c2f5e87bad3c948f4d605d) (ScriptedImporter) -> (artifact id: '7b123951fff40f3834681a71b9dc02fb') in 0.00588357 seconds
Number of updated asset objects reloaded before import = 0Number of asset objects unloaded after import = 9

========================================================================
Received Import Request.
  Time since last request: 0.000008 seconds.
  path: Assets/JC_LP_MegaCity/Models/BuildingsDecor/SM_BuildingsDecor_32.fbx
  artifactKey: Guid(25ac8a88c752d294ebd7406e9c0069f2) Importer(2089858483,b0f066a214c2f5e87bad3c948f4d605d)
Start importing Assets/JC_LP_MegaCity/Models/BuildingsDecor/SM_BuildingsDecor_32.fbx using Guid(25ac8a88c752d294ebd7406e9c0069f2) Importer(2089858483,b0f066a214c2f5e87bad3c948f4d605d) (ScriptedImporter) -> (artifact id: 'b731b78ba66b36358067d0ec7346065e') in 0.004251868 seconds
Number of updated asset objects reloaded before import = 0Number of asset objects unloaded after import = 7

========================================================================
Received Import Request.
  Time since last request: 0.000008 seconds.
  path: Assets/JC_LP_MegaCity/Prefabs/BuildingsDecor/SM_BuildingsDecor_50.prefab
  artifactKey: Guid(ce73d694ac3bd5d4784dae539f4f516c) Importer(2089858483,b0f066a214c2f5e87bad3c948f4d605d)
Start importing Assets/JC_LP_MegaCity/Prefabs/BuildingsDecor/SM_BuildingsDecor_50.prefab using Guid(ce73d694ac3bd5d4784dae539f4f516c) Importer(2089858483,b0f066a214c2f5e87bad3c948f4d605d) (ScriptedImporter) -> (artifact id: '9edab764ea04edff0143e29a08aacf83') in 0.005275594 seconds
Number of updated asset objects reloaded before import = 0Number of asset objects unloaded after import = 10

========================================================================
Received Import Request.
  Time since last request: 0.000014 seconds.
  path: Assets/JC_LP_MegaCity/Prefabs/Props/SM_Props_Rack_04_V2.prefab
  artifactKey: Guid(88a1e22d6c96ca34ab52af7907708e70) Importer(2089858483,b0f066a214c2f5e87bad3c948f4d605d)
Start importing Assets/JC_LP_MegaCity/Prefabs/Props/SM_Props_Rack_04_V2.prefab using Guid(88a1e22d6c96ca34ab52af7907708e70) Importer(2089858483,b0f066a214c2f5e87bad3c948f4d605d) (ScriptedImporter) -> (artifact id: 'ee34df02c9ac0cbe033e7ed917dadecd') in 0.011080655 seconds
Number of updated asset objects reloaded before import = 0Number of asset objects unloaded after import = 627

========================================================================
Received Import Request.
  Time since last request: 0.000015 seconds.
  path: Assets/JC_LP_MegaCity/Prefabs/Food/SM_Food_Pizza_02.prefab
  artifactKey: Guid(45a70404bcd185d4e94ce1e54b57b0d5) Importer(2089858483,b0f066a214c2f5e87bad3c948f4d605d)
Start importing Assets/JC_LP_MegaCity/Prefabs/Food/SM_Food_Pizza_02.prefab using Guid(45a70404bcd185d4e94ce1e54b57b0d5) Importer(2089858483,b0f066a214c2f5e87bad3c948f4d605d) (ScriptedImporter) -> (artifact id: '5af7dbdcf7ae4c28ebdbc672559b4711') in 0.003772661 seconds
Number of updated asset objects reloaded before import = 0Number of asset objects unloaded after import = 9

========================================================================
Received Import Request.
  Time since last request: 0.000007 seconds.
  path: Assets/JC_LP_MegaCity/Models/Props/SM_Props_Pool_02.fbx
  artifactKey: Guid(91d9636890954f042808010cf99de1a4) Importer(2089858483,b0f066a214c2f5e87bad3c948f4d605d)
Start importing Assets/JC_LP_MegaCity/Models/Props/SM_Props_Pool_02.fbx using Guid(91d9636890954f042808010cf99de1a4) Importer(2089858483,b0f066a214c2f5e87bad3c948f4d605d) (ScriptedImporter) -> (artifact id: '764579e74ad2e9b562774fb4d67f4f11') in 0.004451848 seconds
Number of updated asset objects reloaded before import = 0Number of asset objects unloaded after import = 7

========================================================================
Received Import Request.
  Time since last request: 0.000010 seconds.
  path: Assets/JC_LP_MegaCity/Prefabs/Buildings/SM_Buildings_Airport_02.prefab
  artifactKey: Guid(576141f8673716a4081a4ab13da45f6b) Importer(2089858483,b0f066a214c2f5e87bad3c948f4d605d)
Start importing Assets/JC_LP_MegaCity/Prefabs/Buildings/SM_Buildings_Airport_02.prefab using Guid(576141f8673716a4081a4ab13da45f6b) Importer(2089858483,b0f066a214c2f5e87bad3c948f4d605d) (ScriptedImporter) -> (artifact id: 'd5128fd08af73ae97a0c00635a377f6f') in 0.00604495 seconds
Number of updated asset objects reloaded before import = 0Number of asset objects unloaded after import = 9

========================================================================
Received Import Request.
  Time since last request: 0.000009 seconds.
  path: Assets/JC_LP_MegaCity/Models/Buildings/SM_Buildings_House_08_V3.fbx
  artifactKey: Guid(61a7b395a07202841a7837d6dcc5313f) Importer(2089858483,b0f066a214c2f5e87bad3c948f4d605d)
Start importing Assets/JC_LP_MegaCity/Models/Buildings/SM_Buildings_House_08_V3.fbx using Guid(61a7b395a07202841a7837d6dcc5313f) Importer(2089858483,b0f066a214c2f5e87bad3c948f4d605d) (ScriptedImporter) -> (artifact id: '05f2a8c73d6268bb3a7a6a7dc6f4c759') in 0.005804941 seconds
Number of updated asset objects reloaded before import = 0Number of asset objects unloaded after import = 7

========================================================================
Received Import Request.
  Time since last request: 0.000012 seconds.
  path: Assets/JC_LP_MegaCity/Models/BuildingsDecor/SM_BuildingsDecor_04.fbx
  artifactKey: Guid(0f12124f1cbecf64094005a4e158021a) Importer(2089858483,b0f066a214c2f5e87bad3c948f4d605d)
Start importing Assets/JC_LP_MegaCity/Models/BuildingsDecor/SM_BuildingsDecor_04.fbx using Guid(0f12124f1cbecf64094005a4e158021a) Importer(2089858483,b0f066a214c2f5e87bad3c948f4d605d) (ScriptedImporter) -> (artifact id: 'cc265598eed1f960fa2cbf47d9bf2f24') in 0.004412788 seconds
Number of updated asset objects reloaded before import = 0Number of asset objects unloaded after import = 7

========================================================================
Received Import Request.
  Time since last request: 0.000009 seconds.
  path: Assets/JC_LP_MegaCity/Prefabs/BuildingsDecor/SM_BuildingsDecor_24.prefab
  artifactKey: Guid(ad6f56e7359af4d468ab328932aa59ac) Importer(2089858483,b0f066a214c2f5e87bad3c948f4d605d)
Start importing Assets/JC_LP_MegaCity/Prefabs/BuildingsDecor/SM_BuildingsDecor_24.prefab using Guid(ad6f56e7359af4d468ab328932aa59ac) Importer(2089858483,b0f066a214c2f5e87bad3c948f4d605d) (ScriptedImporter) -> (artifact id: '8d17f11cd2c77557c42fc01a62e2d62a') in 0.003658432 seconds
Number of updated asset objects reloaded before import = 0Number of asset objects unloaded after import = 9

========================================================================
Received Import Request.
  Time since last request: 0.000011 seconds.
  path: Assets/JC_LP_MegaCity/Models/BuildingsDecor/SM_BuildingsDecor_17.fbx
  artifactKey: Guid(a042140a380674747ae5ae260b919051) Importer(2089858483,b0f066a214c2f5e87bad3c948f4d605d)
Start importing Assets/JC_LP_MegaCity/Models/BuildingsDecor/SM_BuildingsDecor_17.fbx using Guid(a042140a380674747ae5ae260b919051) Importer(2089858483,b0f066a214c2f5e87bad3c948f4d605d) (ScriptedImporter) -> (artifact id: '54edcb45fb0337f11064477b1cb55467') in 0.004833015 seconds
Number of updated asset objects reloaded before import = 0Number of asset objects unloaded after import = 7

========================================================================
Received Import Request.
  Time since last request: 0.000011 seconds.
  path: Assets/JC_LP_MegaCity/Prefabs/Vehicles/SM_Vehicles_TrainPart_02.prefab
  artifactKey: Guid(9b72cd9845f026343a1f235ac9f7da27) Importer(2089858483,b0f066a214c2f5e87bad3c948f4d605d)
Start importing Assets/JC_LP_MegaCity/Prefabs/Vehicles/SM_Vehicles_TrainPart_02.prefab using Guid(9b72cd9845f026343a1f235ac9f7da27) Importer(2089858483,b0f066a214c2f5e87bad3c948f4d605d) (ScriptedImporter) -> (artifact id: '5395a17f79eddbeec02fdb43a6715bcb') in 0.005530372 seconds
Number of updated asset objects reloaded before import = 0Number of asset objects unloaded after import = 9

========================================================================
Received Import Request.
  Time since last request: 0.000010 seconds.
  path: Assets/JC_LP_MegaCity/Prefabs/Food/SM_Food_Soda_01.prefab
  artifactKey: Guid(25b077efe9ffd3046b73d7c5bbd63103) Importer(2089858483,b0f066a214c2f5e87bad3c948f4d605d)
Start importing Assets/JC_LP_MegaCity/Prefabs/Food/SM_Food_Soda_01.prefab using Guid(25b077efe9ffd3046b73d7c5bbd63103) Importer(2089858483,b0f066a214c2f5e87bad3c948f4d605d) (ScriptedImporter) -> (artifact id: '8ac0db2374065c3f8bd4e3e95aebd7ce') in 0.003645382 seconds
Number of updated asset objects reloaded before import = 0Number of asset objects unloaded after import = 9

========================================================================
Received Import Request.
  Time since last request: 0.000009 seconds.
  path: Assets/JC_LP_MegaCity/Prefabs/Props/SM_Props_Ads_02.prefab
  artifactKey: Guid(49ef6995a451e4748b2a72dd3f58a3ed) Importer(2089858483,b0f066a214c2f5e87bad3c948f4d605d)
Start importing Assets/JC_LP_MegaCity/Prefabs/Props/SM_Props_Ads_02.prefab using Guid(49ef6995a451e4748b2a72dd3f58a3ed) Importer(2089858483,b0f066a214c2f5e87bad3c948f4d605d) (ScriptedImporter) -> (artifact id: '845def11d326fe742a8bd0c7f1ecacfd') in 0.00406817 seconds
Number of updated asset objects reloaded before import = 0Number of asset objects unloaded after import = 9

========================================================================
Received Import Request.
  Time since last request: 0.000011 seconds.
  path: Assets/JC_LP_MegaCity/Models/Buildings/SM_Buildings_Airport_01_Door_R.fbx
  artifactKey: Guid(3bcaa229c733f8041ab886c0cbe1fbc2) Importer(2089858483,b0f066a214c2f5e87bad3c948f4d605d)
Start importing Assets/JC_LP_MegaCity/Models/Buildings/SM_Buildings_Airport_01_Door_R.fbx using Guid(3bcaa229c733f8041ab886c0cbe1fbc2) Importer(2089858483,b0f066a214c2f5e87bad3c948f4d605d) (ScriptedImporter) -> (artifact id: 'dd3501a18a75cb45330343b8f442018d') in 0.005111714 seconds
Number of updated asset objects reloaded before import = 0Number of asset objects unloaded after import = 7

========================================================================
Received Import Request.
  Time since last request: 0.000015 seconds.
  path: Assets/JC_LP_MegaCity/Prefabs/Buildings/SM_Buildings_House_02_V3.prefab
  artifactKey: Guid(e43e50d6d89bf9e47bd0e80e3c1d9a59) Importer(2089858483,b0f066a214c2f5e87bad3c948f4d605d)
Start importing Assets/JC_LP_MegaCity/Prefabs/Buildings/SM_Buildings_House_02_V3.prefab using Guid(e43e50d6d89bf9e47bd0e80e3c1d9a59) Importer(2089858483,b0f066a214c2f5e87bad3c948f4d605d) (ScriptedImporter) -> (artifact id: '59d89b9aec73351e024046ba9cb5f868') in 0.004958716 seconds
Number of updated asset objects reloaded before import = 0Number of asset objects unloaded after import = 28

========================================================================
Received Import Request.
  Time since last request: 0.000008 seconds.
  path: Assets/JC_LP_MegaCity/Prefabs/BuildingsDecor/SM_BuildingsDecor_22.prefab
  artifactKey: Guid(b5bbd8c2607cfbc4ba69c231988fbcd5) Importer(2089858483,b0f066a214c2f5e87bad3c948f4d605d)
Start importing Assets/JC_LP_MegaCity/Prefabs/BuildingsDecor/SM_BuildingsDecor_22.prefab using Guid(b5bbd8c2607cfbc4ba69c231988fbcd5) Importer(2089858483,b0f066a214c2f5e87bad3c948f4d605d) (ScriptedImporter) -> (artifact id: '11642e3a82432b9103e5a4b53e73baad') in 0.003332713 seconds
Number of updated asset objects reloaded before import = 0Number of asset objects unloaded after import = 9

========================================================================
Received Import Request.
  Time since last request: 0.000010 seconds.
  path: Assets/JC_LP_MegaCity/Prefabs/Nature/SM_Nature_Landscape_01.prefab
  artifactKey: Guid(d38a2d1eeb71a7941b524b8c5ec179c3) Importer(2089858483,b0f066a214c2f5e87bad3c948f4d605d)
Start importing Assets/JC_LP_MegaCity/Prefabs/Nature/SM_Nature_Landscape_01.prefab using Guid(d38a2d1eeb71a7941b524b8c5ec179c3) Importer(2089858483,b0f066a214c2f5e87bad3c948f4d605d) (ScriptedImporter) -> (artifact id: '378a795d0514183e45eb0420f604fc6c') in 0.003775781 seconds
Number of updated asset objects reloaded before import = 0Number of asset objects unloaded after import = 9

========================================================================
Received Import Request.
  Time since last request: 0.000007 seconds.
  path: Assets/JC_LP_MegaCity/Models/Buildings/SM_Buildings_Construction_02.fbx
  artifactKey: Guid(9bf52326f0c8d0e4eb1b94225c4b1ceb) Importer(2089858483,b0f066a214c2f5e87bad3c948f4d605d)
Start importing Assets/JC_LP_MegaCity/Models/Buildings/SM_Buildings_Construction_02.fbx using Guid(9bf52326f0c8d0e4eb1b94225c4b1ceb) Importer(2089858483,b0f066a214c2f5e87bad3c948f4d605d) (ScriptedImporter) -> (artifact id: '2511d46a7d744032e3c54eeda15a8197') in 0.013159834 seconds
Number of updated asset objects reloaded before import = 0Number of asset objects unloaded after import = 7

Editor requested this worker to shutdown with reason: Scaling down because of idle timeout
AssetImportWorker is now disconnected from the server
Process exiting

SDL leaked 2 allocations
