[UnityConnectServicesConfig] Local config successfully read: "/usr/share/unity3d/config/services-config.json"
[UnityConnectServicesConfig] Service configuration:
    "servicesConfigBaseUrl": "",
    "disableServicesWindow": false,
    "disableUserLogin": false,
    "entitlementCacheTimeoutInSeconds": 60,
    "clientConnectTimeoutSec": 60,
    "clientHandshakeTimeoutSec": 30,
    "clientResolveEntitlementsTimeoutSec": 30,
    "clientUpdateLicenseTimeoutSec": 30,
    "licensingServiceBaseUrl": "",
    "enableProxyAutoconfig": "false"

Unity Editor version:    6000.3.7f1 (696ec25a53d1)
Branch:                  6000.3/staging
Build type:              Release
Batch mode:              YES
System name:             Linux
Distro version:          #1 SMP PREEMPT_DYNAMIC Fri, 20 Feb 2026 01:02:58 +0000
Kernel version:          6.19.3-2-cachyos
Architecture:            x86_64
Window Protocol:         Wayland (XWayland)
Available memory:        31996 MB
Date:                    2026-02-22T22:36:17Z
[Licensing::Module] Trying to connect to existing licensing client channel...
[Licensing::IpcConnector] Successfully connected to: "LicenseClient-rhiannon" at "2026-02-22T22:36:17.201624Z"
[SignatureVerifier] Application signature verification not supported on this platform.
[Licensing::Client] Handshaking with LicensingClient:
  Version:                 1.17.4+4293ba1
  Session Id:              5601fa10c755426d9d4342edc677d3d0
  Correlation Id:          314f5f0527a0f9810997842311347834
  External correlation Id: 2438108105812046844
  Machine Id:              f8KgvhXTc+wkx/7/K110e9qU1KE=
[Licensing::Module] Successfully connected to LicensingClient on channel: "LicenseClient-rhiannon" (connect: 0.00s, validation: 0.00s, handshake: 0.00s)
[Licensing::IpcConnector] Successfully connected to: "LicenseClient-rhiannon-notifications" at "2026-02-22T22:36:17.202775Z"
[Licensing::Module] Licensing Background thread has ended after 0.00s
Selected window backend: (null) 
Desktop is 5920 x 2560 @ 60 Hz
Initialize udev device monitor.

COMMAND LINE ARGUMENTS:
Unity
-adb2
-batchMode
-noUpm
-name
AssetImportWorker4
-projectPath
/mnt/vfs_share/School Work/Diploma/The Chase
-logFile
Logs/AssetImportWorker4.log
-srvPort
39965
-licensingIpc
LicenseClient-rhiannon
-job-worker-count
11
-background-job-worker-count
8
-gc-helper-count
1
Successfully changed project path to: /mnt/vfs_share/School Work/Diploma/The Chase
/mnt/vfs_share/School Work/Diploma/The Chase
[UnityMemory] Configuration Parameters - Can be set up in boot.config
    "memorysetup-allocator-temp-initial-block-size-main=262144"
    "memorysetup-allocator-temp-initial-block-size-worker=262144"
    "memorysetup-temp-allocator-size-background-worker=32768"
    "memorysetup-temp-allocator-size-job-worker=262144"
    "memorysetup-temp-allocator-size-preload-manager=33554432"
    "memorysetup-temp-allocator-size-nav-mesh-worker=65536"
    "memorysetup-temp-allocator-size-audio-worker=65536"
    "memorysetup-temp-allocator-size-cloud-worker=32768"
    "memorysetup-temp-allocator-size-gi-baking-worker=262144"
    "memorysetup-temp-allocator-size-gi-baking-worker=262144"
    "memorysetup-temp-allocator-size-gi-baking-worker=262144"
    "memorysetup-temp-allocator-size-gi-baking-worker=262144"
    "memorysetup-temp-allocator-size-gi-baking-worker=262144"
    "memorysetup-bucket-allocator-granularity=16"
    "memorysetup-bucket-allocator-bucket-count=8"
    "memorysetup-bucket-allocator-block-size=33554432"
    "memorysetup-bucket-allocator-block-count=8"
    "memorysetup-main-allocator-block-size=16777216"
    "memorysetup-thread-allocator-block-size=16777216"
    "memorysetup-gfx-main-allocator-block-size=16777216"
    "memorysetup-gfx-thread-allocator-block-size=16777216"
    "memorysetup-cache-allocator-block-size=4194304"
    "memorysetup-typetree-allocator-block-size=2097152"
    "memorysetup-profiler-bucket-allocator-granularity=16"
    "memorysetup-profiler-bucket-allocator-bucket-count=8"
    "memorysetup-profiler-bucket-allocator-block-size=33554432"
    "memorysetup-profiler-bucket-allocator-block-count=8"
    "memorysetup-profiler-allocator-block-size=16777216"
    "memorysetup-profiler-editor-allocator-block-size=1048576"
    "memorysetup-temp-allocator-size-main=16777216"
    "memorysetup-job-temp-allocator-block-size=2097152"
    "memorysetup-job-temp-allocator-block-size-background=1048576"
    "memorysetup-job-temp-allocator-reduction-small-platforms=262144"
    "memorysetup-temp-allocator-size-gfx=262144"
Player connection [140546227940480]  Target information:

Player connection [140546227940480]  * "[IP] 192.168.1.16 [Port] 0 [Flags] 2 [Guid] 1036603273 [EditorId] 1036603273 [Version] 1048832 [Id] LinuxEditor(16,192.168.1.16) [Debug] 1 [PackageName] LinuxEditor [ProjectName] Editor" 

Player connection [140546227940480]  * "[IP] 192.168.122.1 [Port] 0 [Flags] 2 [Guid] 1036603273 [EditorId] 1036603273 [Version] 1048832 [Id] LinuxEditor(16,192.168.1.16) [Debug] 1 [PackageName] LinuxEditor [ProjectName] Editor" 

Player connection [140546227940480] Host joined multi-casting on [225.0.0.222:54997]...
Player connection [140546227940480] Host joined alternative multi-casting on [225.0.0.222:34997]...
JobSystem: Creating JobQueue using job-worker-count value 11
Input System module state changed to: Initialized.
[Physics::Module] Initialized fallback backend.
[Physics::Module] Id: 0xdecafbad
Library Redirect Path: Library/
[Physics::Module] Selected backend.
[Physics::Module] Name: PhysX
[Physics::Module] Id: 0xf2b8ea05
[Physics::Module] SDK Version: 4.1.2
[Physics::Module] Integration Version: 1.0.0
[Physics::Module] Threading Mode: Multi-Threaded
Refreshing native plugins compatible for Editor in 1.44 ms, found 0 plugins.
Preloading 0 native plugins for Editor in 0.00 ms.
Initialize engine version: 6000.3.7f1 (696ec25a53d1)
[Subsystems] Discovering subsystems at path /home/rhiannon/Unity/Hub/Editor/6000.3.7f1/Editor/Data/Resources/UnitySubsystems
[Subsystems] Discovering subsystems at path /mnt/vfs_share/School Work/Diploma/The Chase/Assets
kGfxThreadingModeNonThreaded is not supported on OpenGL Core. Reverting to kGfxThreadingModeDirect instead.
GfxDevice: creating device client; kGfxThreadingModeDirect
GLX Extensions: GLX_ARB_context_flush_control GLX_ARB_create_context GLX_ARB_create_context_no_error GLX_ARB_create_context_profile GLX_ARB_create_context_robustness GLX_ARB_fbconfig_float GLX_ARB_framebuffer_sRGB GLX_ARB_get_proc_address GLX_ARB_multisample GLX_EXT_buffer_age GLX_EXT_create_context_es2_profile GLX_EXT_create_context_es_profile GLX_EXT_fbconfig_packed_float GLX_EXT_framebuffer_sRGB GLX_EXT_no_config_context GLX_EXT_swap_control GLX_EXT_swap_control_tear GLX_EXT_texture_from_pixmap GLX_EXT_visual_info GLX_EXT_visual_rating GLX_MESA_copy_sub_buffer GLX_MESA_gl_interop GLX_MESA_query_renderer GLX_MESA_swap_control GLX_OML_sync_control GLX_SGIS_multisample GLX_SGIX_fbconfig GLX_SGIX_pbuffer GLX_SGIX_visual_select_group GLX_SGI_make_current_read GLX_SGI_video_sync 
Renderer: AMD Radeon RX 6950 XT (radeonsi, navi21, LLVM 21.1.6, DRM 3.64, 6.19.3-2-cachyos)
Vendor:   AMD
Version:  4.6 (Core Profile) Mesa 25.3.5-arch1.2
GLES:     0
 GL_AMD_conservative_depth GL_AMD_depth_clamp_separate GL_AMD_draw_buffers_blend GL_AMD_framebuffer_multisample_advanced GL_AMD_gpu_shader_int64 GL_AMD_multi_draw_indirect GL_AMD_performance_monitor GL_AMD_pinned_memory GL_AMD_query_buffer_object GL_AMD_seamless_cubemap_per_texture GL_AMD_shader_stencil_export GL_AMD_shader_trinary_minmax GL_AMD_texture_texture4 GL_AMD_vertex_shader_layer GL_AMD_vertex_shader_viewport_index GL_ANGLE_texture_compression_dxt3 GL_ANGLE_texture_compression_dxt5 GL_ARB_ES2_compatibility GL_ARB_ES3_1_compatibility GL_ARB_ES3_2_compatibility GL_ARB_ES3_compatibility GL_ARB_arrays_of_arrays GL_ARB_base_instance GL_ARB_bindless_texture GL_ARB_blend_func_extended GL_ARB_buffer_storage GL_ARB_clear_buffer_object GL_ARB_clear_texture GL_ARB_clip_control GL_ARB_color_buffer_float GL_ARB_compressed_texture_pixel_storage GL_ARB_compute_shader GL_ARB_compute_variable_group_size GL_ARB_conditional_render_inverted GL_ARB_conservative_depth GL_ARB_copy_buffer GL_ARB_copy_image GL_ARB_cull_dist
ance GL_ARB_debug_output GL_ARB_depth_buffer_float GL_ARB_depth_clamp GL_ARB_derivative_control GL_ARB_direct_state_access GL_ARB_draw_buffers GL_ARB_draw_buffers_blend GL_ARB_draw_elements_base_vertex GL_ARB_draw_indirect GL_ARB_draw_instanced GL_ARB_enhanced_layouts GL_ARB_explicit_attrib_location GL_ARB_explicit_uniform_location GL_ARB_fragment_coord_conventions GL_ARB_fragment_layer_viewport GL_ARB_fragment_shader GL_ARB_framebuffer_no_attachments GL_ARB_framebuffer_object GL_ARB_framebuffer_sRGB GL_ARB_get_program_binary GL_ARB_get_texture_sub_image GL_ARB_gl_spirv GL_ARB_gpu_shader5 GL_ARB_gpu_shader_fp64 GL_ARB_gpu_shader_int64 GL_ARB_half_float_pixel GL_ARB_half_float_vertex GL_ARB_indirect_parameters GL_ARB_instanced_arrays GL_ARB_internalformat_query GL_ARB_internalformat_query2 GL_ARB_invalidate_subdata GL_ARB_map_buffer_alignment GL_ARB_map_buffer_range GL_ARB_multi_bind GL_ARB_multi_draw_indirect GL_ARB_occlusion_query2 GL_ARB_parallel_shader_compile GL_ARB_pipeline_statistics_query GL_ARB_pixel
_buffer_object GL_ARB_point_sprite GL_ARB_polygon_offset_clamp GL_ARB_post_depth_coverage GL_ARB_program_interface_query GL_ARB_provoking_vertex GL_ARB_query_buffer_object GL_ARB_robust_buffer_access_behavior GL_ARB_robustness GL_ARB_sample_shading GL_ARB_sampler_objects GL_ARB_seamless_cube_map GL_ARB_seamless_cubemap_per_texture GL_ARB_separate_shader_objects GL_ARB_shader_atomic_counter_ops GL_ARB_shader_atomic_counters GL_ARB_shader_ballot GL_ARB_shader_bit_encoding GL_ARB_shader_clock GL_ARB_shader_draw_parameters GL_ARB_shader_group_vote GL_ARB_shader_image_load_store GL_ARB_shader_image_size GL_ARB_shader_objects GL_ARB_shader_precision GL_ARB_shader_stencil_export GL_ARB_shader_storage_buffer_object GL_ARB_shader_subroutine GL_ARB_shader_texture_image_samples GL_ARB_shader_texture_lod GL_ARB_shader_viewport_layer_array GL_ARB_shading_language_420pack GL_ARB_shading_language_include GL_ARB_shading_language_packing GL_ARB_sparse_buffer GL_ARB_sparse_texture GL_ARB_sparse_texture2 GL_ARB_sparse_texture_
clamp GL_ARB_spirv_extensions GL_ARB_stencil_texturing GL_ARB_sync GL_ARB_tessellation_shader GL_ARB_texture_barrier GL_ARB_texture_border_clamp GL_ARB_texture_buffer_object GL_ARB_texture_buffer_object_rgb32 GL_ARB_texture_buffer_range GL_ARB_texture_compression_bptc GL_ARB_texture_compression_rgtc GL_ARB_texture_cube_map_array GL_ARB_texture_filter_anisotropic GL_ARB_texture_filter_minmax GL_ARB_texture_float GL_ARB_texture_gather GL_ARB_texture_mirror_clamp_to_edge GL_ARB_texture_multisample GL_ARB_texture_non_power_of_two GL_ARB_texture_query_levels GL_ARB_texture_query_lod GL_ARB_texture_rectangle GL_ARB_texture_rg GL_ARB_texture_rgb10_a2ui GL_ARB_texture_stencil8 GL_ARB_texture_storage GL_ARB_texture_storage_multisample GL_ARB_texture_swizzle GL_ARB_texture_view GL_ARB_timer_query GL_ARB_transform_feedback2 GL_ARB_transform_feedback3 GL_ARB_transform_feedback_instanced GL_ARB_transform_feedback_overflow_query GL_ARB_uniform_buffer_object GL_ARB_vertex_array_bgra GL_ARB_vertex_array_object GL_ARB_vertex
_attrib_64bit GL_ARB_vertex_attrib_binding GL_ARB_vertex_buffer_object GL_ARB_vertex_shader GL_ARB_vertex_type_10f_11f_11f_rev GL_ARB_vertex_type_2_10_10_10_rev GL_ARB_viewport_array GL_ATI_blend_equation_separate GL_ATI_meminfo GL_ATI_texture_float GL_ATI_texture_mirror_once GL_EXT_EGL_image_storage GL_EXT_EGL_image_storage_compression GL_EXT_EGL_sync GL_EXT_abgr GL_EXT_blend_equation_separate GL_EXT_debug_label GL_EXT_demote_to_helper_invocation GL_EXT_depth_bounds_test GL_EXT_draw_buffers2 GL_EXT_draw_instanced GL_EXT_framebuffer_blit GL_EXT_framebuffer_multisample GL_EXT_framebuffer_multisample_blit_scaled GL_EXT_framebuffer_object GL_EXT_framebuffer_sRGB GL_EXT_memory_object GL_EXT_memory_object_fd GL_EXT_packed_depth_stencil GL_EXT_packed_float GL_EXT_pixel_buffer_object GL_EXT_polygon_offset_clamp GL_EXT_provoking_vertex GL_EXT_semaphore GL_EXT_semaphore_fd GL_EXT_shader_clock GL_EXT_shader_image_load_formatted GL_EXT_shader_image_load_store GL_EXT_shader_integer_mix GL_EXT_shader_samples_identical GL
_EXT_texture_array GL_EXT_texture_compression_dxt1 GL_EXT_texture_compression_rgtc GL_EXT_texture_compression_s3tc GL_EXT_texture_filter_anisotropic GL_EXT_texture_filter_minmax GL_EXT_texture_integer GL_EXT_texture_mirror_clamp GL_EXT_texture_sRGB GL_EXT_texture_sRGB_R8 GL_EXT_texture_sRGB_RG8 GL_EXT_texture_sRGB_decode GL_EXT_texture_shadow_lod GL_EXT_texture_shared_exponent GL_EXT_texture_snorm GL_EXT_texture_storage GL_EXT_texture_swizzle GL_EXT_timer_query GL_EXT_transform_feedback GL_EXT_vertex_array_bgra GL_EXT_vertex_attrib_64bit GL_EXT_window_rectangles GL_IBM_multimode_draw_arrays GL_INTEL_blackhole_render GL_KHR_blend_equation_advanced GL_KHR_context_flush_control GL_KHR_debug GL_KHR_no_error GL_KHR_parallel_shader_compile GL_KHR_robust_buffer_access_behavior GL_KHR_robustness GL_KHR_shader_subgroup GL_KHR_texture_compression_astc_ldr GL_KHR_texture_compression_astc_sliced_3d GL_MESA_framebuffer_flip_y GL_MESA_pack_invert GL_MESA_shader_integer_functions GL_MESA_texture_const_bandwidth GL_MESA_tex
ture_signed_rgba GL_NVX_gpu_memory_info GL_NV_alpha_to_coverage_dither_control GL_NV_compute_shader_derivatives GL_NV_conditional_render GL_NV_copy_image GL_NV_depth_clamp GL_NV_packed_depth_stencil GL_NV_shader_atomic_int64 GL_NV_texture_barrier GL_OES_EGL_image GL_S3_s3tc
OPENGL LOG: Creating OpenGL 4.6 graphics device ; Context level  <OpenGL 4.5> ; Context handle -2129199360
Initialize mono
Mono path[0] = '/home/rhiannon/Unity/Hub/Editor/6000.3.7f1/Editor/Data/Managed'
Mono path[1] = '/home/rhiannon/Unity/Hub/Editor/6000.3.7f1/Editor/Data/MonoBleedingEdge/lib/mono/unityjit-linux'
Mono config path = '/home/rhiannon/Unity/Hub/Editor/6000.3.7f1/Editor/Data/MonoBleedingEdge/etc'
Using monoOptions --debugger-agent=transport=dt_socket,embedding=1,server=y,suspend=n,address=127.0.0.1:56172
Begin MonoManager ReloadAssembly
Registering precompiled unity dll's ...
Register platform support module: /home/rhiannon/Unity/Hub/Editor/6000.3.7f1/Editor/Data/PlaybackEngines/LinuxStandaloneSupport/UnityEditor.LinuxStandalone.Extensions.dll
Registered in 0.001493 seconds.
- Loaded All Assemblies, in  0.255 seconds
Native extension for LinuxStandalone target not found
Package Manager log level set to [2]
[Package Manager] Failed to launch server process. Reason: Unity was launched with the -noUpm command-line argument
[Package Manager] Unable to send message (not connected to server process).
[Package Manager] Cannot connect to Unity Package Manager local server
ScheduleIndexationOnStartup MainProcess:False IndexOnStartup:True
Mono: successfully reloaded assembly
- Finished resetting the current domain, in  0.406 seconds
Domain Reload Profiling: 661ms
	BeginReloadAssembly (52ms)
		ExecutionOrderSort (0ms)
		DisableScriptedObjects (0ms)
		BackupInstance (0ms)
		ReleaseScriptingObjects (0ms)
		CreateAndSetChildDomain (1ms)
	RebuildCommonClasses (28ms)
	RebuildNativeTypeToScriptingClass (7ms)
	initialDomainReloadingComplete (42ms)
	LoadAllAssembliesAndSetupDomain (125ms)
		LoadAssemblies (51ms)
		RebuildTransferFunctionScriptingTraits (0ms)
		AnalyzeDomain (123ms)
			TypeCache.Refresh (122ms)
				TypeCache.ScanAssembly (112ms)
			BuildScriptInfoCaches (0ms)
			ResolveRequiredComponents (0ms)
	FinalizeReload (407ms)
		ReleaseScriptCaches (0ms)
		RebuildScriptCaches (0ms)
		SetupLoadedEditorAssemblies (365ms)
			LogAssemblyErrors (0ms)
			InitializePlatformSupportModulesInManaged (45ms)
			SetLoadedEditorAssemblies (5ms)
			BeforeProcessingInitializeOnLoad (95ms)
			ProcessInitializeOnLoadAttributes (154ms)
			ProcessInitializeOnLoadMethodAttributes (66ms)
			AfterProcessingInitializeOnLoad (0ms)
			EditorAssembliesLoaded (0ms)
		ExecutionOrderSort2 (0ms)
		AwakeInstancesAfterBackupRestoration (0ms)
========================================================================
Worker process is ready to serve import requests
Import Worker Mode flag is 0x00
Begin MonoManager ReloadAssembly
[Licensing::Client] Successfully resolved entitlement details
[Licensing::Module] License group:
  Id: 16768291832327-UnityPersXXXX
  Product: Unity Personal
  Type: Assigned
  Expiration: Unlimited
- Loaded All Assemblies, in  0.533 seconds
Refreshing native plugins compatible for Editor in 0.20 ms, found 0 plugins.
Native extension for LinuxStandalone target not found
[Package Manager] Failed to launch server process. Reason: Unity was launched with the -noUpm command-line argument
[Package Manager] Unable to send message (not connected to server process).
[Package Manager] Cannot connect to Unity Package Manager local server
ScheduleIndexationOnStartup MainProcess:False IndexOnStartup:True
Mono: successfully reloaded assembly
- Finished resetting the current domain, in  0.589 seconds
Domain Reload Profiling: 1120ms
	BeginReloadAssembly (98ms)
		ExecutionOrderSort (0ms)
		DisableScriptedObjects (5ms)
		BackupInstance (0ms)
		ReleaseScriptingObjects (0ms)
		CreateAndSetChildDomain (25ms)
	RebuildCommonClasses (35ms)
	RebuildNativeTypeToScriptingClass (7ms)
	initialDomainReloadingComplete (34ms)
	LoadAllAssembliesAndSetupDomain (357ms)
		LoadAssemblies (192ms)
		RebuildTransferFunctionScriptingTraits (0ms)
		AnalyzeDomain (203ms)
			TypeCache.Refresh (147ms)
				TypeCache.ScanAssembly (135ms)
			BuildScriptInfoCaches (46ms)
			ResolveRequiredComponents (8ms)
	FinalizeReload (589ms)
		ReleaseScriptCaches (0ms)
		RebuildScriptCaches (0ms)
		SetupLoadedEditorAssemblies (445ms)
			LogAssemblyErrors (0ms)
			InitializePlatformSupportModulesInManaged (2ms)
			SetLoadedEditorAssemblies (4ms)
			BeforeProcessingInitializeOnLoad (120ms)
			ProcessInitializeOnLoadAttributes (265ms)
			ProcessInitializeOnLoadMethodAttributes (51ms)
			AfterProcessingInitializeOnLoad (4ms)
			EditorAssembliesLoaded (0ms)
		ExecutionOrderSort2 (0ms)
		AwakeInstancesAfterBackupRestoration (3ms)
WARNING: Shader Unsupported: 'Hidden/Retro Shaders Pro/Terrain/Lit (Base Pass)' - All subshaders removed
WARNING: Shader Did you use #pragma only_renderers and omit this platform?
WARNING: Shader If subshaders removal was intentional, you may have forgotten turning Fallback off?
WARNING: Shader Unsupported: 'Hidden/Retro Shaders Pro/Terrain/Lit (Base Pass)' - All subshaders removed
WARNING: Shader Did you use #pragma only_renderers and omit this platform?
WARNING: Shader If subshaders removal was intentional, you may have forgotten turning Fallback off?
WARNING: Shader Unsupported: 'Retro Shaders Pro/Terrain/Lit' - All subshaders removed
WARNING: Shader Did you use #pragma only_renderers and omit this platform?
WARNING: Shader If subshaders removal was intentional, you may have forgotten turning Fallback off?
WARNING: Shader Unsupported: 'Retro Shaders Pro/Terrain/Lit' - All subshaders removed
WARNING: Shader Did you use #pragma only_renderers and omit this platform?
WARNING: Shader If subshaders removal was intentional, you may have forgotten turning Fallback off?
AutoLocale: current locale expects 'C' but got 'en_AU.UTF-8'Launched and connected shader compiler UnityShaderCompiler after 0.01 seconds
Refreshing native plugins compatible for Editor in 0.26 ms, found 0 plugins.
Preloading 0 native plugins for Editor in 0.00 ms.
Unloading 18 Unused Serialized files (Serialized files now loaded: 0)
Unloading 6242 unused Assets / (5.0 MB). Loaded Objects now: 7051.
Memory consumption went from 137.8 MB to 132.8 MB.
Total: 9.892021 ms (FindLiveObjects: 0.533088 ms CreateObjectMapping: 0.697296 ms MarkObjects: 6.385928 ms  DeleteObjects: 2.274859 ms)

========================================================================
Received Import Request.
  Time since last request: 3839.599163 seconds.
  path: Assets/Retro Shaders Pro/Shaders/CRT Mesh/CRTDepthOnlyPass.hlsl
  artifactKey: Guid(bb98bcbd26372f5419b9f917533e8e46) Importer(2089858483,b0f066a214c2f5e87bad3c948f4d605d)
Start importing Assets/Retro Shaders Pro/Shaders/CRT Mesh/CRTDepthOnlyPass.hlsl using Guid(bb98bcbd26372f5419b9f917533e8e46) Importer(2089858483,b0f066a214c2f5e87bad3c948f4d605d) (ScriptedImporter) -> (artifact id: 'e90abc130002a738c7870f58c59361fd') in 0.041828691 seconds
Number of updated asset objects reloaded before import = 0Number of asset objects unloaded after import = 1

========================================================================
Received Import Request.
  Time since last request: 0.000007 seconds.
  path: Assets/Parkour FPS - First Person Character Controller/Textures
  artifactKey: Guid(f2b11ecb84cf90047ad7c9117f16a7e4) Importer(2089858483,b0f066a214c2f5e87bad3c948f4d605d)
Start importing Assets/Parkour FPS - First Person Character Controller/Textures using Guid(f2b11ecb84cf90047ad7c9117f16a7e4) Importer(2089858483,b0f066a214c2f5e87bad3c948f4d605d) (ScriptedImporter) -> (artifact id: '26d6d6490fca335cc8eaf34322e7533f') in 0.001311674 seconds
Number of updated asset objects reloaded before import = 0Number of asset objects unloaded after import = 1

========================================================================
Received Import Request.
  Time since last request: 0.000008 seconds.
  path: Assets/Parkour FPS - First Person Character Controller/Sounds/sliding.wav
  artifactKey: Guid(38d948eef0c18c0408c334549f66d223) Importer(2089858483,b0f066a214c2f5e87bad3c948f4d605d)
Start importing Assets/Parkour FPS - First Person Character Controller/Sounds/sliding.wav using Guid(38d948eef0c18c0408c334549f66d223) Importer(2089858483,b0f066a214c2f5e87bad3c948f4d605d) (ScriptedImporter) -> (artifact id: '07ecd3e9c8cd6894f04decd28d72a43f') in 0.033592472 seconds
Number of updated asset objects reloaded before import = 0Number of asset objects unloaded after import = 1

========================================================================
Received Import Request.
  Time since last request: 0.000009 seconds.
  path: Assets/Retro Shaders Pro/Demo/Meshes/door.fbx
  artifactKey: Guid(cd2facd64d67bb148a9355fde4c55048) Importer(2089858483,b0f066a214c2f5e87bad3c948f4d605d)
Start importing Assets/Retro Shaders Pro/Demo/Meshes/door.fbx using Guid(cd2facd64d67bb148a9355fde4c55048) Importer(2089858483,b0f066a214c2f5e87bad3c948f4d605d) (ScriptedImporter) -> (artifact id: 'af7af814e0905685f175a30e80b9c5e0') in 0.042359888 seconds
Number of updated asset objects reloaded before import = 0Number of asset objects unloaded after import = 18

========================================================================
Received Import Request.
  Time since last request: 0.000009 seconds.
  path: Assets/Retro Shaders Pro/Resources/Shaders
  artifactKey: Guid(d41a826aac0a0cc42ac73e83d77271c5) Importer(2089858483,b0f066a214c2f5e87bad3c948f4d605d)
Start importing Assets/Retro Shaders Pro/Resources/Shaders using Guid(d41a826aac0a0cc42ac73e83d77271c5) Importer(2089858483,b0f066a214c2f5e87bad3c948f4d605d) (ScriptedImporter) -> (artifact id: '3c2cf07fc7d7659e9647fcbcb4fbd488') in 0.001159624 seconds
Number of updated asset objects reloaded before import = 0Number of asset objects unloaded after import = 1

========================================================================
Received Import Request.
  Time since last request: 0.000011 seconds.
  path: Assets/Retro Shaders Pro/Shaders/Retro Decal.shadergraph
  artifactKey: Guid(888f5191180474e42bbc2351918bf8cd) Importer(2089858483,b0f066a214c2f5e87bad3c948f4d605d)
Start importing Assets/Retro Shaders Pro/Shaders/Retro Decal.shadergraph using Guid(888f5191180474e42bbc2351918bf8cd) Importer(2089858483,b0f066a214c2f5e87bad3c948f4d605d) (ScriptedImporter) -> (artifact id: '38b619f8aedaff19a2d16a1bfec6390a') in 0.02794032 seconds
Number of updated asset objects reloaded before import = 0Number of asset objects unloaded after import = 3

========================================================================
Received Import Request.
  Time since last request: 0.000019 seconds.
  path: Assets/Parkour FPS - First Person Character Controller/Scenes/Example Scene
  artifactKey: Guid(54f8b6f6c8c29e34faee415ae45198b2) Importer(2089858483,b0f066a214c2f5e87bad3c948f4d605d)
Start importing Assets/Parkour FPS - First Person Character Controller/Scenes/Example Scene using Guid(54f8b6f6c8c29e34faee415ae45198b2) Importer(2089858483,b0f066a214c2f5e87bad3c948f4d605d) (ScriptedImporter) -> (artifact id: '0ab83e1cbbb786fb98450a9b25bbdb11') in 0.001190474 seconds
Number of updated asset objects reloaded before import = 0Number of asset objects unloaded after import = 1

========================================================================
Received Import Request.
  Time since last request: 0.000009 seconds.
  path: Assets/Retro Shaders Pro/Demo/Meshes/lamppost.fbx
  artifactKey: Guid(b58c9f1099e7351468c5983071b5a14b) Importer(2089858483,b0f066a214c2f5e87bad3c948f4d605d)
Start importing Assets/Retro Shaders Pro/Demo/Meshes/lamppost.fbx using Guid(b58c9f1099e7351468c5983071b5a14b) Importer(2089858483,b0f066a214c2f5e87bad3c948f4d605d) (ScriptedImporter) -> (artifact id: 'b59ee2e9396b083653434741d4554f88') in 0.004093249 seconds
Number of updated asset objects reloaded before import = 0Number of asset objects unloaded after import = 13

========================================================================
Received Import Request.
  Time since last request: 0.000009 seconds.
  path: Assets/Retro Shaders Pro/Demo/Scenes/CityDemo.unity
  artifactKey: Guid(7af9c6f4a4f6afe40ae514ccbe9568e5) Importer(2089858483,b0f066a214c2f5e87bad3c948f4d605d)
Start importing Assets/Retro Shaders Pro/Demo/Scenes/CityDemo.unity using Guid(7af9c6f4a4f6afe40ae514ccbe9568e5) Importer(2089858483,b0f066a214c2f5e87bad3c948f4d605d) (ScriptedImporter) -> (artifact id: '0887775e3c6f1f3522adae74dfe06f75') in 0.004947176 seconds
Number of updated asset objects reloaded before import = 0Number of asset objects unloaded after import = 1

========================================================================
Received Import Request.
  Time since last request: 0.000008 seconds.
  path: Assets/Parkour FPS - First Person Character Controller/Materials/OrangeMat.mat
  artifactKey: Guid(9bd72f1297b9b4747a271632820eac80) Importer(2089858483,b0f066a214c2f5e87bad3c948f4d605d)
Start importing Assets/Parkour FPS - First Person Character Controller/Materials/OrangeMat.mat using Guid(9bd72f1297b9b4747a271632820eac80) Importer(2089858483,b0f066a214c2f5e87bad3c948f4d605d) (ScriptedImporter) -> (artifact id: '95750685400fadf88c8ad8c2942f1cd7') in 0.00610548 seconds
Number of updated asset objects reloaded before import = 0Number of asset objects unloaded after import = 1

========================================================================
Received Import Request.
  Time since last request: 0.000012 seconds.
  path: Assets/Retro Shaders Pro/Demo/Retro_URPAsset.asset
  artifactKey: Guid(47b8b9c8fbadbc749a5033ded35790a6) Importer(2089858483,b0f066a214c2f5e87bad3c948f4d605d)
Start importing Assets/Retro Shaders Pro/Demo/Retro_URPAsset.asset using Guid(47b8b9c8fbadbc749a5033ded35790a6) Importer(2089858483,b0f066a214c2f5e87bad3c948f4d605d) (ScriptedImporter) -> (artifact id: '67488fbd6e3cd17e5d9e92d2bb074619') in 0.040727346 seconds
Number of updated asset objects reloaded before import = 0Number of asset objects unloaded after import = 4

========================================================================
Received Import Request.
  Time since last request: 0.000009 seconds.
  path: Assets/Retro Shaders Pro/Demo/Meshes/BrickWall.fbx
  artifactKey: Guid(8b6b4e2c294c3ff40bffbc0129389ed4) Importer(2089858483,b0f066a214c2f5e87bad3c948f4d605d)
Start importing Assets/Retro Shaders Pro/Demo/Meshes/BrickWall.fbx using Guid(8b6b4e2c294c3ff40bffbc0129389ed4) Importer(2089858483,b0f066a214c2f5e87bad3c948f4d605d) (ScriptedImporter) -> (artifact id: 'e1d3d29ca97dcc176bdb358213467198') in 0.004219059 seconds
Number of updated asset objects reloaded before import = 0Number of asset objects unloaded after import = 13

========================================================================
Received Import Request.
  Time since last request: 0.038028 seconds.
  path: Assets/Retro Shaders Pro/Demo/Textures/Bark/Bark006_1K-PNG_Color.png
  artifactKey: Guid(b5a7323727b4f0f40a8089b54bd3ddd4) Importer(2089858483,b0f066a214c2f5e87bad3c948f4d605d)
Start importing Assets/Retro Shaders Pro/Demo/Textures/Bark/Bark006_1K-PNG_Color.png using Guid(b5a7323727b4f0f40a8089b54bd3ddd4) Importer(2089858483,b0f066a214c2f5e87bad3c948f4d605d) (ScriptedImporter) -> (artifact id: '7d8beee43a83d635b9e3ba342d3b2904') in 0.035088714 seconds
Number of updated asset objects reloaded before import = 0Number of asset objects unloaded after import = 1

========================================================================
Received Import Request.
  Time since last request: 0.000009 seconds.
  path: Assets/Retro Shaders Pro/Demo/Textures/AltBricks/AltBricks_Normal.png
  artifactKey: Guid(4ffaeaa2e31bec64c994386ddb444a5a) Importer(2089858483,b0f066a214c2f5e87bad3c948f4d605d)
Start importing Assets/Retro Shaders Pro/Demo/Textures/AltBricks/AltBricks_Normal.png using Guid(4ffaeaa2e31bec64c994386ddb444a5a) Importer(2089858483,b0f066a214c2f5e87bad3c948f4d605d) (ScriptedImporter) -> (artifact id: '2afd8099bc4b476fc690122b140f2ba1') in 0.004777306 seconds
Number of updated asset objects reloaded before import = 0Number of asset objects unloaded after import = 1

========================================================================
Received Import Request.
  Time since last request: 0.000011 seconds.
  path: Assets/Retro Shaders Pro/Demo/Meshes
  artifactKey: Guid(1ec2b118addcc024e94c2d26f003aee5) Importer(2089858483,b0f066a214c2f5e87bad3c948f4d605d)
Start importing Assets/Retro Shaders Pro/Demo/Meshes using Guid(1ec2b118addcc024e94c2d26f003aee5) Importer(2089858483,b0f066a214c2f5e87bad3c948f4d605d) (ScriptedImporter) -> (artifact id: '9f0b0e2eb484d4d5bcea25017cf8155b') in 0.001470013 seconds
Number of updated asset objects reloaded before import = 0Number of asset objects unloaded after import = 1

========================================================================
Received Import Request.
  Time since last request: 0.000016 seconds.
  path: Assets/Retro Shaders Pro/Demo/Meshes/Mushroom.fbx
  artifactKey: Guid(ecadb894e3b211844a8b3c75c3b51d16) Importer(2089858483,b0f066a214c2f5e87bad3c948f4d605d)
Start importing Assets/Retro Shaders Pro/Demo/Meshes/Mushroom.fbx using Guid(ecadb894e3b211844a8b3c75c3b51d16) Importer(2089858483,b0f066a214c2f5e87bad3c948f4d605d) (ScriptedImporter) -> (artifact id: '06c08c4945fbe82d4c623a519bf2ad8b') in 0.004821505 seconds
Number of updated asset objects reloaded before import = 0Number of asset objects unloaded after import = 13

========================================================================
Received Import Request.
  Time since last request: 0.000007 seconds.
  path: Assets/Retro Shaders Pro/Shaders/CRT Mesh/CRTMesh.shader
  artifactKey: Guid(9d3b79d067a30ab40baa5b457d946808) Importer(2089858483,b0f066a214c2f5e87bad3c948f4d605d)
Start importing Assets/Retro Shaders Pro/Shaders/CRT Mesh/CRTMesh.shader using Guid(9d3b79d067a30ab40baa5b457d946808) Importer(2089858483,b0f066a214c2f5e87bad3c948f4d605d) (ScriptedImporter) -> (artifact id: 'e874c447f84bd892c43a257822111774') in 0.002790396 seconds
Number of updated asset objects reloaded before import = 0Number of asset objects unloaded after import = 1

========================================================================
Received Import Request.
  Time since last request: 0.000007 seconds.
  path: Assets/Retro Shaders Pro/Demo/Meshes/road.fbx
  artifactKey: Guid(6f8868d93593d0b499c0d936b717b847) Importer(2089858483,b0f066a214c2f5e87bad3c948f4d605d)
Start importing Assets/Retro Shaders Pro/Demo/Meshes/road.fbx using Guid(6f8868d93593d0b499c0d936b717b847) Importer(2089858483,b0f066a214c2f5e87bad3c948f4d605d) (ScriptedImporter) -> (artifact id: 'd68872b43326e11dc17cc3f0381252ff') in 0.005402073 seconds
Number of updated asset objects reloaded before import = 0Number of asset objects unloaded after import = 13

========================================================================
Received Import Request.
  Time since last request: 0.000009 seconds.
  path: Assets/Retro Shaders Pro
  artifactKey: Guid(094643ff108c64f4db5c1d9f5eb4c3e3) Importer(2089858483,b0f066a214c2f5e87bad3c948f4d605d)
Start importing Assets/Retro Shaders Pro using Guid(094643ff108c64f4db5c1d9f5eb4c3e3) Importer(2089858483,b0f066a214c2f5e87bad3c948f4d605d) (ScriptedImporter) -> (artifact id: '011fdb8a5a4a40dbe4e85b9c8d29f3df') in 0.001201044 seconds
Number of updated asset objects reloaded before import = 0Number of asset objects unloaded after import = 1

========================================================================
Received Import Request.
  Time since last request: 0.000008 seconds.
  path: Assets/Retro Shaders Pro/Scripts
  artifactKey: Guid(84c52f45510eada4aa35a451e80b222b) Importer(2089858483,b0f066a214c2f5e87bad3c948f4d605d)
Start importing Assets/Retro Shaders Pro/Scripts using Guid(84c52f45510eada4aa35a451e80b222b) Importer(2089858483,b0f066a214c2f5e87bad3c948f4d605d) (ScriptedImporter) -> (artifact id: 'cd80a18819b8891d8d4033114d858b31') in 0.001285913 seconds
Number of updated asset objects reloaded before import = 0Number of asset objects unloaded after import = 1

========================================================================
Received Import Request.
  Time since last request: 0.000011 seconds.
  path: Assets/Retro Shaders Pro/Demo/Meshes/Balcony.fbx
  artifactKey: Guid(c1e1c93827f392b458dd880e0effc15a) Importer(2089858483,b0f066a214c2f5e87bad3c948f4d605d)
Start importing Assets/Retro Shaders Pro/Demo/Meshes/Balcony.fbx using Guid(c1e1c93827f392b458dd880e0effc15a) Importer(2089858483,b0f066a214c2f5e87bad3c948f4d605d) (ScriptedImporter) -> (artifact id: '828a876c068d3ca174b8e6593f598a25') in 0.005266024 seconds
Number of updated asset objects reloaded before import = 0Number of asset objects unloaded after import = 13

========================================================================
Received Import Request.
  Time since last request: 0.000019 seconds.
  path: Assets/Retro Shaders Pro/Demo/Textures/CrateAlt.png
  artifactKey: Guid(fbec696d0eb2a2f4b9a32f891177f3e3) Importer(2089858483,b0f066a214c2f5e87bad3c948f4d605d)
Start importing Assets/Retro Shaders Pro/Demo/Textures/CrateAlt.png using Guid(fbec696d0eb2a2f4b9a32f891177f3e3) Importer(2089858483,b0f066a214c2f5e87bad3c948f4d605d) (ScriptedImporter) -> (artifact id: '71a73d8ca808bfb289566cabd12be7fb') in 0.005559492 seconds
Number of updated asset objects reloaded before import = 0Number of asset objects unloaded after import = 1

========================================================================
Received Import Request.
  Time since last request: 0.000010 seconds.
  path: Assets/Retro Shaders Pro/Scripts/FramerateLimiter.cs
  artifactKey: Guid(e45bc4d90fe45734a9a67ac209a3f51f) Importer(2089858483,b0f066a214c2f5e87bad3c948f4d605d)
Start importing Assets/Retro Shaders Pro/Scripts/FramerateLimiter.cs using Guid(e45bc4d90fe45734a9a67ac209a3f51f) Importer(2089858483,b0f066a214c2f5e87bad3c948f4d605d) (ScriptedImporter) -> (artifact id: '1f519a7eb3543a62907be3f930dbce32') in 0.002393168 seconds
Number of updated asset objects reloaded before import = 0Number of asset objects unloaded after import = 0

========================================================================
Received Import Request.
  Time since last request: 0.000011 seconds.
  path: Assets/Retro Shaders Pro/Demo/Scenes/CityDemo
  artifactKey: Guid(72090aad4e8a05f47b65fbb9673845b6) Importer(2089858483,b0f066a214c2f5e87bad3c948f4d605d)
Start importing Assets/Retro Shaders Pro/Demo/Scenes/CityDemo using Guid(72090aad4e8a05f47b65fbb9673845b6) Importer(2089858483,b0f066a214c2f5e87bad3c948f4d605d) (ScriptedImporter) -> (artifact id: '47cb5039c1d5c8d6dcd41e5d62f26ff4') in 0.001546482 seconds
Number of updated asset objects reloaded before import = 0Number of asset objects unloaded after import = 1

========================================================================
Received Import Request.
  Time since last request: 0.000017 seconds.
  path: Assets/Retro Shaders Pro/Scripts/Shaders/CRTEffect.cs
  artifactKey: Guid(790bcd5ee75b9fb4c997ed0938750856) Importer(2089858483,b0f066a214c2f5e87bad3c948f4d605d)
Start importing Assets/Retro Shaders Pro/Scripts/Shaders/CRTEffect.cs using Guid(790bcd5ee75b9fb4c997ed0938750856) Importer(2089858483,b0f066a214c2f5e87bad3c948f4d605d) (ScriptedImporter) -> (artifact id: '4f68a6ec633351f385783f521be91b8b') in 0.00196929 seconds
Number of updated asset objects reloaded before import = 0Number of asset objects unloaded after import = 0

========================================================================
Received Import Request.
  Time since last request: 0.000012 seconds.
  path: Assets/Retro Shaders Pro/Demo/Materials/Retro Windmill Sail.mat
  artifactKey: Guid(8d5343aa1c9c4c441a5d7b26949e2d35) Importer(2089858483,b0f066a214c2f5e87bad3c948f4d605d)
Start importing Assets/Retro Shaders Pro/Demo/Materials/Retro Windmill Sail.mat using Guid(8d5343aa1c9c4c441a5d7b26949e2d35) Importer(2089858483,b0f066a214c2f5e87bad3c948f4d605d) (ScriptedImporter) -> (artifact id: '50585afb4a9b9e5945e47fc5baecd321') in 0.002962676 seconds
Number of updated asset objects reloaded before import = 0Number of asset objects unloaded after import = 2

========================================================================
Received Import Request.
  Time since last request: 0.000008 seconds.
  path: Assets/Retro Shaders Pro/Editor/Installer/Resources
  artifactKey: Guid(7c4864dddc04f9e46b7a8f0593626bdf) Importer(2089858483,b0f066a214c2f5e87bad3c948f4d605d)
Start importing Assets/Retro Shaders Pro/Editor/Installer/Resources using Guid(7c4864dddc04f9e46b7a8f0593626bdf) Importer(2089858483,b0f066a214c2f5e87bad3c948f4d605d) (ScriptedImporter) -> (artifact id: 'f5b2de0840eb3d5cbd3d25067ba5db75') in 0.001259403 seconds
Number of updated asset objects reloaded before import = 0Number of asset objects unloaded after import = 1

========================================================================
Received Import Request.
  Time since last request: 0.000008 seconds.
  path: Assets/Retro Shaders Pro/Demo/Prefabs/Balcony.prefab
  artifactKey: Guid(ab6e19de1a25ded429b727aa90593ae0) Importer(2089858483,b0f066a214c2f5e87bad3c948f4d605d)
Start importing Assets/Retro Shaders Pro/Demo/Prefabs/Balcony.prefab using Guid(ab6e19de1a25ded429b727aa90593ae0) Importer(2089858483,b0f066a214c2f5e87bad3c948f4d605d) (ScriptedImporter) -> (artifact id: 'aa4a674c9b59f81f20eadf25f76726be') in 0.013602192 seconds
Number of updated asset objects reloaded before import = 0Number of asset objects unloaded after import = 8

========================================================================
Received Import Request.
  Time since last request: 0.114627 seconds.
  path: Assets/Retro Shaders Pro/Demo/Prefabs/RoadCurve Variant.prefab
  artifactKey: Guid(0b2e61b2d5d15634ab5ef41fc4af47a5) Importer(2089858483,b0f066a214c2f5e87bad3c948f4d605d)
Start importing Assets/Retro Shaders Pro/Demo/Prefabs/RoadCurve Variant.prefab using Guid(0b2e61b2d5d15634ab5ef41fc4af47a5) Importer(2089858483,b0f066a214c2f5e87bad3c948f4d605d) (ScriptedImporter) -> (artifact id: '4ad7ebec546232fbb9b5f40ba1ecac02') in 0.009155954 seconds
Number of updated asset objects reloaded before import = 0Number of asset objects unloaded after import = 16

========================================================================
Received Import Request.
  Time since last request: 0.000010 seconds.
  path: Assets/Retro Shaders Pro/Demo/Prefabs/WindowFrame.prefab
  artifactKey: Guid(47b8dc34ddf3f394f9459fd8f34b49e9) Importer(2089858483,b0f066a214c2f5e87bad3c948f4d605d)
Start importing Assets/Retro Shaders Pro/Demo/Prefabs/WindowFrame.prefab using Guid(47b8dc34ddf3f394f9459fd8f34b49e9) Importer(2089858483,b0f066a214c2f5e87bad3c948f4d605d) (ScriptedImporter) -> (artifact id: 'e87f440c9a4226718b385fb44a017925') in 0.004842085 seconds
Number of updated asset objects reloaded before import = 0Number of asset objects unloaded after import = 13

========================================================================
Received Import Request.
  Time since last request: 0.000008 seconds.
  path: Assets/Retro Shaders Pro/Demo/Textures/Goose.png
  artifactKey: Guid(037cd657e34b1634eacdc6ad2968d0fb) Importer(2089858483,b0f066a214c2f5e87bad3c948f4d605d)
Start importing Assets/Retro Shaders Pro/Demo/Textures/Goose.png using Guid(037cd657e34b1634eacdc6ad2968d0fb) Importer(2089858483,b0f066a214c2f5e87bad3c948f4d605d) (ScriptedImporter) -> (artifact id: 'd6bdf03bb659cda07111809a6988c97e') in 0.00597383 seconds
Number of updated asset objects reloaded before import = 0Number of asset objects unloaded after import = 1

========================================================================
Received Import Request.
  Time since last request: 0.000009 seconds.
  path: Assets/Retro Shaders Pro/Demo/Prefabs/BrickWall.prefab
  artifactKey: Guid(e3242fecb9575304a95f87083a4bbfda) Importer(2089858483,b0f066a214c2f5e87bad3c948f4d605d)
Start importing Assets/Retro Shaders Pro/Demo/Prefabs/BrickWall.prefab using Guid(e3242fecb9575304a95f87083a4bbfda) Importer(2089858483,b0f066a214c2f5e87bad3c948f4d605d) (ScriptedImporter) -> (artifact id: '93273c64bda79d58187a2f9f01d3bfbe') in 0.003788881 seconds
Number of updated asset objects reloaded before import = 0Number of asset objects unloaded after import = 10

========================================================================
Received Import Request.
  Time since last request: 0.000009 seconds.
  path: Assets/Retro Shaders Pro/Demo/Materials/Retro Balcony.mat
  artifactKey: Guid(93967ce3e84d1f54ab3818fec42d391f) Importer(2089858483,b0f066a214c2f5e87bad3c948f4d605d)
Start importing Assets/Retro Shaders Pro/Demo/Materials/Retro Balcony.mat using Guid(93967ce3e84d1f54ab3818fec42d391f) Importer(2089858483,b0f066a214c2f5e87bad3c948f4d605d) (ScriptedImporter) -> (artifact id: '48c2e0c4bad6801036059a08db38085a') in 0.003535752 seconds
Number of updated asset objects reloaded before import = 0Number of asset objects unloaded after import = 2

========================================================================
Received Import Request.
  Time since last request: 0.000012 seconds.
  path: Assets/Retro Shaders Pro/Demo/Materials/Lamps/Retro Lamp Pink.mat
  artifactKey: Guid(4d3071ae77cbd594ab756bf649de629b) Importer(2089858483,b0f066a214c2f5e87bad3c948f4d605d)
Start importing Assets/Retro Shaders Pro/Demo/Materials/Lamps/Retro Lamp Pink.mat using Guid(4d3071ae77cbd594ab756bf649de629b) Importer(2089858483,b0f066a214c2f5e87bad3c948f4d605d) (ScriptedImporter) -> (artifact id: '3036c02f9824de8aebeea1377835a147') in 0.002692906 seconds
Number of updated asset objects reloaded before import = 0Number of asset objects unloaded after import = 2

========================================================================
Received Import Request.
  Time since last request: 0.000020 seconds.
  path: Assets/Retro Shaders Pro/Demo/Materials/Retro Outlines.mat
  artifactKey: Guid(ee024af2840273b4eae393569b166110) Importer(2089858483,b0f066a214c2f5e87bad3c948f4d605d)
Start importing Assets/Retro Shaders Pro/Demo/Materials/Retro Outlines.mat using Guid(ee024af2840273b4eae393569b166110) Importer(2089858483,b0f066a214c2f5e87bad3c948f4d605d) (ScriptedImporter) -> (artifact id: '039acfe7e3c715d481f07b6961488d8f') in 0.006041979 seconds
Number of updated asset objects reloaded before import = 0Number of asset objects unloaded after import = 5

========================================================================
Received Import Request.
  Time since last request: 0.000009 seconds.
  path: Assets/Retro Shaders Pro/Demo/Textures/Ground/Ground067_1K-PNG_NormalGL.png
  artifactKey: Guid(bfe05258c72881e41935ca8e45187a87) Importer(2089858483,b0f066a214c2f5e87bad3c948f4d605d)
Start importing Assets/Retro Shaders Pro/Demo/Textures/Ground/Ground067_1K-PNG_NormalGL.png using Guid(bfe05258c72881e41935ca8e45187a87) Importer(2089858483,b0f066a214c2f5e87bad3c948f4d605d) (ScriptedImporter) -> (artifact id: '7ea1f9e131029acfe68a5ee07dff73fc') in 0.004713697 seconds
Number of updated asset objects reloaded before import = 0Number of asset objects unloaded after import = 1

========================================================================
Received Import Request.
  Time since last request: 0.000008 seconds.
  path: Assets/Retro Shaders Pro/Demo/Prefabs/Building.prefab
  artifactKey: Guid(8e356feafeaf54d45a13a114c7640ce0) Importer(2089858483,b0f066a214c2f5e87bad3c948f4d605d)
Start importing Assets/Retro Shaders Pro/Demo/Prefabs/Building.prefab using Guid(8e356feafeaf54d45a13a114c7640ce0) Importer(2089858483,b0f066a214c2f5e87bad3c948f4d605d) (ScriptedImporter) -> (artifact id: 'f4a3367ac32c09a5b20a641556e6a69f') in 0.00411764 seconds
Number of updated asset objects reloaded before import = 0Number of asset objects unloaded after import = 9

========================================================================
Received Import Request.
  Time since last request: 0.000009 seconds.
  path: Assets/Retro Shaders Pro/Demo/Textures/Sand/Ground033_1K-PNG_NormalGL.png
  artifactKey: Guid(92baf9f3531fd9841a4c0291917c7fd9) Importer(2089858483,b0f066a214c2f5e87bad3c948f4d605d)
Start importing Assets/Retro Shaders Pro/Demo/Textures/Sand/Ground033_1K-PNG_NormalGL.png using Guid(92baf9f3531fd9841a4c0291917c7fd9) Importer(2089858483,b0f066a214c2f5e87bad3c948f4d605d) (ScriptedImporter) -> (artifact id: '1536fd892226fd6ea4aed39e486cdcdb') in 0.006212999 seconds
Number of updated asset objects reloaded before import = 0Number of asset objects unloaded after import = 1

========================================================================
Received Import Request.
  Time since last request: 0.000008 seconds.
  path: Assets/Retro Shaders Pro/Demo/Textures/Sand
  artifactKey: Guid(b81dae7e485fe5149a808ebdfad88521) Importer(2089858483,b0f066a214c2f5e87bad3c948f4d605d)
Start importing Assets/Retro Shaders Pro/Demo/Textures/Sand using Guid(b81dae7e485fe5149a808ebdfad88521) Importer(2089858483,b0f066a214c2f5e87bad3c948f4d605d) (ScriptedImporter) -> (artifact id: 'e20d4f6b0b9c917058cd56bb3c6af598') in 0.001363273 seconds
Number of updated asset objects reloaded before import = 0Number of asset objects unloaded after import = 1

========================================================================
Received Import Request.
  Time since last request: 0.000010 seconds.
  path: Assets/Retro Shaders Pro/Demo/Prefabs/Crate Alt.prefab
  artifactKey: Guid(aaa19420eaaa1f14da312d4def8b5ff6) Importer(2089858483,b0f066a214c2f5e87bad3c948f4d605d)
Start importing Assets/Retro Shaders Pro/Demo/Prefabs/Crate Alt.prefab using Guid(aaa19420eaaa1f14da312d4def8b5ff6) Importer(2089858483,b0f066a214c2f5e87bad3c948f4d605d) (ScriptedImporter) -> (artifact id: '1665432ceb121a9491743017fefcba52') in 0.003887511 seconds
Number of updated asset objects reloaded before import = 0Number of asset objects unloaded after import = 15

========================================================================
Received Import Request.
  Time since last request: 0.000009 seconds.
  path: Assets/Retro Shaders Pro/Demo/Prefabs/Player.prefab
  artifactKey: Guid(b52a33ac329f6a54e9292c1e88949b65) Importer(2089858483,b0f066a214c2f5e87bad3c948f4d605d)
Start importing Assets/Retro Shaders Pro/Demo/Prefabs/Player.prefab using Guid(b52a33ac329f6a54e9292c1e88949b65) Importer(2089858483,b0f066a214c2f5e87bad3c948f4d605d) (ScriptedImporter) -> (artifact id: '13e23678f0ef5dcaf87e08c5ae02186e') in 0.005648131 seconds
Number of updated asset objects reloaded before import = 0Number of asset objects unloaded after import = 16

========================================================================
Received Import Request.
  Time since last request: 0.000008 seconds.
  path: Assets/Retro Shaders Pro/Demo/Textures/Road/Road_NormalDX.png
  artifactKey: Guid(f649b8fb675fbe245906d65d581a3fd4) Importer(2089858483,b0f066a214c2f5e87bad3c948f4d605d)
Start importing Assets/Retro Shaders Pro/Demo/Textures/Road/Road_NormalDX.png using Guid(f649b8fb675fbe245906d65d581a3fd4) Importer(2089858483,b0f066a214c2f5e87bad3c948f4d605d) (ScriptedImporter) -> (artifact id: 'a75445ae43eb38b94601f33f84155deb') in 0.006357178 seconds
Number of updated asset objects reloaded before import = 0Number of asset objects unloaded after import = 1

========================================================================
Received Import Request.
  Time since last request: 23.674451 seconds.
  path: Assets/Development
  artifactKey: Guid(31a7fe17fc477dc079d6e5ebaa42885c) Importer(815301076,1909f56bfc062723c751e8b465ee728b)
Start importing Assets/Development using Guid(31a7fe17fc477dc079d6e5ebaa42885c) Importer(815301076,1909f56bfc062723c751e8b465ee728b) (PreviewImporter) -> (artifact id: '613e4c98c3d913935b97dbc4a6294972') in 0.000302519 seconds
Number of updated asset objects reloaded before import = 0Number of asset objects unloaded after import = 0

========================================================================
Received Import Request.
  Time since last request: 0.651196 seconds.
  path: Assets/Development/Shaders
  artifactKey: Guid(ae1edbfced58b78739d64053de2bd21b) Importer(815301076,1909f56bfc062723c751e8b465ee728b)
Start importing Assets/Development/Shaders using Guid(ae1edbfced58b78739d64053de2bd21b) Importer(815301076,1909f56bfc062723c751e8b465ee728b) (PreviewImporter) -> (artifact id: '80c41fc97bb8cd9fd2ff9b1aa963822f') in 0.000382868 seconds
Number of updated asset objects reloaded before import = 0Number of asset objects unloaded after import = 0

========================================================================
Received Import Request.
  Time since last request: 0.691111 seconds.
  path: Assets/Development/Shaders/Retro Base
  artifactKey: Guid(397afb19f059e45308e0033219a665ff) Importer(815301076,1909f56bfc062723c751e8b465ee728b)
Start importing Assets/Development/Shaders/Retro Base using Guid(397afb19f059e45308e0033219a665ff) Importer(815301076,1909f56bfc062723c751e8b465ee728b) (PreviewImporter) -> (artifact id: '5e802a31060bc849910a36d61e866564') in 0.000314418 seconds
Number of updated asset objects reloaded before import = 0Number of asset objects unloaded after import = 0

========================================================================
Received Import Request.
  Time since last request: 0.063610 seconds.
  path: Assets/Development/Shaders/Retro Base/Retro Lighting.shadersubgraph
  artifactKey: Guid(4f7bb41e4d8c46a48903aacbb980687a) Importer(815301076,1909f56bfc062723c751e8b465ee728b)
Start importing Assets/Development/Shaders/Retro Base/Retro Lighting.shadersubgraph using Guid(4f7bb41e4d8c46a48903aacbb980687a) Importer(815301076,1909f56bfc062723c751e8b465ee728b) (PreviewImporter) -> (artifact id: '94c4f0106382ac44a8cf9e569b20da4a') in 0.009529473 seconds
Number of updated asset objects reloaded before import = 0Number of asset objects unloaded after import = 1

========================================================================
Received Import Request.
  Time since last request: 5.377282 seconds.
  path: Assets/Parkour FPS - First Person Character Controller
  artifactKey: Guid(399133c968b89df438b281870f812972) Importer(815301076,1909f56bfc062723c751e8b465ee728b)
Start importing Assets/Parkour FPS - First Person Character Controller using Guid(399133c968b89df438b281870f812972) Importer(815301076,1909f56bfc062723c751e8b465ee728b) (PreviewImporter) -> (artifact id: '45cf1ba4b6718280fd9497995aa23953') in 0.000307478 seconds
Number of updated asset objects reloaded before import = 0Number of asset objects unloaded after import = 0

========================================================================
Received Import Request.
  Time since last request: 2.493330 seconds.
  path: Assets/Parkour FPS - First Person Character Controller/Scenes
  artifactKey: Guid(1099d2a89bcf5b74b98ba10996b642ae) Importer(815301076,1909f56bfc062723c751e8b465ee728b)
Start importing Assets/Parkour FPS - First Person Character Controller/Scenes using Guid(1099d2a89bcf5b74b98ba10996b642ae) Importer(815301076,1909f56bfc062723c751e8b465ee728b) (PreviewImporter) -> (artifact id: '73574532d75831e52d520190bbaa1cbf') in 0.000292068 seconds
Number of updated asset objects reloaded before import = 0Number of asset objects unloaded after import = 0

========================================================================
Received Import Request.
  Time since last request: 0.720367 seconds.
  path: Assets/Parkour FPS - First Person Character Controller/Scenes/Example Scene
  artifactKey: Guid(54f8b6f6c8c29e34faee415ae45198b2) Importer(815301076,1909f56bfc062723c751e8b465ee728b)
Start importing Assets/Parkour FPS - First Person Character Controller/Scenes/Example Scene using Guid(54f8b6f6c8c29e34faee415ae45198b2) Importer(815301076,1909f56bfc062723c751e8b465ee728b) (PreviewImporter) -> (artifact id: '2590e2e180931ac532dca236f804344f') in 0.000304788 seconds
Number of updated asset objects reloaded before import = 0Number of asset objects unloaded after import = 0

========================================================================
Received Import Request.
  Time since last request: 0.030334 seconds.
  path: Assets/Parkour FPS - First Person Character Controller/Scenes/Example Scene/Terrain.asset
  artifactKey: Guid(6d2c880000501e14ba3cd8fe84874a93) Importer(815301076,1909f56bfc062723c751e8b465ee728b)
Start importing Assets/Parkour FPS - First Person Character Controller/Scenes/Example Scene/Terrain.asset using Guid(6d2c880000501e14ba3cd8fe84874a93) Importer(815301076,1909f56bfc062723c751e8b465ee728b) (PreviewImporter) -> (artifact id: 'b05e93dd89ff2b27ffe7e5dd2827920e') in 0.00402727 seconds
Number of updated asset objects reloaded before import = 0Number of asset objects unloaded after import = 1

========================================================================
Received Import Request.
  Time since last request: 0.695877 seconds.
  path: Assets/Parkour FPS - First Person Character Controller/Scenes/Example Scene/Example Scene.unity
  artifactKey: Guid(9cfe0805185524947a94a961e3a6506a) Importer(815301076,1909f56bfc062723c751e8b465ee728b)
Start importing Assets/Parkour FPS - First Person Character Controller/Scenes/Example Scene/Example Scene.unity using Guid(9cfe0805185524947a94a961e3a6506a) Importer(815301076,1909f56bfc062723c751e8b465ee728b) (PreviewImporter) -> (artifact id: 'd0d4aa59f33dd7d010053e67d1b8666e') in 0.000354958 seconds
Number of updated asset objects reloaded before import = 0Number of asset objects unloaded after import = 0

========================================================================
Received Import Request.
  Time since last request: 5.185133 seconds.
  path: Assets/Scenes
  artifactKey: Guid(760b2edea82e3ac518793bba39149f4a) Importer(815301076,1909f56bfc062723c751e8b465ee728b)
Start importing Assets/Scenes using Guid(760b2edea82e3ac518793bba39149f4a) Importer(815301076,1909f56bfc062723c751e8b465ee728b) (PreviewImporter) -> (artifact id: '889ea39afccf77e19344528e88dc114b') in 0.000268268 seconds
Number of updated asset objects reloaded before import = 0Number of asset objects unloaded after import = 0

========================================================================
Received Import Request.
  Time since last request: 2.162788 seconds.
  path: Assets/Scenes/SampleScene.unity
  artifactKey: Guid(99c9720ab356a0642a771bea13969a05) Importer(815301076,1909f56bfc062723c751e8b465ee728b)
Start importing Assets/Scenes/SampleScene.unity using Guid(99c9720ab356a0642a771bea13969a05) Importer(815301076,1909f56bfc062723c751e8b465ee728b) (PreviewImporter) -> (artifact id: '092f7974db3fb175701bdf9959c1e23b') in 0.000280749 seconds
Number of updated asset objects reloaded before import = 0Number of asset objects unloaded after import = 0

========================================================================
Received Import Request.
  Time since last request: 8.196986 seconds.
  path: Assets/Scenes/Base Test Scene.unity
  artifactKey: Guid(99c9720ab356a0642a771bea13969a05) Importer(815301076,1909f56bfc062723c751e8b465ee728b)
Start importing Assets/Scenes/Base Test Scene.unity using Guid(99c9720ab356a0642a771bea13969a05) Importer(815301076,1909f56bfc062723c751e8b465ee728b) (PreviewImporter) -> (artifact id: '3bef4b27fc27c0dd983f0fa537db0c3d') in 0.000379888 seconds
Number of updated asset objects reloaded before import = 0Number of asset objects unloaded after import = 0

========================================================================
Received Import Request.
  Time since last request: 0.945750 seconds.
  path: Assets/Scenes/Base Test Scene.unity
  artifactKey: Guid(99c9720ab356a0642a771bea13969a05) Importer(2089858483,b0f066a214c2f5e87bad3c948f4d605d)
Start importing Assets/Scenes/Base Test Scene.unity using Guid(99c9720ab356a0642a771bea13969a05) Importer(2089858483,b0f066a214c2f5e87bad3c948f4d605d) (ScriptedImporter) -> (artifact id: 'b5a919abe5c85787b2c62a66a56f7740') in 0.001433152 seconds
Number of updated asset objects reloaded before import = 0Number of asset objects unloaded after import = 1

========================================================================
Received Import Request.
  Time since last request: 3.001825 seconds.
  path: Assets
  artifactKey: Guid(00000000000000001000000000000000) Importer(815301076,1909f56bfc062723c751e8b465ee728b)
Start importing Assets using Guid(00000000000000001000000000000000) Importer(815301076,1909f56bfc062723c751e8b465ee728b) (PreviewImporter) -> (artifact id: 'c391582d739b6e62a5220f35cbb167ac') in 0.000268308 seconds
Number of updated asset objects reloaded before import = 0Number of asset objects unloaded after import = 0

========================================================================
Received Import Request.
  Time since last request: 3.594979 seconds.
  path: Assets/Art
  artifactKey: Guid(f876739eddc7be40896a9ec1d5d8ca90) Importer(815301076,1909f56bfc062723c751e8b465ee728b)
Start importing Assets/Art using Guid(f876739eddc7be40896a9ec1d5d8ca90) Importer(815301076,1909f56bfc062723c751e8b465ee728b) (PreviewImporter) -> (artifact id: '15224f5a373b7ac795d2a9cf742d5faf') in 0.000353888 seconds
Number of updated asset objects reloaded before import = 0Number of asset objects unloaded after import = 0

========================================================================
Received Import Request.
  Time since last request: 0.950220 seconds.
  path: Assets/Art
  artifactKey: Guid(f876739eddc7be40896a9ec1d5d8ca90) Importer(2089858483,b0f066a214c2f5e87bad3c948f4d605d)
Start importing Assets/Art using Guid(f876739eddc7be40896a9ec1d5d8ca90) Importer(2089858483,b0f066a214c2f5e87bad3c948f4d605d) (ScriptedImporter) -> (artifact id: '1886948ec83ac73b44b975892fb11f5d') in 0.001317994 seconds
Number of updated asset objects reloaded before import = 0Number of asset objects unloaded after import = 1

========================================================================
Received Import Request.
  Time since last request: 4.984979 seconds.
  path: Assets/Art/Models
  artifactKey: Guid(fa27ddf61b73ae3aebfaf3bc8600d334) Importer(815301076,1909f56bfc062723c751e8b465ee728b)
Start importing Assets/Art/Models using Guid(fa27ddf61b73ae3aebfaf3bc8600d334) Importer(815301076,1909f56bfc062723c751e8b465ee728b) (PreviewImporter) -> (artifact id: '73ff1357a9fb5cfaabdd4f9a9702335e') in 0.000353658 seconds
Number of updated asset objects reloaded before import = 0Number of asset objects unloaded after import = 0

========================================================================
Received Import Request.
  Time since last request: 0.955639 seconds.
  path: Assets/Art/Models
  artifactKey: Guid(fa27ddf61b73ae3aebfaf3bc8600d334) Importer(2089858483,b0f066a214c2f5e87bad3c948f4d605d)
Start importing Assets/Art/Models using Guid(fa27ddf61b73ae3aebfaf3bc8600d334) Importer(2089858483,b0f066a214c2f5e87bad3c948f4d605d) (ScriptedImporter) -> (artifact id: 'd67871915c3284794a01dd21cfb5135a') in 0.001376613 seconds
Number of updated asset objects reloaded before import = 0Number of asset objects unloaded after import = 1

========================================================================
Received Import Request.
  Time since last request: 4.984297 seconds.
  path: Assets/Art/Textures
  artifactKey: Guid(d879beba802b2271e8769be899dd5419) Importer(815301076,1909f56bfc062723c751e8b465ee728b)
Start importing Assets/Art/Textures using Guid(d879beba802b2271e8769be899dd5419) Importer(815301076,1909f56bfc062723c751e8b465ee728b) (PreviewImporter) -> (artifact id: '51ed5c75c9e9faf847a8d943031ab942') in 0.000363688 seconds
Number of updated asset objects reloaded before import = 0Number of asset objects unloaded after import = 0

========================================================================
Received Import Request.
  Time since last request: 0.958186 seconds.
  path: Assets/Art/Textures
  artifactKey: Guid(d879beba802b2271e8769be899dd5419) Importer(2089858483,b0f066a214c2f5e87bad3c948f4d605d)
Start importing Assets/Art/Textures using Guid(d879beba802b2271e8769be899dd5419) Importer(2089858483,b0f066a214c2f5e87bad3c948f4d605d) (ScriptedImporter) -> (artifact id: '3131074b650cd2fb34a0e284998c942c') in 0.001318483 seconds
Number of updated asset objects reloaded before import = 0Number of asset objects unloaded after import = 1

========================================================================
Received Import Request.
  Time since last request: 19.145715 seconds.
  path: Assets/Art/Materials
  artifactKey: Guid(25cc8039a545768a9b743e58d11808d1) Importer(815301076,1909f56bfc062723c751e8b465ee728b)
Start importing Assets/Art/Materials using Guid(25cc8039a545768a9b743e58d11808d1) Importer(815301076,1909f56bfc062723c751e8b465ee728b) (PreviewImporter) -> (artifact id: '14bfdf69c15cc4be717136e24008ce74') in 0.000360758 seconds
Number of updated asset objects reloaded before import = 0Number of asset objects unloaded after import = 0

========================================================================
Received Import Request.
  Time since last request: 0.963927 seconds.
  path: Assets/Art/Materials
  artifactKey: Guid(25cc8039a545768a9b743e58d11808d1) Importer(2089858483,b0f066a214c2f5e87bad3c948f4d605d)
Start importing Assets/Art/Materials using Guid(25cc8039a545768a9b743e58d11808d1) Importer(2089858483,b0f066a214c2f5e87bad3c948f4d605d) (ScriptedImporter) -> (artifact id: '273621a92c6c0946cd6a54d65fb92a63') in 0.001367763 seconds
Number of updated asset objects reloaded before import = 0Number of asset objects unloaded after import = 1

========================================================================
Received Import Request.
  Time since last request: 6.480463 seconds.
  path: Assets/Animations
  artifactKey: Guid(5d01dd2521184eecd870a9ad9dd22e85) Importer(815301076,1909f56bfc062723c751e8b465ee728b)
Start importing Assets/Animations using Guid(5d01dd2521184eecd870a9ad9dd22e85) Importer(815301076,1909f56bfc062723c751e8b465ee728b) (PreviewImporter) -> (artifact id: '61b8f8a9838391a5aee1da8544c6e90e') in 0.000348619 seconds
Number of updated asset objects reloaded before import = 0Number of asset objects unloaded after import = 0

========================================================================
Received Import Request.
  Time since last request: 0.956337 seconds.
  path: Assets/Animations
  artifactKey: Guid(5d01dd2521184eecd870a9ad9dd22e85) Importer(2089858483,b0f066a214c2f5e87bad3c948f4d605d)
Start importing Assets/Animations using Guid(5d01dd2521184eecd870a9ad9dd22e85) Importer(2089858483,b0f066a214c2f5e87bad3c948f4d605d) (ScriptedImporter) -> (artifact id: '540133c1a6bfffb7c91f23ac6bd8a823') in 0.002502927 seconds
Number of updated asset objects reloaded before import = 0Number of asset objects unloaded after import = 1

========================================================================
Received Import Request.
  Time since last request: 3.555479 seconds.
  path: Assets/Audio
  artifactKey: Guid(5d30dd89f04ab1391b8d17387c5dca7a) Importer(815301076,1909f56bfc062723c751e8b465ee728b)
Start importing Assets/Audio using Guid(5d30dd89f04ab1391b8d17387c5dca7a) Importer(815301076,1909f56bfc062723c751e8b465ee728b) (PreviewImporter) -> (artifact id: '056d35d986289782dd10d8c7bea045de') in 0.000408098 seconds
Number of updated asset objects reloaded before import = 0Number of asset objects unloaded after import = 0

========================================================================
Received Import Request.
  Time since last request: 0.960924 seconds.
  path: Assets/Audio
  artifactKey: Guid(5d30dd89f04ab1391b8d17387c5dca7a) Importer(2089858483,b0f066a214c2f5e87bad3c948f4d605d)
Start importing Assets/Audio using Guid(5d30dd89f04ab1391b8d17387c5dca7a) Importer(2089858483,b0f066a214c2f5e87bad3c948f4d605d) (ScriptedImporter) -> (artifact id: '5825aa143dbf2ac10c6e5928f15f4af3') in 0.001379413 seconds
Number of updated asset objects reloaded before import = 0Number of asset objects unloaded after import = 1

========================================================================
Received Import Request.
  Time since last request: 5.397899 seconds.
  path: Assets/Audio/Player
  artifactKey: Guid(dec1f60ea482f2e9ab3ed36ee27b44b9) Importer(815301076,1909f56bfc062723c751e8b465ee728b)
Start importing Assets/Audio/Player using Guid(dec1f60ea482f2e9ab3ed36ee27b44b9) Importer(815301076,1909f56bfc062723c751e8b465ee728b) (PreviewImporter) -> (artifact id: '94d0e50395313724320046b6a88a9e66') in 0.000362708 seconds
Number of updated asset objects reloaded before import = 0Number of asset objects unloaded after import = 0

========================================================================
Received Import Request.
  Time since last request: 0.954486 seconds.
  path: Assets/Audio/Player
  artifactKey: Guid(dec1f60ea482f2e9ab3ed36ee27b44b9) Importer(2089858483,b0f066a214c2f5e87bad3c948f4d605d)
Start importing Assets/Audio/Player using Guid(dec1f60ea482f2e9ab3ed36ee27b44b9) Importer(2089858483,b0f066a214c2f5e87bad3c948f4d605d) (ScriptedImporter) -> (artifact id: '29cd982fe6830333b8eec2c6585ec904') in 0.001367303 seconds
Number of updated asset objects reloaded before import = 0Number of asset objects unloaded after import = 1

========================================================================
Received Import Request.
  Time since last request: 6.008897 seconds.
  path: Assets/Parkour FPS - First Person Character Controller/Materials
  artifactKey: Guid(b6931494fa1ac0f4ba40b1d3d7df4cb1) Importer(815301076,1909f56bfc062723c751e8b465ee728b)
Start importing Assets/Parkour FPS - First Person Character Controller/Materials using Guid(b6931494fa1ac0f4ba40b1d3d7df4cb1) Importer(815301076,1909f56bfc062723c751e8b465ee728b) (PreviewImporter) -> (artifact id: 'c63a33022a097686fd695685def329d5') in 0.000277098 seconds
Number of updated asset objects reloaded before import = 0Number of asset objects unloaded after import = 0

========================================================================
Received Import Request.
  Time since last request: 0.044379 seconds.
  path: Assets/Parkour FPS - First Person Character Controller/Materials/BlueMat.mat
  artifactKey: Guid(3b0ae79d3f088594ab1aea53c6dbca8b) Importer(815301076,1909f56bfc062723c751e8b465ee728b)
Start importing Assets/Parkour FPS - First Person Character Controller/Materials/BlueMat.mat using Guid(3b0ae79d3f088594ab1aea53c6dbca8b) Importer(815301076,1909f56bfc062723c751e8b465ee728b) (PreviewImporter) -> (artifact id: 'e26e840b39befb78b70fdea968a08a40') in 0.311211922 seconds
Number of updated asset objects reloaded before import = 0Number of asset objects unloaded after import = 1

========================================================================
Received Import Request.
  Time since last request: 0.000028 seconds.
  path: Assets/Parkour FPS - First Person Character Controller/Materials/OrangeMat.mat
  artifactKey: Guid(9bd72f1297b9b4747a271632820eac80) Importer(815301076,1909f56bfc062723c751e8b465ee728b)
Start importing Assets/Parkour FPS - First Person Character Controller/Materials/OrangeMat.mat using Guid(9bd72f1297b9b4747a271632820eac80) Importer(815301076,1909f56bfc062723c751e8b465ee728b) (PreviewImporter) -> (artifact id: 'bf610864024f4574daff6176036f7d46') in 0.004663067 seconds
Number of updated asset objects reloaded before import = 0Number of asset objects unloaded after import = 1

========================================================================
Received Import Request.
  Time since last request: 0.000018 seconds.
  path: Assets/Parkour FPS - First Person Character Controller/Materials/SpeedLinesMat.mat
  artifactKey: Guid(0b95536756a26eb4fbc80703c9fb0e28) Importer(815301076,1909f56bfc062723c751e8b465ee728b)
Start importing Assets/Parkour FPS - First Person Character Controller/Materials/SpeedLinesMat.mat using Guid(0b95536756a26eb4fbc80703c9fb0e28) Importer(815301076,1909f56bfc062723c751e8b465ee728b) (PreviewImporter) -> (artifact id: 'e84a849e074da2e209a6d69892745903') in 0.057013784 seconds
Number of updated asset objects reloaded before import = 0Number of asset objects unloaded after import = 2

========================================================================
Received Import Request.
  Time since last request: 27.213563 seconds.
  path: Assets/Art/Materials/BlueMat.mat
  artifactKey: Guid(3b0ae79d3f088594ab1aea53c6dbca8b) Importer(815301076,1909f56bfc062723c751e8b465ee728b)
Start importing Assets/Art/Materials/BlueMat.mat using Guid(3b0ae79d3f088594ab1aea53c6dbca8b) Importer(815301076,1909f56bfc062723c751e8b465ee728b) (PreviewImporter) -> (artifact id: 'deb48639ed97e7039cc3fb1ed7b82b29') in 0.009544632 seconds
Number of updated asset objects reloaded before import = 0Number of asset objects unloaded after import = 1

========================================================================
Received Import Request.
  Time since last request: 0.956289 seconds.
  path: Assets/JC_LP_MegaCity/Materials/M_MegaCity_01.mat
  artifactKey: Guid(88c625725e767ad478b9f38a5e0f6fd4) Importer(2089858483,b0f066a214c2f5e87bad3c948f4d605d)
Start importing Assets/JC_LP_MegaCity/Materials/M_MegaCity_01.mat using Guid(88c625725e767ad478b9f38a5e0f6fd4) Importer(2089858483,b0f066a214c2f5e87bad3c948f4d605d) (ScriptedImporter) -> (artifact id: '678e247684653d769c3e3362841eb963') in 0.00589435 seconds
Number of updated asset objects reloaded before import = 0Number of asset objects unloaded after import = 3

========================================================================
Received Import Request.
  Time since last request: 0.000011 seconds.
  path: Assets/Art/Materials/OrangeMat.mat
  artifactKey: Guid(9bd72f1297b9b4747a271632820eac80) Importer(2089858483,b0f066a214c2f5e87bad3c948f4d605d)
Start importing Assets/Art/Materials/OrangeMat.mat using Guid(9bd72f1297b9b4747a271632820eac80) Importer(2089858483,b0f066a214c2f5e87bad3c948f4d605d) (ScriptedImporter) -> (artifact id: '4755c643b54a0ef9a78e5bb2d46d01a6') in 0.00209651 seconds
Number of updated asset objects reloaded before import = 0Number of asset objects unloaded after import = 1

========================================================================
Received Import Request.
  Time since last request: 4.938101 seconds.
  path: Assets/Parkour FPS - First Person Character Controller/Prefabs
  artifactKey: Guid(e112801e2ce7f134786c72bc22a6b3c0) Importer(815301076,1909f56bfc062723c751e8b465ee728b)
Start importing Assets/Parkour FPS - First Person Character Controller/Prefabs using Guid(e112801e2ce7f134786c72bc22a6b3c0) Importer(815301076,1909f56bfc062723c751e8b465ee728b) (PreviewImporter) -> (artifact id: '4759ace7818f5d8168d2f481e184126d') in 0.000317618 seconds
Number of updated asset objects reloaded before import = 0Number of asset objects unloaded after import = 0

========================================================================
Received Import Request.
  Time since last request: 0.057430 seconds.
  path: Assets/Parkour FPS - First Person Character Controller/Prefabs/Player Controller.prefab
  artifactKey: Guid(92d47fad1f15424438aa8f0d389d24cd) Importer(815301076,1909f56bfc062723c751e8b465ee728b)
Start importing Assets/Parkour FPS - First Person Character Controller/Prefabs/Player Controller.prefab using Guid(92d47fad1f15424438aa8f0d389d24cd) Importer(815301076,1909f56bfc062723c751e8b465ee728b) (PreviewImporter) -> (artifact id: '7f87440ccdb89fcfa6a8e9779d1d10ef') in 0.011111354 seconds
Number of updated asset objects reloaded before import = 0Number of asset objects unloaded after import = 64

========================================================================
Received Import Request.
  Time since last request: 26.437372 seconds.
  path: Assets/Prefabs
  artifactKey: Guid(997d5330899974f0ea4eb21648e20849) Importer(815301076,1909f56bfc062723c751e8b465ee728b)
Start importing Assets/Prefabs using Guid(997d5330899974f0ea4eb21648e20849) Importer(815301076,1909f56bfc062723c751e8b465ee728b) (PreviewImporter) -> (artifact id: '142ea12300988df291954b721385ae39') in 0.000387548 seconds
Number of updated asset objects reloaded before import = 0Number of asset objects unloaded after import = 0

========================================================================
Received Import Request.
  Time since last request: 0.954835 seconds.
  path: Assets/Prefabs
  artifactKey: Guid(997d5330899974f0ea4eb21648e20849) Importer(2089858483,b0f066a214c2f5e87bad3c948f4d605d)
Start importing Assets/Prefabs using Guid(997d5330899974f0ea4eb21648e20849) Importer(2089858483,b0f066a214c2f5e87bad3c948f4d605d) (ScriptedImporter) -> (artifact id: '4a77bef122bc96df2e76926d74d540a6') in 0.001389113 seconds
Number of updated asset objects reloaded before import = 0Number of asset objects unloaded after import = 1

========================================================================
Received Import Request.
  Time since last request: 3.781021 seconds.
  path: Assets/Prefabs/Static Level.prefab
  artifactKey: Guid(409da112a3d876e7f908144a261840a2) Importer(815301076,1909f56bfc062723c751e8b465ee728b)
Start importing Assets/Prefabs/Static Level.prefab using Guid(409da112a3d876e7f908144a261840a2) Importer(815301076,1909f56bfc062723c751e8b465ee728b) (PreviewImporter) -> (artifact id: '5e0235d035308caae9bc92e7c7c331dc') in 0.010658047 seconds
Number of updated asset objects reloaded before import = 0Number of asset objects unloaded after import = 148

========================================================================
Received Import Request.
  Time since last request: 0.940878 seconds.
  path: Assets/Prefabs/Static Level.prefab
  artifactKey: Guid(409da112a3d876e7f908144a261840a2) Importer(2089858483,b0f066a214c2f5e87bad3c948f4d605d)
Start importing Assets/Prefabs/Static Level.prefab using Guid(409da112a3d876e7f908144a261840a2) Importer(2089858483,b0f066a214c2f5e87bad3c948f4d605d) (ScriptedImporter) -> (artifact id: 'c2b247069c243760b69f1e850cef39eb') in 0.002690377 seconds
Number of updated asset objects reloaded before import = 0Number of asset objects unloaded after import = 144

========================================================================
Received Import Request.
  Time since last request: 12.173308 seconds.
  path: Assets/Parkour FPS - First Person Character Controller/Scripts
  artifactKey: Guid(26a49b4a9baed1848ab2e2d78e0aa297) Importer(815301076,1909f56bfc062723c751e8b465ee728b)
Start importing Assets/Parkour FPS - First Person Character Controller/Scripts using Guid(26a49b4a9baed1848ab2e2d78e0aa297) Importer(815301076,1909f56bfc062723c751e8b465ee728b) (PreviewImporter) -> (artifact id: '0dae4d7eca3b237c75d47eeac35a0cdb') in 0.000285548 seconds
Number of updated asset objects reloaded before import = 0Number of asset objects unloaded after import = 0

========================================================================
Received Import Request.
  Time since last request: 2.010325 seconds.
  path: Assets/Parkour FPS - First Person Character Controller/Scripts/CursorState.cs
  artifactKey: Guid(858f9b1726fe06c46875a02fa301e027) Importer(815301076,1909f56bfc062723c751e8b465ee728b)
Start importing Assets/Parkour FPS - First Person Character Controller/Scripts/CursorState.cs using Guid(858f9b1726fe06c46875a02fa301e027) Importer(815301076,1909f56bfc062723c751e8b465ee728b) (PreviewImporter) -> (artifact id: '22134ab37760ddad1a1df0ecd8e99faf') in 0.000296559 seconds
Number of updated asset objects reloaded before import = 0Number of asset objects unloaded after import = 0

========================================================================
Received Import Request.
  Time since last request: 6.780835 seconds.
  path: Assets/Scripts
  artifactKey: Guid(7eae0e3a38aac95f08d37a033bb4e06b) Importer(815301076,1909f56bfc062723c751e8b465ee728b)
Start importing Assets/Scripts using Guid(7eae0e3a38aac95f08d37a033bb4e06b) Importer(815301076,1909f56bfc062723c751e8b465ee728b) (PreviewImporter) -> (artifact id: '80d56536e5ec0fd9df02e7b7a6e6baed') in 0.000424828 seconds
Number of updated asset objects reloaded before import = 0Number of asset objects unloaded after import = 0

========================================================================
Received Import Request.
  Time since last request: 0.952289 seconds.
  path: Assets/Scripts
  artifactKey: Guid(7eae0e3a38aac95f08d37a033bb4e06b) Importer(2089858483,b0f066a214c2f5e87bad3c948f4d605d)
Start importing Assets/Scripts using Guid(7eae0e3a38aac95f08d37a033bb4e06b) Importer(2089858483,b0f066a214c2f5e87bad3c948f4d605d) (ScriptedImporter) -> (artifact id: 'b0be32290b7bc064a87e0d6cdf9b264e') in 0.001442443 seconds
Number of updated asset objects reloaded before import = 0Number of asset objects unloaded after import = 1

========================================================================
Received Import Request.
  Time since last request: 3.966720 seconds.
  path: Assets/Scripts/Player
  artifactKey: Guid(2c7a33737864177a7a79117aa0323d94) Importer(815301076,1909f56bfc062723c751e8b465ee728b)
Start importing Assets/Scripts/Player using Guid(2c7a33737864177a7a79117aa0323d94) Importer(815301076,1909f56bfc062723c751e8b465ee728b) (PreviewImporter) -> (artifact id: 'c85b227a139d8072f74a598b18dbdefc') in 0.000445288 seconds
Number of updated asset objects reloaded before import = 0Number of asset objects unloaded after import = 0

========================================================================
Received Prepare
WARNING: Shader Unsupported: 'Hidden/Retro Shaders Pro/Terrain/Lit (Base Pass)' - All subshaders removed
WARNING: Shader Did you use #pragma only_renderers and omit this platform?
WARNING: Shader If subshaders removal was intentional, you may have forgotten turning Fallback off?
WARNING: Shader Unsupported: 'Hidden/Retro Shaders Pro/Terrain/Lit (Base Pass)' - All subshaders removed
WARNING: Shader Did you use #pragma only_renderers and omit this platform?
WARNING: Shader If subshaders removal was intentional, you may have forgotten turning Fallback off?
WARNING: Shader Unsupported: 'Retro Shaders Pro/Terrain/Lit' - All subshaders removed
WARNING: Shader Did you use #pragma only_renderers and omit this platform?
WARNING: Shader If subshaders removal was intentional, you may have forgotten turning Fallback off?
WARNING: Shader Unsupported: 'Retro Shaders Pro/Terrain/Lit' - All subshaders removed
WARNING: Shader Did you use #pragma only_renderers and omit this platform?
WARNING: Shader If subshaders removal was intentional, you may have forgotten turning Fallback off?
Refreshing native plugins compatible for Editor in 0.27 ms, found 0 plugins.
Preloading 0 native plugins for Editor in 0.00 ms.
Unloading 18 Unused Serialized files (Serialized files now loaded: 0)
Unloading 6233 unused Assets / (4.6 MB). Loaded Objects now: 7211.
Memory consumption went from 155.7 MB to 151.1 MB.
Total: 9.123285 ms (FindLiveObjects: 0.483808 ms CreateObjectMapping: 0.229599 ms MarkObjects: 6.918615 ms  DeleteObjects: 1.490433 ms)

Prepare: number of updated asset objects reloaded= 0
========================================================================
Received Prepare
WARNING: Shader Unsupported: 'Hidden/Retro Shaders Pro/Terrain/Lit (Base Pass)' - All subshaders removed
WARNING: Shader Did you use #pragma only_renderers and omit this platform?
WARNING: Shader If subshaders removal was intentional, you may have forgotten turning Fallback off?
WARNING: Shader Unsupported: 'Hidden/Retro Shaders Pro/Terrain/Lit (Base Pass)' - All subshaders removed
WARNING: Shader Did you use #pragma only_renderers and omit this platform?
WARNING: Shader If subshaders removal was intentional, you may have forgotten turning Fallback off?
WARNING: Shader Unsupported: 'Retro Shaders Pro/Terrain/Lit' - All subshaders removed
WARNING: Shader Did you use #pragma only_renderers and omit this platform?
WARNING: Shader If subshaders removal was intentional, you may have forgotten turning Fallback off?
WARNING: Shader Unsupported: 'Retro Shaders Pro/Terrain/Lit' - All subshaders removed
WARNING: Shader Did you use #pragma only_renderers and omit this platform?
WARNING: Shader If subshaders removal was intentional, you may have forgotten turning Fallback off?
Refreshing native plugins compatible for Editor in 0.26 ms, found 0 plugins.
Preloading 0 native plugins for Editor in 0.00 ms.
Unloading 18 Unused Serialized files (Serialized files now loaded: 0)
Unloading 6232 unused Assets / (4.9 MB). Loaded Objects now: 7211.
Memory consumption went from 155.7 MB to 150.8 MB.
Total: 11.001255 ms (FindLiveObjects: 0.539677 ms CreateObjectMapping: 0.749506 ms MarkObjects: 7.834281 ms  DeleteObjects: 1.876731 ms)

Prepare: number of updated asset objects reloaded= 0
========================================================================
Received Prepare
WARNING: Shader Unsupported: 'Hidden/Retro Shaders Pro/Terrain/Lit (Base Pass)' - All subshaders removed
WARNING: Shader Did you use #pragma only_renderers and omit this platform?
WARNING: Shader If subshaders removal was intentional, you may have forgotten turning Fallback off?
WARNING: Shader Unsupported: 'Hidden/Retro Shaders Pro/Terrain/Lit (Base Pass)' - All subshaders removed
WARNING: Shader Did you use #pragma only_renderers and omit this platform?
WARNING: Shader If subshaders removal was intentional, you may have forgotten turning Fallback off?
WARNING: Shader Unsupported: 'Retro Shaders Pro/Terrain/Lit' - All subshaders removed
WARNING: Shader Did you use #pragma only_renderers and omit this platform?
WARNING: Shader If subshaders removal was intentional, you may have forgotten turning Fallback off?
WARNING: Shader Unsupported: 'Retro Shaders Pro/Terrain/Lit' - All subshaders removed
WARNING: Shader Did you use #pragma only_renderers and omit this platform?
WARNING: Shader If subshaders removal was intentional, you may have forgotten turning Fallback off?
Refreshing native plugins compatible for Editor in 0.30 ms, found 0 plugins.
Preloading 0 native plugins for Editor in 0.00 ms.
Unloading 18 Unused Serialized files (Serialized files now loaded: 0)
Unloading 6232 unused Assets / (5.0 MB). Loaded Objects now: 7211.
Memory consumption went from 155.7 MB to 150.7 MB.
Total: 8.984055 ms (FindLiveObjects: 0.432398 ms CreateObjectMapping: 0.211439 ms MarkObjects: 6.663376 ms  DeleteObjects: 1.676342 ms)

Prepare: number of updated asset objects reloaded= 0
========================================================================
Received Import Request.
  Time since last request: 1.992618 seconds.
  path: Assets/Scripts/Player
  artifactKey: Guid(2c7a33737864177a7a79117aa0323d94) Importer(2089858483,b0f066a214c2f5e87bad3c948f4d605d)
Start importing Assets/Scripts/Player using Guid(2c7a33737864177a7a79117aa0323d94) Importer(2089858483,b0f066a214c2f5e87bad3c948f4d605d) (ScriptedImporter) -> (artifact id: 'a6e1fa0f1aa9bae4690d8597d31e115f') in 0.001282043 seconds
Number of updated asset objects reloaded before import = 0Number of asset objects unloaded after import = 1

========================================================================
Received Import Request.
  Time since last request: 0.000011 seconds.
  path: Assets/Scripts/Player/SoundPlayer.cs
  artifactKey: Guid(64207660d286a5c48afe376fa189a381) Importer(2089858483,b0f066a214c2f5e87bad3c948f4d605d)
Start importing Assets/Scripts/Player/SoundPlayer.cs using Guid(64207660d286a5c48afe376fa189a381) Importer(2089858483,b0f066a214c2f5e87bad3c948f4d605d) (ScriptedImporter) -> (artifact id: '726e2a0205270d7397a179067b313279') in 0.001315443 seconds
Number of updated asset objects reloaded before import = 0Number of asset objects unloaded after import = 0

========================================================================
Received Prepare
Begin MonoManager ReloadAssembly
[Licensing::Client] Successfully resolved entitlement details
- Loaded All Assemblies, in  0.461 seconds
Refreshing native plugins compatible for Editor in 0.20 ms, found 0 plugins.
Native extension for LinuxStandalone target not found
[Package Manager] Failed to launch server process. Reason: Unity was launched with the -noUpm command-line argument
[Package Manager] Unable to send message (not connected to server process).
[Package Manager] Cannot connect to Unity Package Manager local server
ScheduleIndexationOnStartup MainProcess:False IndexOnStartup:True
Mono: successfully reloaded assembly
- Finished resetting the current domain, in  0.533 seconds
Domain Reload Profiling: 996ms
	BeginReloadAssembly (140ms)
		ExecutionOrderSort (0ms)
		DisableScriptedObjects (15ms)
		BackupInstance (0ms)
		ReleaseScriptingObjects (0ms)
		CreateAndSetChildDomain (50ms)
	RebuildCommonClasses (28ms)
	RebuildNativeTypeToScriptingClass (7ms)
	initialDomainReloadingComplete (21ms)
	LoadAllAssembliesAndSetupDomain (267ms)
		LoadAssemblies (170ms)
		RebuildTransferFunctionScriptingTraits (0ms)
		AnalyzeDomain (132ms)
			TypeCache.Refresh (7ms)
				TypeCache.ScanAssembly (1ms)
			BuildScriptInfoCaches (116ms)
			ResolveRequiredComponents (7ms)
	FinalizeReload (534ms)
		ReleaseScriptCaches (0ms)
		RebuildScriptCaches (0ms)
		SetupLoadedEditorAssemblies (413ms)
			LogAssemblyErrors (0ms)
			InitializePlatformSupportModulesInManaged (1ms)
			SetLoadedEditorAssemblies (2ms)
			BeforeProcessingInitializeOnLoad (123ms)
			ProcessInitializeOnLoadAttributes (232ms)
			ProcessInitializeOnLoadMethodAttributes (50ms)
			AfterProcessingInitializeOnLoad (4ms)
			EditorAssembliesLoaded (0ms)
		ExecutionOrderSort2 (0ms)
		AwakeInstancesAfterBackupRestoration (9ms)
WARNING: Shader Unsupported: 'Hidden/Retro Shaders Pro/Terrain/Lit (Base Pass)' - All subshaders removed
WARNING: Shader Did you use #pragma only_renderers and omit this platform?
WARNING: Shader If subshaders removal was intentional, you may have forgotten turning Fallback off?
WARNING: Shader Unsupported: 'Hidden/Retro Shaders Pro/Terrain/Lit (Base Pass)' - All subshaders removed
WARNING: Shader Did you use #pragma only_renderers and omit this platform?
WARNING: Shader If subshaders removal was intentional, you may have forgotten turning Fallback off?
WARNING: Shader Unsupported: 'Retro Shaders Pro/Terrain/Lit' - All subshaders removed
WARNING: Shader Did you use #pragma only_renderers and omit this platform?
WARNING: Shader If subshaders removal was intentional, you may have forgotten turning Fallback off?
WARNING: Shader Unsupported: 'Retro Shaders Pro/Terrain/Lit' - All subshaders removed
WARNING: Shader Did you use #pragma only_renderers and omit this platform?
WARNING: Shader If subshaders removal was intentional, you may have forgotten turning Fallback off?
Refreshing native plugins compatible for Editor in 0.33 ms, found 0 plugins.
Preloading 0 native plugins for Editor in 0.00 ms.
Unloading 18 Unused Serialized files (Serialized files now loaded: 0)
Unloading 6238 unused Assets / (4.8 MB). Loaded Objects now: 7137.
Memory consumption went from 156.1 MB to 151.3 MB.
Total: 7.698912 ms (FindLiveObjects: 0.503488 ms CreateObjectMapping: 0.257379 ms MarkObjects: 5.285773 ms  DeleteObjects: 1.651752 ms)

Prepare: number of updated asset objects reloaded= 0
========================================================================
Received Import Request.
  Time since last request: 6.376034 seconds.
  path: Assets/Retro Shaders Pro/Demo/Textures/RiverWater.png
  artifactKey: Guid(bd509bd6947d4d04487dfb91593d6e79) Importer(815301076,1909f56bfc062723c751e8b465ee728b)
Start importing Assets/Retro Shaders Pro/Demo/Textures/RiverWater.png using Guid(bd509bd6947d4d04487dfb91593d6e79) Importer(815301076,1909f56bfc062723c751e8b465ee728b) (PreviewImporter) -> (artifact id: 'ae666f0e6e4b0f9783b58c64f28921f4') in 0.037680601 seconds
Number of updated asset objects reloaded before import = 0Number of asset objects unloaded after import = 2

========================================================================
Received Import Request.
  Time since last request: 3.319853 seconds.
  path: Assets/Parkour FPS - First Person Character Controller/Sounds
  artifactKey: Guid(960f9e7fa51d8fc42bdbec7a2ec70e43) Importer(815301076,1909f56bfc062723c751e8b465ee728b)
Start importing Assets/Parkour FPS - First Person Character Controller/Sounds using Guid(960f9e7fa51d8fc42bdbec7a2ec70e43) Importer(815301076,1909f56bfc062723c751e8b465ee728b) (PreviewImporter) -> (artifact id: '3947f4aa99883cdd48c493b61452a570') in 0.000289208 seconds
Number of updated asset objects reloaded before import = 0Number of asset objects unloaded after import = 0

========================================================================
Received Import Request.
  Time since last request: 0.046039 seconds.
  path: Assets/Parkour FPS - First Person Character Controller/Sounds/jump.wav
  artifactKey: Guid(8c0f96a4f55fa1d4e991f767535fca9c) Importer(815301076,1909f56bfc062723c751e8b465ee728b)
Start importing Assets/Parkour FPS - First Person Character Controller/Sounds/jump.wav using Guid(8c0f96a4f55fa1d4e991f767535fca9c) Importer(815301076,1909f56bfc062723c751e8b465ee728b) (PreviewImporter) -> (artifact id: '26941b3cf7558dfc3580ad9bea183fe7') in 0.028170279 seconds
Number of updated asset objects reloaded before import = 0Number of asset objects unloaded after import = 2

========================================================================
Received Import Request.
  Time since last request: 0.000013 seconds.
  path: Assets/Parkour FPS - First Person Character Controller/Sounds/sliding.wav
  artifactKey: Guid(38d948eef0c18c0408c334549f66d223) Importer(815301076,1909f56bfc062723c751e8b465ee728b)
Start importing Assets/Parkour FPS - First Person Character Controller/Sounds/sliding.wav using Guid(38d948eef0c18c0408c334549f66d223) Importer(815301076,1909f56bfc062723c751e8b465ee728b) (PreviewImporter) -> (artifact id: '1277c60811f606add99c718f811a851d') in 0.003073685 seconds
Number of updated asset objects reloaded before import = 0Number of asset objects unloaded after import = 2

========================================================================
Received Import Request.
  Time since last request: 0.000015 seconds.
  path: Assets/Parkour FPS - First Person Character Controller/Sounds/running.wav
  artifactKey: Guid(08f13cdb6bb488c42b5d51dd35bdbcc1) Importer(815301076,1909f56bfc062723c751e8b465ee728b)
Start importing Assets/Parkour FPS - First Person Character Controller/Sounds/running.wav using Guid(08f13cdb6bb488c42b5d51dd35bdbcc1) Importer(815301076,1909f56bfc062723c751e8b465ee728b) (PreviewImporter) -> (artifact id: '2f60627987139821714f9546536152eb') in 0.002594667 seconds
Number of updated asset objects reloaded before import = 0Number of asset objects unloaded after import = 2

========================================================================
Received Import Request.
  Time since last request: 11.094558 seconds.
  path: Assets/Parkour FPS - First Person Character Controller/Textures
  artifactKey: Guid(f2b11ecb84cf90047ad7c9117f16a7e4) Importer(815301076,1909f56bfc062723c751e8b465ee728b)
Start importing Assets/Parkour FPS - First Person Character Controller/Textures using Guid(f2b11ecb84cf90047ad7c9117f16a7e4) Importer(815301076,1909f56bfc062723c751e8b465ee728b) (PreviewImporter) -> (artifact id: 'f56773ce16afd2f916b2a92006da3a2c') in 0.000275508 seconds
Number of updated asset objects reloaded before import = 0Number of asset objects unloaded after import = 0

========================================================================
Received Import Request.
  Time since last request: 0.038617 seconds.
  path: Assets/Parkour FPS - First Person Character Controller/Textures/cursor.png
  artifactKey: Guid(c5da2ab4cdcf5f2419c132e9dbf56074) Importer(815301076,1909f56bfc062723c751e8b465ee728b)
Start importing Assets/Parkour FPS - First Person Character Controller/Textures/cursor.png using Guid(c5da2ab4cdcf5f2419c132e9dbf56074) Importer(815301076,1909f56bfc062723c751e8b465ee728b) (PreviewImporter) -> (artifact id: '169930374687806186bc1a518e150076') in 0.011149255 seconds
Number of updated asset objects reloaded before import = 0Number of asset objects unloaded after import = 3

========================================================================
Received Import Request.
  Time since last request: 0.000007 seconds.
  path: Assets/Parkour FPS - First Person Character Controller/Textures/SpeedLines.png
  artifactKey: Guid(daa03d55c1977dd4389828b0f289cb24) Importer(815301076,1909f56bfc062723c751e8b465ee728b)
Start importing Assets/Parkour FPS - First Person Character Controller/Textures/SpeedLines.png using Guid(daa03d55c1977dd4389828b0f289cb24) Importer(815301076,1909f56bfc062723c751e8b465ee728b) (PreviewImporter) -> (artifact id: '51c3403a488455c00a10943898983fa9') in 0.003424833 seconds
Number of updated asset objects reloaded before import = 0Number of asset objects unloaded after import = 3

========================================================================
Received Import Request.
  Time since last request: 113.286893 seconds.
  path: Assets/Prefabs/Player Controller.prefab
  artifactKey: Guid(dae5e09e7911ba91d83a2582b26586b1) Importer(815301076,1909f56bfc062723c751e8b465ee728b)
Start importing Assets/Prefabs/Player Controller.prefab using Guid(dae5e09e7911ba91d83a2582b26586b1) Importer(815301076,1909f56bfc062723c751e8b465ee728b) (PreviewImporter) -> (artifact id: '99cdb031cbd3d12b2f45f5d0f49c0869') in 0.010252059 seconds
Number of updated asset objects reloaded before import = 0Number of asset objects unloaded after import = 34

========================================================================
Received Import Request.
  Time since last request: 21.110659 seconds.
  path: ProjectSettings/TagManager.asset
  artifactKey: Guid(00000000000000003000000000000000) Importer(815301076,1909f56bfc062723c751e8b465ee728b)
Start importing ProjectSettings/TagManager.asset using Guid(00000000000000003000000000000000) Importer(815301076,1909f56bfc062723c751e8b465ee728b) (PreviewImporter) -> (artifact id: '3a7edb23da3ecee511b0136481fac718') in 0.000644777 seconds
Number of updated asset objects reloaded before import = 0Number of asset objects unloaded after import = 0

========================================================================
Received Prepare
Begin MonoManager ReloadAssembly
[Licensing::Client] Successfully resolved entitlement details
- Loaded All Assemblies, in  0.442 seconds
Refreshing native plugins compatible for Editor in 0.20 ms, found 0 plugins.
Native extension for LinuxStandalone target not found
[Package Manager] Failed to launch server process. Reason: Unity was launched with the -noUpm command-line argument
[Package Manager] Unable to send message (not connected to server process).
[Package Manager] Cannot connect to Unity Package Manager local server
ScheduleIndexationOnStartup MainProcess:False IndexOnStartup:True
Mono: successfully reloaded assembly
- Finished resetting the current domain, in  0.527 seconds
Domain Reload Profiling: 970ms
	BeginReloadAssembly (110ms)
		ExecutionOrderSort (0ms)
		DisableScriptedObjects (4ms)
		BackupInstance (0ms)
		ReleaseScriptingObjects (0ms)
		CreateAndSetChildDomain (34ms)
	RebuildCommonClasses (28ms)
	RebuildNativeTypeToScriptingClass (7ms)
	initialDomainReloadingComplete (21ms)
	LoadAllAssembliesAndSetupDomain (277ms)
		LoadAssemblies (178ms)
		RebuildTransferFunctionScriptingTraits (0ms)
		AnalyzeDomain (130ms)
			TypeCache.Refresh (5ms)
				TypeCache.ScanAssembly (0ms)
			BuildScriptInfoCaches (117ms)
			ResolveRequiredComponents (7ms)
	FinalizeReload (527ms)
		ReleaseScriptCaches (0ms)
		RebuildScriptCaches (0ms)
		SetupLoadedEditorAssemblies (411ms)
			LogAssemblyErrors (0ms)
			InitializePlatformSupportModulesInManaged (2ms)
			SetLoadedEditorAssemblies (3ms)
			BeforeProcessingInitializeOnLoad (129ms)
			ProcessInitializeOnLoadAttributes (225ms)
			ProcessInitializeOnLoadMethodAttributes (48ms)
			AfterProcessingInitializeOnLoad (4ms)
			EditorAssembliesLoaded (0ms)
		ExecutionOrderSort2 (0ms)
		AwakeInstancesAfterBackupRestoration (9ms)
WARNING: Shader Unsupported: 'Hidden/Retro Shaders Pro/Terrain/Lit (Base Pass)' - All subshaders removed
WARNING: Shader Did you use #pragma only_renderers and omit this platform?
WARNING: Shader If subshaders removal was intentional, you may have forgotten turning Fallback off?
WARNING: Shader Unsupported: 'Hidden/Retro Shaders Pro/Terrain/Lit (Base Pass)' - All subshaders removed
WARNING: Shader Did you use #pragma only_renderers and omit this platform?
WARNING: Shader If subshaders removal was intentional, you may have forgotten turning Fallback off?
WARNING: Shader Unsupported: 'Retro Shaders Pro/Terrain/Lit' - All subshaders removed
WARNING: Shader Did you use #pragma only_renderers and omit this platform?
WARNING: Shader If subshaders removal was intentional, you may have forgotten turning Fallback off?
WARNING: Shader Unsupported: 'Retro Shaders Pro/Terrain/Lit' - All subshaders removed
WARNING: Shader Did you use #pragma only_renderers and omit this platform?
WARNING: Shader If subshaders removal was intentional, you may have forgotten turning Fallback off?
Refreshing native plugins compatible for Editor in 0.28 ms, found 0 plugins.
Preloading 0 native plugins for Editor in 0.00 ms.
Unloading 18 Unused Serialized files (Serialized files now loaded: 0)
Unloading 6239 unused Assets / (4.9 MB). Loaded Objects now: 7149.
Memory consumption went from 156.0 MB to 151.2 MB.
Total: 8.063820 ms (FindLiveObjects: 0.473548 ms CreateObjectMapping: 0.511548 ms MarkObjects: 5.174744 ms  DeleteObjects: 1.903450 ms)

Prepare: number of updated asset objects reloaded= 0
========================================================================
Received Import Request.
  Time since last request: 29.824508 seconds.
  path: Assets/Retro Shaders Pro/Demo/Materials/Retro Balcony.mat
  artifactKey: Guid(93967ce3e84d1f54ab3818fec42d391f) Importer(815301076,1909f56bfc062723c751e8b465ee728b)
Start importing Assets/Retro Shaders Pro/Demo/Materials/Retro Balcony.mat using Guid(93967ce3e84d1f54ab3818fec42d391f) Importer(815301076,1909f56bfc062723c751e8b465ee728b) (PreviewImporter) -> (artifact id: '44cd41af84f581ecf9131352a714d22c') in 0.909552966 seconds
Number of updated asset objects reloaded before import = 0Number of asset objects unloaded after import = 2

========================================================================
Received Import Request.
  Time since last request: 0.000023 seconds.
  path: Assets/Retro Shaders Pro/Demo/Materials/Retro StringLights.mat
  artifactKey: Guid(a802d051f3d84ec4db9855df78e02317) Importer(815301076,1909f56bfc062723c751e8b465ee728b)
Start importing Assets/Retro Shaders Pro/Demo/Materials/Retro StringLights.mat using Guid(a802d051f3d84ec4db9855df78e02317) Importer(815301076,1909f56bfc062723c751e8b465ee728b) (PreviewImporter) -> (artifact id: '758ca23813c9a85dde5b75af11984441') in 0.202577506 seconds
Number of updated asset objects reloaded before import = 0Number of asset objects unloaded after import = 2

========================================================================
Received Import Request.
  Time since last request: 0.000027 seconds.
  path: Assets/Retro Shaders Pro/Demo/Materials/Retro Skybox Night.mat
  artifactKey: Guid(0abf0a0b42116d14a88904c4f7fdfe8f) Importer(815301076,1909f56bfc062723c751e8b465ee728b)
Start importing Assets/Retro Shaders Pro/Demo/Materials/Retro Skybox Night.mat using Guid(0abf0a0b42116d14a88904c4f7fdfe8f) Importer(815301076,1909f56bfc062723c751e8b465ee728b) (PreviewImporter) -> (artifact id: '88e17077d0523aeb14f6f2a69c101263') in 0.753666587 seconds
Number of updated asset objects reloaded before import = 0Number of asset objects unloaded after import = 6

========================================================================
Received Import Request.
  Time since last request: 0.000025 seconds.
  path: Assets/Retro Shaders Pro/Demo/Materials/Retro Mushroom Red.mat
  artifactKey: Guid(851d495c2897be945a91d52aeab4c8ea) Importer(815301076,1909f56bfc062723c751e8b465ee728b)
Start importing Assets/Retro Shaders Pro/Demo/Materials/Retro Mushroom Red.mat using Guid(851d495c2897be945a91d52aeab4c8ea) Importer(815301076,1909f56bfc062723c751e8b465ee728b) (PreviewImporter) -> (artifact id: 'cf8f0248df2d3891a76a1c77c348c98f') in 0.462182316 seconds
Number of updated asset objects reloaded before import = 0Number of asset objects unloaded after import = 2

========================================================================
Received Import Request.
  Time since last request: 0.000021 seconds.
  path: Assets/Retro Shaders Pro/Demo/Materials/Retro GrassTuft.mat
  artifactKey: Guid(5ccd8c840745fff44b573e8a736c9868) Importer(815301076,1909f56bfc062723c751e8b465ee728b)
Start importing Assets/Retro Shaders Pro/Demo/Materials/Retro GrassTuft.mat using Guid(5ccd8c840745fff44b573e8a736c9868) Importer(815301076,1909f56bfc062723c751e8b465ee728b) (PreviewImporter) -> (artifact id: '25d824c7641126a5802537cd51660f30') in 0.487585019 seconds
Number of updated asset objects reloaded before import = 0Number of asset objects unloaded after import = 2

========================================================================
Received Import Request.
  Time since last request: 0.000019 seconds.
  path: Assets/Retro Shaders Pro/Demo/Materials/Retro Terrain Lit.mat
  artifactKey: Guid(bd75838be8c9c0a47a9eb88b0039e7d0) Importer(815301076,1909f56bfc062723c751e8b465ee728b)
Start importing Assets/Retro Shaders Pro/Demo/Materials/Retro Terrain Lit.mat using Guid(bd75838be8c9c0a47a9eb88b0039e7d0) Importer(815301076,1909f56bfc062723c751e8b465ee728b) (PreviewImporter) -> (artifact id: '6ee15e629afb22f3e62f22a8299e1e9d') in 1.052310752 seconds
Number of updated asset objects reloaded before import = 0Number of asset objects unloaded after import = 3

========================================================================
Received Import Request.
  Time since last request: 0.000035 seconds.
  path: Assets/Retro Shaders Pro/Demo/Materials/Retro Brick Wall 2.mat
  artifactKey: Guid(e98b65e1f1219b24ea8bffcf693c48e9) Importer(815301076,1909f56bfc062723c751e8b465ee728b)
Start importing Assets/Retro Shaders Pro/Demo/Materials/Retro Brick Wall 2.mat using Guid(e98b65e1f1219b24ea8bffcf693c48e9) Importer(815301076,1909f56bfc062723c751e8b465ee728b) (PreviewImporter) -> (artifact id: '5fa251fac6c16d7538ba6a1473566848') in 0.536821192 seconds
Number of updated asset objects reloaded before import = 0Number of asset objects unloaded after import = 2

========================================================================
Received Prepare
Begin MonoManager ReloadAssembly
- Loaded All Assemblies, in  0.529 seconds
Refreshing native plugins compatible for Editor in 0.21 ms, found 0 plugins.
Native extension for LinuxStandalone target not found
[Package Manager] Failed to launch server process. Reason: Unity was launched with the -noUpm command-line argument
[Package Manager] Unable to send message (not connected to server process).
[Package Manager] Cannot connect to Unity Package Manager local server
ScheduleIndexationOnStartup MainProcess:False IndexOnStartup:True
Mono: successfully reloaded assembly
- Finished resetting the current domain, in  0.570 seconds
Domain Reload Profiling: 1100ms
	BeginReloadAssembly (150ms)
		ExecutionOrderSort (0ms)
		DisableScriptedObjects (20ms)
		BackupInstance (0ms)
		ReleaseScriptingObjects (0ms)
		CreateAndSetChildDomain (44ms)
	RebuildCommonClasses (28ms)
	RebuildNativeTypeToScriptingClass (7ms)
	initialDomainReloadingComplete (21ms)
	LoadAllAssembliesAndSetupDomain (324ms)
		LoadAssemblies (222ms)
		RebuildTransferFunctionScriptingTraits (0ms)
		AnalyzeDomain (145ms)
			TypeCache.Refresh (9ms)
				TypeCache.ScanAssembly (0ms)
			BuildScriptInfoCaches (127ms)
			ResolveRequiredComponents (7ms)
	FinalizeReload (570ms)
		ReleaseScriptCaches (0ms)
		RebuildScriptCaches (0ms)
		SetupLoadedEditorAssemblies (447ms)
			LogAssemblyErrors (0ms)
			InitializePlatformSupportModulesInManaged (2ms)
			SetLoadedEditorAssemblies (3ms)
			BeforeProcessingInitializeOnLoad (139ms)
			ProcessInitializeOnLoadAttributes (245ms)
			ProcessInitializeOnLoadMethodAttributes (54ms)
			AfterProcessingInitializeOnLoad (4ms)
			EditorAssembliesLoaded (0ms)
		ExecutionOrderSort2 (0ms)
		AwakeInstancesAfterBackupRestoration (10ms)
WARNING: Shader Unsupported: 'Hidden/Retro Shaders Pro/Terrain/Lit (Base Pass)' - All subshaders removed
WARNING: Shader Did you use #pragma only_renderers and omit this platform?
WARNING: Shader If subshaders removal was intentional, you may have forgotten turning Fallback off?
WARNING: Shader Unsupported: 'Hidden/Retro Shaders Pro/Terrain/Lit (Base Pass)' - All subshaders removed
WARNING: Shader Did you use #pragma only_renderers and omit this platform?
WARNING: Shader If subshaders removal was intentional, you may have forgotten turning Fallback off?
WARNING: Shader Unsupported: 'Retro Shaders Pro/Terrain/Lit' - All subshaders removed
WARNING: Shader Did you use #pragma only_renderers and omit this platform?
WARNING: Shader If subshaders removal was intentional, you may have forgotten turning Fallback off?
WARNING: Shader Unsupported: 'Retro Shaders Pro/Terrain/Lit' - All subshaders removed
WARNING: Shader Did you use #pragma only_renderers and omit this platform?
WARNING: Shader If subshaders removal was intentional, you may have forgotten turning Fallback off?
Refreshing native plugins compatible for Editor in 0.27 ms, found 0 plugins.
Preloading 0 native plugins for Editor in 0.00 ms.
Unloading 19 Unused Serialized files (Serialized files now loaded: 0)
Unloading 6236 unused Assets / (3.9 MB). Loaded Objects now: 7176.
Memory consumption went from 156.8 MB to 152.9 MB.
Total: 7.680312 ms (FindLiveObjects: 0.496398 ms CreateObjectMapping: 0.221909 ms MarkObjects: 5.525052 ms  DeleteObjects: 1.436213 ms)

Prepare: number of updated asset objects reloaded= 0
========================================================================
Received Import Request.
  Time since last request: 85.093303 seconds.
  path: Assets/Parkour FPS - First Person Character Controller/How To Use.pdf
  artifactKey: Guid(53a16f2c387893445bcc32065abf86d7) Importer(815301076,1909f56bfc062723c751e8b465ee728b)
Start importing Assets/Parkour FPS - First Person Character Controller/How To Use.pdf using Guid(53a16f2c387893445bcc32065abf86d7) Importer(815301076,1909f56bfc062723c751e8b465ee728b) (PreviewImporter) -> (artifact id: 'f43d25b4129a819d868c65bcd281f5b7') in 0.013791851 seconds
Number of updated asset objects reloaded before import = 0Number of asset objects unloaded after import = 1

========================================================================
Received Import Request.
  Time since last request: 18.922407 seconds.
  path: Assets/Parkour FPS - First Person Character Controller/Scenes/Example Scene/Example Scene.unity
  artifactKey: Guid(9cfe0805185524947a94a961e3a6506a) Importer(815301076,1909f56bfc062723c751e8b465ee728b)
Start importing Assets/Parkour FPS - First Person Character Controller/Scenes/Example Scene/Example Scene.unity using Guid(9cfe0805185524947a94a961e3a6506a) Importer(815301076,1909f56bfc062723c751e8b465ee728b) (PreviewImporter) -> (artifact id: '36c0e4a7240b68b057b9365de4f8c0a8') in 0.000317909 seconds
Number of updated asset objects reloaded before import = 0Number of asset objects unloaded after import = 0

========================================================================
Received Import Request.
  Time since last request: 46.512293 seconds.
  path: Assets/Scripts/Player/SoundPlayer.cs
  artifactKey: Guid(64207660d286a5c48afe376fa189a381) Importer(815301076,1909f56bfc062723c751e8b465ee728b)
Start importing Assets/Scripts/Player/SoundPlayer.cs using Guid(64207660d286a5c48afe376fa189a381) Importer(815301076,1909f56bfc062723c751e8b465ee728b) (PreviewImporter) -> (artifact id: '00000000000000000000000000000000') in 0.000293808 seconds
Import Error Code:(4)
Message: Build asset version error: assets/scripts/player/soundplayer.cs in SourceAssetDB has modification time of '2026-02-22T22:29:32Z' while content on disk has modification time of '2026-02-22T22:45:20Z'
  ERROR: Build asset version error: assets/scripts/player/soundplayer.cs in SourceAssetDB has modification time of '2026-02-22T22:29:32Z' while content on disk has modification time of '2026-02-22T22:45:20Z'
Number of updated asset objects reloaded before import = 0Number of asset objects unloaded after import = 0

========================================================================
Received Import Request.
  Time since last request: 0.008724 seconds.
  path: Assets/Scripts/Player/SoundPlayer.cs
  artifactKey: Guid(64207660d286a5c48afe376fa189a381) Importer(815301076,1909f56bfc062723c751e8b465ee728b)
Start importing Assets/Scripts/Player/SoundPlayer.cs using Guid(64207660d286a5c48afe376fa189a381) Importer(815301076,1909f56bfc062723c751e8b465ee728b) (PreviewImporter) -> (artifact id: '00000000000000000000000000000000') in 0.000260318 seconds
Import Error Code:(4)
Message: Build asset version error: assets/scripts/player/soundplayer.cs in SourceAssetDB has modification time of '2026-02-22T22:29:32Z' while content on disk has modification time of '2026-02-22T22:45:20Z'
  ERROR: Build asset version error: assets/scripts/player/soundplayer.cs in SourceAssetDB has modification time of '2026-02-22T22:29:32Z' while content on disk has modification time of '2026-02-22T22:45:20Z'
Number of updated asset objects reloaded before import = 0Number of asset objects unloaded after import = 0

========================================================================
Received Import Request.
  Time since last request: 0.000007 seconds.
  path: Assets/Scripts/Player/SoundPlayer.cs
  artifactKey: Guid(64207660d286a5c48afe376fa189a381) Importer(815301076,1909f56bfc062723c751e8b465ee728b)
Start importing Assets/Scripts/Player/SoundPlayer.cs using Guid(64207660d286a5c48afe376fa189a381) Importer(815301076,1909f56bfc062723c751e8b465ee728b) (PreviewImporter) -> (artifact id: '00000000000000000000000000000000') in 0.000250459 seconds
Import Error Code:(4)
Message: Build asset version error: assets/scripts/player/soundplayer.cs in SourceAssetDB has modification time of '2026-02-22T22:29:32Z' while content on disk has modification time of '2026-02-22T22:45:20Z'
  ERROR: Build asset version error: assets/scripts/player/soundplayer.cs in SourceAssetDB has modification time of '2026-02-22T22:29:32Z' while content on disk has modification time of '2026-02-22T22:45:20Z'
Number of updated asset objects reloaded before import = 0Number of asset objects unloaded after import = 0

========================================================================
Received Import Request.
  Time since last request: 0.000007 seconds.
  path: Assets/Scripts/Player/SoundPlayer.cs
  artifactKey: Guid(64207660d286a5c48afe376fa189a381) Importer(815301076,1909f56bfc062723c751e8b465ee728b)
Start importing Assets/Scripts/Player/SoundPlayer.cs using Guid(64207660d286a5c48afe376fa189a381) Importer(815301076,1909f56bfc062723c751e8b465ee728b) (PreviewImporter) -> (artifact id: '00000000000000000000000000000000') in 0.000226478 seconds
Import Error Code:(4)
Message: Build asset version error: assets/scripts/player/soundplayer.cs in SourceAssetDB has modification time of '2026-02-22T22:29:32Z' while content on disk has modification time of '2026-02-22T22:45:20Z'
  ERROR: Build asset version error: assets/scripts/player/soundplayer.cs in SourceAssetDB has modification time of '2026-02-22T22:29:32Z' while content on disk has modification time of '2026-02-22T22:45:20Z'
Number of updated asset objects reloaded before import = 0Number of asset objects unloaded after import = 0

========================================================================
Received Import Request.
  Time since last request: 0.007192 seconds.
  path: Assets/Scripts/Player/SoundPlayer.cs
  artifactKey: Guid(64207660d286a5c48afe376fa189a381) Importer(815301076,1909f56bfc062723c751e8b465ee728b)
Start importing Assets/Scripts/Player/SoundPlayer.cs using Guid(64207660d286a5c48afe376fa189a381) Importer(815301076,1909f56bfc062723c751e8b465ee728b) (PreviewImporter) -> (artifact id: '00000000000000000000000000000000') in 0.000207409 seconds
Import Error Code:(4)
Message: Build asset version error: assets/scripts/player/soundplayer.cs in SourceAssetDB has modification time of '2026-02-22T22:29:32Z' while content on disk has modification time of '2026-02-22T22:45:20Z'
  ERROR: Build asset version error: assets/scripts/player/soundplayer.cs in SourceAssetDB has modification time of '2026-02-22T22:29:32Z' while content on disk has modification time of '2026-02-22T22:45:20Z'
Number of updated asset objects reloaded before import = 0Number of asset objects unloaded after import = 0

========================================================================
Received Import Request.
  Time since last request: 0.000007 seconds.
  path: Assets/Scripts/Player/SoundPlayer.cs
  artifactKey: Guid(64207660d286a5c48afe376fa189a381) Importer(815301076,1909f56bfc062723c751e8b465ee728b)
Start importing Assets/Scripts/Player/SoundPlayer.cs using Guid(64207660d286a5c48afe376fa189a381) Importer(815301076,1909f56bfc062723c751e8b465ee728b) (PreviewImporter) -> (artifact id: '00000000000000000000000000000000') in 0.000252609 seconds
Import Error Code:(4)
Message: Build asset version error: assets/scripts/player/soundplayer.cs in SourceAssetDB has modification time of '2026-02-22T22:29:32Z' while content on disk has modification time of '2026-02-22T22:45:20Z'
  ERROR: Build asset version error: assets/scripts/player/soundplayer.cs in SourceAssetDB has modification time of '2026-02-22T22:29:32Z' while content on disk has modification time of '2026-02-22T22:45:20Z'
Number of updated asset objects reloaded before import = 0Number of asset objects unloaded after import = 0

========================================================================
Received Import Request.
  Time since last request: 0.000006 seconds.
  path: Assets/Scripts/Player/SoundPlayer.cs
  artifactKey: Guid(64207660d286a5c48afe376fa189a381) Importer(815301076,1909f56bfc062723c751e8b465ee728b)
Start importing Assets/Scripts/Player/SoundPlayer.cs using Guid(64207660d286a5c48afe376fa189a381) Importer(815301076,1909f56bfc062723c751e8b465ee728b) (PreviewImporter) -> (artifact id: '00000000000000000000000000000000') in 0.000259288 seconds
Import Error Code:(4)
Message: Build asset version error: assets/scripts/player/soundplayer.cs in SourceAssetDB has modification time of '2026-02-22T22:29:32Z' while content on disk has modification time of '2026-02-22T22:45:20Z'
  ERROR: Build asset version error: assets/scripts/player/soundplayer.cs in SourceAssetDB has modification time of '2026-02-22T22:29:32Z' while content on disk has modification time of '2026-02-22T22:45:20Z'
Number of updated asset objects reloaded before import = 0Number of asset objects unloaded after import = 0

========================================================================
Received Import Request.
  Time since last request: 0.000006 seconds.
  path: Assets/Scripts/Player/SoundPlayer.cs
  artifactKey: Guid(64207660d286a5c48afe376fa189a381) Importer(815301076,1909f56bfc062723c751e8b465ee728b)
Start importing Assets/Scripts/Player/SoundPlayer.cs using Guid(64207660d286a5c48afe376fa189a381) Importer(815301076,1909f56bfc062723c751e8b465ee728b) (PreviewImporter) -> (artifact id: '00000000000000000000000000000000') in 0.000251249 seconds
Import Error Code:(4)
Message: Build asset version error: assets/scripts/player/soundplayer.cs in SourceAssetDB has modification time of '2026-02-22T22:29:32Z' while content on disk has modification time of '2026-02-22T22:45:20Z'
  ERROR: Build asset version error: assets/scripts/player/soundplayer.cs in SourceAssetDB has modification time of '2026-02-22T22:29:32Z' while content on disk has modification time of '2026-02-22T22:45:20Z'
Number of updated asset objects reloaded before import = 0Number of asset objects unloaded after import = 0

========================================================================
Received Import Request.
  Time since last request: 0.000007 seconds.
  path: Assets/Scripts/Player/SoundPlayer.cs
  artifactKey: Guid(64207660d286a5c48afe376fa189a381) Importer(815301076,1909f56bfc062723c751e8b465ee728b)
Start importing Assets/Scripts/Player/SoundPlayer.cs using Guid(64207660d286a5c48afe376fa189a381) Importer(815301076,1909f56bfc062723c751e8b465ee728b) (PreviewImporter) -> (artifact id: '00000000000000000000000000000000') in 0.000192069 seconds
Import Error Code:(4)
Message: Build asset version error: assets/scripts/player/soundplayer.cs in SourceAssetDB has modification time of '2026-02-22T22:29:32Z' while content on disk has modification time of '2026-02-22T22:45:20Z'
  ERROR: Build asset version error: assets/scripts/player/soundplayer.cs in SourceAssetDB has modification time of '2026-02-22T22:29:32Z' while content on disk has modification time of '2026-02-22T22:45:20Z'
Number of updated asset objects reloaded before import = 0Number of asset objects unloaded after import = 0

========================================================================
Received Import Request.
  Time since last request: 0.000009 seconds.
  path: Assets/Scripts/Player/SoundPlayer.cs
  artifactKey: Guid(64207660d286a5c48afe376fa189a381) Importer(815301076,1909f56bfc062723c751e8b465ee728b)
Start importing Assets/Scripts/Player/SoundPlayer.cs using Guid(64207660d286a5c48afe376fa189a381) Importer(815301076,1909f56bfc062723c751e8b465ee728b) (PreviewImporter) -> (artifact id: '00000000000000000000000000000000') in 0.000193009 seconds
Import Error Code:(4)
Message: Build asset version error: assets/scripts/player/soundplayer.cs in SourceAssetDB has modification time of '2026-02-22T22:29:32Z' while content on disk has modification time of '2026-02-22T22:45:20Z'
  ERROR: Build asset version error: assets/scripts/player/soundplayer.cs in SourceAssetDB has modification time of '2026-02-22T22:29:32Z' while content on disk has modification time of '2026-02-22T22:45:20Z'
Number of updated asset objects reloaded before import = 0Number of asset objects unloaded after import = 0

========================================================================
Received Import Request.
  Time since last request: 0.000011 seconds.
  path: Assets/Scripts/Player/SoundPlayer.cs
  artifactKey: Guid(64207660d286a5c48afe376fa189a381) Importer(815301076,1909f56bfc062723c751e8b465ee728b)
Start importing Assets/Scripts/Player/SoundPlayer.cs using Guid(64207660d286a5c48afe376fa189a381) Importer(815301076,1909f56bfc062723c751e8b465ee728b) (PreviewImporter) -> (artifact id: '00000000000000000000000000000000') in 0.000181419 seconds
Import Error Code:(4)
Message: Build asset version error: assets/scripts/player/soundplayer.cs in SourceAssetDB has modification time of '2026-02-22T22:29:32Z' while content on disk has modification time of '2026-02-22T22:45:20Z'
  ERROR: Build asset version error: assets/scripts/player/soundplayer.cs in SourceAssetDB has modification time of '2026-02-22T22:29:32Z' while content on disk has modification time of '2026-02-22T22:45:20Z'
Number of updated asset objects reloaded before import = 0Number of asset objects unloaded after import = 0

========================================================================
Received Import Request.
  Time since last request: 0.000006 seconds.
  path: Assets/Scripts/Player/SoundPlayer.cs
  artifactKey: Guid(64207660d286a5c48afe376fa189a381) Importer(815301076,1909f56bfc062723c751e8b465ee728b)
Start importing Assets/Scripts/Player/SoundPlayer.cs using Guid(64207660d286a5c48afe376fa189a381) Importer(815301076,1909f56bfc062723c751e8b465ee728b) (PreviewImporter) -> (artifact id: '00000000000000000000000000000000') in 0.000186809 seconds
Import Error Code:(4)
Message: Build asset version error: assets/scripts/player/soundplayer.cs in SourceAssetDB has modification time of '2026-02-22T22:29:32Z' while content on disk has modification time of '2026-02-22T22:45:20Z'
  ERROR: Build asset version error: assets/scripts/player/soundplayer.cs in SourceAssetDB has modification time of '2026-02-22T22:29:32Z' while content on disk has modification time of '2026-02-22T22:45:20Z'
Number of updated asset objects reloaded before import = 0Number of asset objects unloaded after import = 0

========================================================================
Received Import Request.
  Time since last request: 0.000006 seconds.
  path: Assets/Scripts/Player/SoundPlayer.cs
  artifactKey: Guid(64207660d286a5c48afe376fa189a381) Importer(815301076,1909f56bfc062723c751e8b465ee728b)
Start importing Assets/Scripts/Player/SoundPlayer.cs using Guid(64207660d286a5c48afe376fa189a381) Importer(815301076,1909f56bfc062723c751e8b465ee728b) (PreviewImporter) -> (artifact id: '00000000000000000000000000000000') in 0.000188759 seconds
Import Error Code:(4)
Message: Build asset version error: assets/scripts/player/soundplayer.cs in SourceAssetDB has modification time of '2026-02-22T22:29:32Z' while content on disk has modification time of '2026-02-22T22:45:20Z'
  ERROR: Build asset version error: assets/scripts/player/soundplayer.cs in SourceAssetDB has modification time of '2026-02-22T22:29:32Z' while content on disk has modification time of '2026-02-22T22:45:20Z'
Number of updated asset objects reloaded before import = 0Number of asset objects unloaded after import = 0

========================================================================
Received Import Request.
  Time since last request: 0.000284 seconds.
  path: Assets/Scripts/Player/SoundPlayer.cs
  artifactKey: Guid(64207660d286a5c48afe376fa189a381) Importer(815301076,1909f56bfc062723c751e8b465ee728b)
Start importing Assets/Scripts/Player/SoundPlayer.cs using Guid(64207660d286a5c48afe376fa189a381) Importer(815301076,1909f56bfc062723c751e8b465ee728b) (PreviewImporter) -> (artifact id: '00000000000000000000000000000000') in 0.000193919 seconds
Import Error Code:(4)
Message: Build asset version error: assets/scripts/player/soundplayer.cs in SourceAssetDB has modification time of '2026-02-22T22:29:32Z' while content on disk has modification time of '2026-02-22T22:45:20Z'
  ERROR: Build asset version error: assets/scripts/player/soundplayer.cs in SourceAssetDB has modification time of '2026-02-22T22:29:32Z' while content on disk has modification time of '2026-02-22T22:45:20Z'
Number of updated asset objects reloaded before import = 0Number of asset objects unloaded after import = 0

========================================================================
Received Import Request.
  Time since last request: 0.000151 seconds.
  path: Assets/Scripts/Player/SoundPlayer.cs
  artifactKey: Guid(64207660d286a5c48afe376fa189a381) Importer(815301076,1909f56bfc062723c751e8b465ee728b)
Start importing Assets/Scripts/Player/SoundPlayer.cs using Guid(64207660d286a5c48afe376fa189a381) Importer(815301076,1909f56bfc062723c751e8b465ee728b) (PreviewImporter) -> (artifact id: '00000000000000000000000000000000') in 0.000162959 seconds
Import Error Code:(4)
Message: Build asset version error: assets/scripts/player/soundplayer.cs in SourceAssetDB has modification time of '2026-02-22T22:29:32Z' while content on disk has modification time of '2026-02-22T22:45:20Z'
  ERROR: Build asset version error: assets/scripts/player/soundplayer.cs in SourceAssetDB has modification time of '2026-02-22T22:29:32Z' while content on disk has modification time of '2026-02-22T22:45:20Z'
Number of updated asset objects reloaded before import = 0Number of asset objects unloaded after import = 0

========================================================================
Received Import Request.
  Time since last request: 0.000812 seconds.
  path: Assets/Scripts/Player/SoundPlayer.cs
  artifactKey: Guid(64207660d286a5c48afe376fa189a381) Importer(815301076,1909f56bfc062723c751e8b465ee728b)
Start importing Assets/Scripts/Player/SoundPlayer.cs using Guid(64207660d286a5c48afe376fa189a381) Importer(815301076,1909f56bfc062723c751e8b465ee728b) (PreviewImporter) -> (artifact id: '00000000000000000000000000000000') in 0.000162209 seconds
Import Error Code:(4)
Message: Build asset version error: assets/scripts/player/soundplayer.cs in SourceAssetDB has modification time of '2026-02-22T22:29:32Z' while content on disk has modification time of '2026-02-22T22:45:20Z'
  ERROR: Build asset version error: assets/scripts/player/soundplayer.cs in SourceAssetDB has modification time of '2026-02-22T22:29:32Z' while content on disk has modification time of '2026-02-22T22:45:20Z'
Number of updated asset objects reloaded before import = 0Number of asset objects unloaded after import = 0

========================================================================
Received Import Request.
  Time since last request: 0.000018 seconds.
  path: Assets/Scripts/Player/SoundPlayer.cs
  artifactKey: Guid(64207660d286a5c48afe376fa189a381) Importer(815301076,1909f56bfc062723c751e8b465ee728b)
Start importing Assets/Scripts/Player/SoundPlayer.cs using Guid(64207660d286a5c48afe376fa189a381) Importer(815301076,1909f56bfc062723c751e8b465ee728b) (PreviewImporter) -> (artifact id: '00000000000000000000000000000000') in 0.000170249 seconds
Import Error Code:(4)
Message: Build asset version error: assets/scripts/player/soundplayer.cs in SourceAssetDB has modification time of '2026-02-22T22:29:32Z' while content on disk has modification time of '2026-02-22T22:45:20Z'
  ERROR: Build asset version error: assets/scripts/player/soundplayer.cs in SourceAssetDB has modification time of '2026-02-22T22:29:32Z' while content on disk has modification time of '2026-02-22T22:45:20Z'
Number of updated asset objects reloaded before import = 0Number of asset objects unloaded after import = 0

========================================================================
Received Import Request.
  Time since last request: 0.000691 seconds.
  path: Assets/Scripts/Player/SoundPlayer.cs
  artifactKey: Guid(64207660d286a5c48afe376fa189a381) Importer(815301076,1909f56bfc062723c751e8b465ee728b)
Start importing Assets/Scripts/Player/SoundPlayer.cs using Guid(64207660d286a5c48afe376fa189a381) Importer(815301076,1909f56bfc062723c751e8b465ee728b) (PreviewImporter) -> (artifact id: '00000000000000000000000000000000') in 0.000195469 seconds
Import Error Code:(4)
Message: Build asset version error: assets/scripts/player/soundplayer.cs in SourceAssetDB has modification time of '2026-02-22T22:29:32Z' while content on disk has modification time of '2026-02-22T22:45:20Z'
  ERROR: Build asset version error: assets/scripts/player/soundplayer.cs in SourceAssetDB has modification time of '2026-02-22T22:29:32Z' while content on disk has modification time of '2026-02-22T22:45:20Z'
Number of updated asset objects reloaded before import = 0Number of asset objects unloaded after import = 0

========================================================================
Received Import Request.
  Time since last request: 0.000118 seconds.
  path: Assets/Scripts/Player/SoundPlayer.cs
  artifactKey: Guid(64207660d286a5c48afe376fa189a381) Importer(815301076,1909f56bfc062723c751e8b465ee728b)
Start importing Assets/Scripts/Player/SoundPlayer.cs using Guid(64207660d286a5c48afe376fa189a381) Importer(815301076,1909f56bfc062723c751e8b465ee728b) (PreviewImporter) -> (artifact id: '00000000000000000000000000000000') in 0.000183139 seconds
Import Error Code:(4)
Message: Build asset version error: assets/scripts/player/soundplayer.cs in SourceAssetDB has modification time of '2026-02-22T22:29:32Z' while content on disk has modification time of '2026-02-22T22:45:20Z'
  ERROR: Build asset version error: assets/scripts/player/soundplayer.cs in SourceAssetDB has modification time of '2026-02-22T22:29:32Z' while content on disk has modification time of '2026-02-22T22:45:20Z'
Number of updated asset objects reloaded before import = 0Number of asset objects unloaded after import = 0

========================================================================
Received Import Request.
  Time since last request: 0.000685 seconds.
  path: Assets/Scripts/Player/SoundPlayer.cs
  artifactKey: Guid(64207660d286a5c48afe376fa189a381) Importer(815301076,1909f56bfc062723c751e8b465ee728b)
Start importing Assets/Scripts/Player/SoundPlayer.cs using Guid(64207660d286a5c48afe376fa189a381) Importer(815301076,1909f56bfc062723c751e8b465ee728b) (PreviewImporter) -> (artifact id: '00000000000000000000000000000000') in 0.00017327 seconds
Import Error Code:(4)
Message: Build asset version error: assets/scripts/player/soundplayer.cs in SourceAssetDB has modification time of '2026-02-22T22:29:32Z' while content on disk has modification time of '2026-02-22T22:45:20Z'
  ERROR: Build asset version error: assets/scripts/player/soundplayer.cs in SourceAssetDB has modification time of '2026-02-22T22:29:32Z' while content on disk has modification time of '2026-02-22T22:45:20Z'
Number of updated asset objects reloaded before import = 0Number of asset objects unloaded after import = 0

========================================================================
Received Import Request.
  Time since last request: 0.000313 seconds.
  path: Assets/Scripts/Player/SoundPlayer.cs
  artifactKey: Guid(64207660d286a5c48afe376fa189a381) Importer(815301076,1909f56bfc062723c751e8b465ee728b)
Start importing Assets/Scripts/Player/SoundPlayer.cs using Guid(64207660d286a5c48afe376fa189a381) Importer(815301076,1909f56bfc062723c751e8b465ee728b) (PreviewImporter) -> (artifact id: '00000000000000000000000000000000') in 0.000175859 seconds
Import Error Code:(4)
Message: Build asset version error: assets/scripts/player/soundplayer.cs in SourceAssetDB has modification time of '2026-02-22T22:29:32Z' while content on disk has modification time of '2026-02-22T22:45:20Z'
  ERROR: Build asset version error: assets/scripts/player/soundplayer.cs in SourceAssetDB has modification time of '2026-02-22T22:29:32Z' while content on disk has modification time of '2026-02-22T22:45:20Z'
Number of updated asset objects reloaded before import = 0Number of asset objects unloaded after import = 0

========================================================================
Received Import Request.
  Time since last request: 0.000648 seconds.
  path: Assets/Scripts/Player/SoundPlayer.cs
  artifactKey: Guid(64207660d286a5c48afe376fa189a381) Importer(815301076,1909f56bfc062723c751e8b465ee728b)
Start importing Assets/Scripts/Player/SoundPlayer.cs using Guid(64207660d286a5c48afe376fa189a381) Importer(815301076,1909f56bfc062723c751e8b465ee728b) (PreviewImporter) -> (artifact id: '00000000000000000000000000000000') in 0.000189329 seconds
Import Error Code:(4)
Message: Build asset version error: assets/scripts/player/soundplayer.cs in SourceAssetDB has modification time of '2026-02-22T22:29:32Z' while content on disk has modification time of '2026-02-22T22:45:20Z'
  ERROR: Build asset version error: assets/scripts/player/soundplayer.cs in SourceAssetDB has modification time of '2026-02-22T22:29:32Z' while content on disk has modification time of '2026-02-22T22:45:20Z'
Number of updated asset objects reloaded before import = 0Number of asset objects unloaded after import = 0

========================================================================
Received Import Request.
  Time since last request: 0.001412 seconds.
  path: Assets/Scripts/Player/SoundPlayer.cs
  artifactKey: Guid(64207660d286a5c48afe376fa189a381) Importer(815301076,1909f56bfc062723c751e8b465ee728b)
Start importing Assets/Scripts/Player/SoundPlayer.cs using Guid(64207660d286a5c48afe376fa189a381) Importer(815301076,1909f56bfc062723c751e8b465ee728b) (PreviewImporter) -> (artifact id: '00000000000000000000000000000000') in 0.000342978 seconds
Import Error Code:(4)
Message: Build asset version error: assets/scripts/player/soundplayer.cs in SourceAssetDB has modification time of '2026-02-22T22:29:32Z' while content on disk has modification time of '2026-02-22T22:45:20Z'
  ERROR: Build asset version error: assets/scripts/player/soundplayer.cs in SourceAssetDB has modification time of '2026-02-22T22:29:32Z' while content on disk has modification time of '2026-02-22T22:45:20Z'
Number of updated asset objects reloaded before import = 0Number of asset objects unloaded after import = 0

========================================================================
Received Import Request.
  Time since last request: 0.000010 seconds.
  path: Assets/Scripts/Player/SoundPlayer.cs
  artifactKey: Guid(64207660d286a5c48afe376fa189a381) Importer(815301076,1909f56bfc062723c751e8b465ee728b)
Start importing Assets/Scripts/Player/SoundPlayer.cs using Guid(64207660d286a5c48afe376fa189a381) Importer(815301076,1909f56bfc062723c751e8b465ee728b) (PreviewImporter) -> (artifact id: '00000000000000000000000000000000') in 0.000238528 seconds
Import Error Code:(4)
Message: Build asset version error: assets/scripts/player/soundplayer.cs in SourceAssetDB has modification time of '2026-02-22T22:29:32Z' while content on disk has modification time of '2026-02-22T22:45:20Z'
  ERROR: Build asset version error: assets/scripts/player/soundplayer.cs in SourceAssetDB has modification time of '2026-02-22T22:29:32Z' while content on disk has modification time of '2026-02-22T22:45:20Z'
Number of updated asset objects reloaded before import = 0Number of asset objects unloaded after import = 0

========================================================================
Received Import Request.
  Time since last request: 0.000013 seconds.
  path: Assets/Scripts/Player/SoundPlayer.cs
  artifactKey: Guid(64207660d286a5c48afe376fa189a381) Importer(815301076,1909f56bfc062723c751e8b465ee728b)
Start importing Assets/Scripts/Player/SoundPlayer.cs using Guid(64207660d286a5c48afe376fa189a381) Importer(815301076,1909f56bfc062723c751e8b465ee728b) (PreviewImporter) -> (artifact id: '00000000000000000000000000000000') in 0.000221369 seconds
Import Error Code:(4)
Message: Build asset version error: assets/scripts/player/soundplayer.cs in SourceAssetDB has modification time of '2026-02-22T22:29:32Z' while content on disk has modification time of '2026-02-22T22:45:20Z'
  ERROR: Build asset version error: assets/scripts/player/soundplayer.cs in SourceAssetDB has modification time of '2026-02-22T22:29:32Z' while content on disk has modification time of '2026-02-22T22:45:20Z'
Number of updated asset objects reloaded before import = 0Number of asset objects unloaded after import = 0

========================================================================
Received Import Request.
  Time since last request: 0.000007 seconds.
  path: Assets/Scripts/Player/SoundPlayer.cs
  artifactKey: Guid(64207660d286a5c48afe376fa189a381) Importer(815301076,1909f56bfc062723c751e8b465ee728b)
Start importing Assets/Scripts/Player/SoundPlayer.cs using Guid(64207660d286a5c48afe376fa189a381) Importer(815301076,1909f56bfc062723c751e8b465ee728b) (PreviewImporter) -> (artifact id: '00000000000000000000000000000000') in 0.000213009 seconds
Import Error Code:(4)
Message: Build asset version error: assets/scripts/player/soundplayer.cs in SourceAssetDB has modification time of '2026-02-22T22:29:32Z' while content on disk has modification time of '2026-02-22T22:45:20Z'
  ERROR: Build asset version error: assets/scripts/player/soundplayer.cs in SourceAssetDB has modification time of '2026-02-22T22:29:32Z' while content on disk has modification time of '2026-02-22T22:45:20Z'
Number of updated asset objects reloaded before import = 0Number of asset objects unloaded after import = 0

========================================================================
Received Import Request.
  Time since last request: 0.000007 seconds.
  path: Assets/Scripts/Player/SoundPlayer.cs
  artifactKey: Guid(64207660d286a5c48afe376fa189a381) Importer(815301076,1909f56bfc062723c751e8b465ee728b)
Start importing Assets/Scripts/Player/SoundPlayer.cs using Guid(64207660d286a5c48afe376fa189a381) Importer(815301076,1909f56bfc062723c751e8b465ee728b) (PreviewImporter) -> (artifact id: '00000000000000000000000000000000') in 0.000211049 seconds
Import Error Code:(4)
Message: Build asset version error: assets/scripts/player/soundplayer.cs in SourceAssetDB has modification time of '2026-02-22T22:29:32Z' while content on disk has modification time of '2026-02-22T22:45:20Z'
  ERROR: Build asset version error: assets/scripts/player/soundplayer.cs in SourceAssetDB has modification time of '2026-02-22T22:29:32Z' while content on disk has modification time of '2026-02-22T22:45:20Z'
Number of updated asset objects reloaded before import = 0Number of asset objects unloaded after import = 0

========================================================================
Received Import Request.
  Time since last request: 0.000367 seconds.
  path: Assets/Scripts/Player/SoundPlayer.cs
  artifactKey: Guid(64207660d286a5c48afe376fa189a381) Importer(815301076,1909f56bfc062723c751e8b465ee728b)
Start importing Assets/Scripts/Player/SoundPlayer.cs using Guid(64207660d286a5c48afe376fa189a381) Importer(815301076,1909f56bfc062723c751e8b465ee728b) (PreviewImporter) -> (artifact id: '00000000000000000000000000000000') in 0.000220259 seconds
Import Error Code:(4)
Message: Build asset version error: assets/scripts/player/soundplayer.cs in SourceAssetDB has modification time of '2026-02-22T22:29:32Z' while content on disk has modification time of '2026-02-22T22:45:20Z'
  ERROR: Build asset version error: assets/scripts/player/soundplayer.cs in SourceAssetDB has modification time of '2026-02-22T22:29:32Z' while content on disk has modification time of '2026-02-22T22:45:20Z'
Number of updated asset objects reloaded before import = 0Number of asset objects unloaded after import = 0

========================================================================
Received Import Request.
  Time since last request: 0.000006 seconds.
  path: Assets/Scripts/Player/SoundPlayer.cs
  artifactKey: Guid(64207660d286a5c48afe376fa189a381) Importer(815301076,1909f56bfc062723c751e8b465ee728b)
Start importing Assets/Scripts/Player/SoundPlayer.cs using Guid(64207660d286a5c48afe376fa189a381) Importer(815301076,1909f56bfc062723c751e8b465ee728b) (PreviewImporter) -> (artifact id: '00000000000000000000000000000000') in 0.000212449 seconds
Import Error Code:(4)
Message: Build asset version error: assets/scripts/player/soundplayer.cs in SourceAssetDB has modification time of '2026-02-22T22:29:32Z' while content on disk has modification time of '2026-02-22T22:45:20Z'
  ERROR: Build asset version error: assets/scripts/player/soundplayer.cs in SourceAssetDB has modification time of '2026-02-22T22:29:32Z' while content on disk has modification time of '2026-02-22T22:45:20Z'
Number of updated asset objects reloaded before import = 0Number of asset objects unloaded after import = 0

========================================================================
Received Import Request.
  Time since last request: 0.000196 seconds.
  path: Assets/Scripts/Player/SoundPlayer.cs
  artifactKey: Guid(64207660d286a5c48afe376fa189a381) Importer(815301076,1909f56bfc062723c751e8b465ee728b)
Start importing Assets/Scripts/Player/SoundPlayer.cs using Guid(64207660d286a5c48afe376fa189a381) Importer(815301076,1909f56bfc062723c751e8b465ee728b) (PreviewImporter) -> (artifact id: '00000000000000000000000000000000') in 0.000224129 seconds
Import Error Code:(4)
Message: Build asset version error: assets/scripts/player/soundplayer.cs in SourceAssetDB has modification time of '2026-02-22T22:29:32Z' while content on disk has modification time of '2026-02-22T22:45:20Z'
  ERROR: Build asset version error: assets/scripts/player/soundplayer.cs in SourceAssetDB has modification time of '2026-02-22T22:29:32Z' while content on disk has modification time of '2026-02-22T22:45:20Z'
Number of updated asset objects reloaded before import = 0Number of asset objects unloaded after import = 0

========================================================================
Received Import Request.
  Time since last request: 0.000008 seconds.
  path: Assets/Scripts/Player/SoundPlayer.cs
  artifactKey: Guid(64207660d286a5c48afe376fa189a381) Importer(815301076,1909f56bfc062723c751e8b465ee728b)
Start importing Assets/Scripts/Player/SoundPlayer.cs using Guid(64207660d286a5c48afe376fa189a381) Importer(815301076,1909f56bfc062723c751e8b465ee728b) (PreviewImporter) -> (artifact id: '00000000000000000000000000000000') in 0.000261538 seconds
Import Error Code:(4)
Message: Build asset version error: assets/scripts/player/soundplayer.cs in SourceAssetDB has modification time of '2026-02-22T22:29:32Z' while content on disk has modification time of '2026-02-22T22:45:20Z'
  ERROR: Build asset version error: assets/scripts/player/soundplayer.cs in SourceAssetDB has modification time of '2026-02-22T22:29:32Z' while content on disk has modification time of '2026-02-22T22:45:20Z'
Number of updated asset objects reloaded before import = 0Number of asset objects unloaded after import = 0

========================================================================
Received Import Request.
  Time since last request: 0.000006 seconds.
  path: Assets/Scripts/Player/SoundPlayer.cs
  artifactKey: Guid(64207660d286a5c48afe376fa189a381) Importer(815301076,1909f56bfc062723c751e8b465ee728b)
Start importing Assets/Scripts/Player/SoundPlayer.cs using Guid(64207660d286a5c48afe376fa189a381) Importer(815301076,1909f56bfc062723c751e8b465ee728b) (PreviewImporter) -> (artifact id: '00000000000000000000000000000000') in 0.000206029 seconds
Import Error Code:(4)
Message: Build asset version error: assets/scripts/player/soundplayer.cs in SourceAssetDB has modification time of '2026-02-22T22:29:32Z' while content on disk has modification time of '2026-02-22T22:45:20Z'
  ERROR: Build asset version error: assets/scripts/player/soundplayer.cs in SourceAssetDB has modification time of '2026-02-22T22:29:32Z' while content on disk has modification time of '2026-02-22T22:45:20Z'
Number of updated asset objects reloaded before import = 0Number of asset objects unloaded after import = 0

========================================================================
Received Import Request.
  Time since last request: 0.000007 seconds.
  path: Assets/Scripts/Player/SoundPlayer.cs
  artifactKey: Guid(64207660d286a5c48afe376fa189a381) Importer(815301076,1909f56bfc062723c751e8b465ee728b)
Start importing Assets/Scripts/Player/SoundPlayer.cs using Guid(64207660d286a5c48afe376fa189a381) Importer(815301076,1909f56bfc062723c751e8b465ee728b) (PreviewImporter) -> (artifact id: '00000000000000000000000000000000') in 0.000193859 seconds
Import Error Code:(4)
Message: Build asset version error: assets/scripts/player/soundplayer.cs in SourceAssetDB has modification time of '2026-02-22T22:29:32Z' while content on disk has modification time of '2026-02-22T22:45:20Z'
  ERROR: Build asset version error: assets/scripts/player/soundplayer.cs in SourceAssetDB has modification time of '2026-02-22T22:29:32Z' while content on disk has modification time of '2026-02-22T22:45:20Z'
Number of updated asset objects reloaded before import = 0Number of asset objects unloaded after import = 0

========================================================================
Received Import Request.
  Time since last request: 0.000006 seconds.
  path: Assets/Scripts/Player/SoundPlayer.cs
  artifactKey: Guid(64207660d286a5c48afe376fa189a381) Importer(815301076,1909f56bfc062723c751e8b465ee728b)
Start importing Assets/Scripts/Player/SoundPlayer.cs using Guid(64207660d286a5c48afe376fa189a381) Importer(815301076,1909f56bfc062723c751e8b465ee728b) (PreviewImporter) -> (artifact id: '00000000000000000000000000000000') in 0.000278488 seconds
Import Error Code:(4)
Message: Build asset version error: assets/scripts/player/soundplayer.cs in SourceAssetDB has modification time of '2026-02-22T22:29:32Z' while content on disk has modification time of '2026-02-22T22:45:20Z'
  ERROR: Build asset version error: assets/scripts/player/soundplayer.cs in SourceAssetDB has modification time of '2026-02-22T22:29:32Z' while content on disk has modification time of '2026-02-22T22:45:20Z'
Number of updated asset objects reloaded before import = 0Number of asset objects unloaded after import = 0

========================================================================
Received Import Request.
  Time since last request: 0.000007 seconds.
  path: Assets/Scripts/Player/SoundPlayer.cs
  artifactKey: Guid(64207660d286a5c48afe376fa189a381) Importer(815301076,1909f56bfc062723c751e8b465ee728b)
Start importing Assets/Scripts/Player/SoundPlayer.cs using Guid(64207660d286a5c48afe376fa189a381) Importer(815301076,1909f56bfc062723c751e8b465ee728b) (PreviewImporter) -> (artifact id: '00000000000000000000000000000000') in 0.000221379 seconds
Import Error Code:(4)
Message: Build asset version error: assets/scripts/player/soundplayer.cs in SourceAssetDB has modification time of '2026-02-22T22:29:32Z' while content on disk has modification time of '2026-02-22T22:45:20Z'
  ERROR: Build asset version error: assets/scripts/player/soundplayer.cs in SourceAssetDB has modification time of '2026-02-22T22:29:32Z' while content on disk has modification time of '2026-02-22T22:45:20Z'
Number of updated asset objects reloaded before import = 0Number of asset objects unloaded after import = 0

========================================================================
Received Import Request.
  Time since last request: 0.000007 seconds.
  path: Assets/Scripts/Player/SoundPlayer.cs
  artifactKey: Guid(64207660d286a5c48afe376fa189a381) Importer(815301076,1909f56bfc062723c751e8b465ee728b)
Start importing Assets/Scripts/Player/SoundPlayer.cs using Guid(64207660d286a5c48afe376fa189a381) Importer(815301076,1909f56bfc062723c751e8b465ee728b) (PreviewImporter) -> (artifact id: '00000000000000000000000000000000') in 0.000206579 seconds
Import Error Code:(4)
Message: Build asset version error: assets/scripts/player/soundplayer.cs in SourceAssetDB has modification time of '2026-02-22T22:29:32Z' while content on disk has modification time of '2026-02-22T22:45:20Z'
  ERROR: Build asset version error: assets/scripts/player/soundplayer.cs in SourceAssetDB has modification time of '2026-02-22T22:29:32Z' while content on disk has modification time of '2026-02-22T22:45:20Z'
Number of updated asset objects reloaded before import = 0Number of asset objects unloaded after import = 0

========================================================================
Received Import Request.
  Time since last request: 0.000007 seconds.
  path: Assets/Scripts/Player/SoundPlayer.cs
  artifactKey: Guid(64207660d286a5c48afe376fa189a381) Importer(815301076,1909f56bfc062723c751e8b465ee728b)
Start importing Assets/Scripts/Player/SoundPlayer.cs using Guid(64207660d286a5c48afe376fa189a381) Importer(815301076,1909f56bfc062723c751e8b465ee728b) (PreviewImporter) -> (artifact id: '00000000000000000000000000000000') in 0.000213049 seconds
Import Error Code:(4)
Message: Build asset version error: assets/scripts/player/soundplayer.cs in SourceAssetDB has modification time of '2026-02-22T22:29:32Z' while content on disk has modification time of '2026-02-22T22:45:20Z'
  ERROR: Build asset version error: assets/scripts/player/soundplayer.cs in SourceAssetDB has modification time of '2026-02-22T22:29:32Z' while content on disk has modification time of '2026-02-22T22:45:20Z'
Number of updated asset objects reloaded before import = 0Number of asset objects unloaded after import = 0

========================================================================
Received Import Request.
  Time since last request: 0.000125 seconds.
  path: Assets/Scripts/Player/SoundPlayer.cs
  artifactKey: Guid(64207660d286a5c48afe376fa189a381) Importer(815301076,1909f56bfc062723c751e8b465ee728b)
Start importing Assets/Scripts/Player/SoundPlayer.cs using Guid(64207660d286a5c48afe376fa189a381) Importer(815301076,1909f56bfc062723c751e8b465ee728b) (PreviewImporter) -> (artifact id: '00000000000000000000000000000000') in 0.000290108 seconds
Import Error Code:(4)
Message: Build asset version error: assets/scripts/player/soundplayer.cs in SourceAssetDB has modification time of '2026-02-22T22:29:32Z' while content on disk has modification time of '2026-02-22T22:45:20Z'
  ERROR: Build asset version error: assets/scripts/player/soundplayer.cs in SourceAssetDB has modification time of '2026-02-22T22:29:32Z' while content on disk has modification time of '2026-02-22T22:45:20Z'
Number of updated asset objects reloaded before import = 0Number of asset objects unloaded after import = 0

========================================================================
Received Import Request.
  Time since last request: 0.000007 seconds.
  path: Assets/Scripts/Player/SoundPlayer.cs
  artifactKey: Guid(64207660d286a5c48afe376fa189a381) Importer(815301076,1909f56bfc062723c751e8b465ee728b)
Start importing Assets/Scripts/Player/SoundPlayer.cs using Guid(64207660d286a5c48afe376fa189a381) Importer(815301076,1909f56bfc062723c751e8b465ee728b) (PreviewImporter) -> (artifact id: '00000000000000000000000000000000') in 0.000233889 seconds
Import Error Code:(4)
Message: Build asset version error: assets/scripts/player/soundplayer.cs in SourceAssetDB has modification time of '2026-02-22T22:29:32Z' while content on disk has modification time of '2026-02-22T22:45:20Z'
  ERROR: Build asset version error: assets/scripts/player/soundplayer.cs in SourceAssetDB has modification time of '2026-02-22T22:29:32Z' while content on disk has modification time of '2026-02-22T22:45:20Z'
Number of updated asset objects reloaded before import = 0Number of asset objects unloaded after import = 0

========================================================================
Received Import Request.
  Time since last request: 0.000007 seconds.
  path: Assets/Scripts/Player/SoundPlayer.cs
  artifactKey: Guid(64207660d286a5c48afe376fa189a381) Importer(815301076,1909f56bfc062723c751e8b465ee728b)
Start importing Assets/Scripts/Player/SoundPlayer.cs using Guid(64207660d286a5c48afe376fa189a381) Importer(815301076,1909f56bfc062723c751e8b465ee728b) (PreviewImporter) -> (artifact id: '00000000000000000000000000000000') in 0.000225709 seconds
Import Error Code:(4)
Message: Build asset version error: assets/scripts/player/soundplayer.cs in SourceAssetDB has modification time of '2026-02-22T22:29:32Z' while content on disk has modification time of '2026-02-22T22:45:20Z'
  ERROR: Build asset version error: assets/scripts/player/soundplayer.cs in SourceAssetDB has modification time of '2026-02-22T22:29:32Z' while content on disk has modification time of '2026-02-22T22:45:20Z'
Number of updated asset objects reloaded before import = 0Number of asset objects unloaded after import = 0

========================================================================
Received Import Request.
  Time since last request: 0.000006 seconds.
  path: Assets/Scripts/Player/SoundPlayer.cs
  artifactKey: Guid(64207660d286a5c48afe376fa189a381) Importer(815301076,1909f56bfc062723c751e8b465ee728b)
Start importing Assets/Scripts/Player/SoundPlayer.cs using Guid(64207660d286a5c48afe376fa189a381) Importer(815301076,1909f56bfc062723c751e8b465ee728b) (PreviewImporter) -> (artifact id: '00000000000000000000000000000000') in 0.000208879 seconds
Import Error Code:(4)
Message: Build asset version error: assets/scripts/player/soundplayer.cs in SourceAssetDB has modification time of '2026-02-22T22:29:32Z' while content on disk has modification time of '2026-02-22T22:45:20Z'
  ERROR: Build asset version error: assets/scripts/player/soundplayer.cs in SourceAssetDB has modification time of '2026-02-22T22:29:32Z' while content on disk has modification time of '2026-02-22T22:45:20Z'
Number of updated asset objects reloaded before import = 0Number of asset objects unloaded after import = 0

========================================================================
Received Import Request.
  Time since last request: 0.000006 seconds.
  path: Assets/Scripts/Player/SoundPlayer.cs
  artifactKey: Guid(64207660d286a5c48afe376fa189a381) Importer(815301076,1909f56bfc062723c751e8b465ee728b)
Start importing Assets/Scripts/Player/SoundPlayer.cs using Guid(64207660d286a5c48afe376fa189a381) Importer(815301076,1909f56bfc062723c751e8b465ee728b) (PreviewImporter) -> (artifact id: '00000000000000000000000000000000') in 0.000199659 seconds
Import Error Code:(4)
Message: Build asset version error: assets/scripts/player/soundplayer.cs in SourceAssetDB has modification time of '2026-02-22T22:29:32Z' while content on disk has modification time of '2026-02-22T22:45:20Z'
  ERROR: Build asset version error: assets/scripts/player/soundplayer.cs in SourceAssetDB has modification time of '2026-02-22T22:29:32Z' while content on disk has modification time of '2026-02-22T22:45:20Z'
Number of updated asset objects reloaded before import = 0Number of asset objects unloaded after import = 0

========================================================================
Received Import Request.
  Time since last request: 0.000006 seconds.
  path: Assets/Scripts/Player/SoundPlayer.cs
  artifactKey: Guid(64207660d286a5c48afe376fa189a381) Importer(815301076,1909f56bfc062723c751e8b465ee728b)
Start importing Assets/Scripts/Player/SoundPlayer.cs using Guid(64207660d286a5c48afe376fa189a381) Importer(815301076,1909f56bfc062723c751e8b465ee728b) (PreviewImporter) -> (artifact id: '00000000000000000000000000000000') in 0.000196739 seconds
Import Error Code:(4)
Message: Build asset version error: assets/scripts/player/soundplayer.cs in SourceAssetDB has modification time of '2026-02-22T22:29:32Z' while content on disk has modification time of '2026-02-22T22:45:20Z'
  ERROR: Build asset version error: assets/scripts/player/soundplayer.cs in SourceAssetDB has modification time of '2026-02-22T22:29:32Z' while content on disk has modification time of '2026-02-22T22:45:20Z'
Number of updated asset objects reloaded before import = 0Number of asset objects unloaded after import = 0

========================================================================
Received Import Request.
  Time since last request: 0.000006 seconds.
  path: Assets/Scripts/Player/SoundPlayer.cs
  artifactKey: Guid(64207660d286a5c48afe376fa189a381) Importer(815301076,1909f56bfc062723c751e8b465ee728b)
Start importing Assets/Scripts/Player/SoundPlayer.cs using Guid(64207660d286a5c48afe376fa189a381) Importer(815301076,1909f56bfc062723c751e8b465ee728b) (PreviewImporter) -> (artifact id: '00000000000000000000000000000000') in 0.000200379 seconds
Import Error Code:(4)
Message: Build asset version error: assets/scripts/player/soundplayer.cs in SourceAssetDB has modification time of '2026-02-22T22:29:32Z' while content on disk has modification time of '2026-02-22T22:45:20Z'
  ERROR: Build asset version error: assets/scripts/player/soundplayer.cs in SourceAssetDB has modification time of '2026-02-22T22:29:32Z' while content on disk has modification time of '2026-02-22T22:45:20Z'
Number of updated asset objects reloaded before import = 0Number of asset objects unloaded after import = 0

========================================================================
Received Import Request.
  Time since last request: 0.000006 seconds.
  path: Assets/Scripts/Player/SoundPlayer.cs
  artifactKey: Guid(64207660d286a5c48afe376fa189a381) Importer(815301076,1909f56bfc062723c751e8b465ee728b)
Start importing Assets/Scripts/Player/SoundPlayer.cs using Guid(64207660d286a5c48afe376fa189a381) Importer(815301076,1909f56bfc062723c751e8b465ee728b) (PreviewImporter) -> (artifact id: '00000000000000000000000000000000') in 0.000184219 seconds
Import Error Code:(4)
Message: Build asset version error: assets/scripts/player/soundplayer.cs in SourceAssetDB has modification time of '2026-02-22T22:29:32Z' while content on disk has modification time of '2026-02-22T22:45:20Z'
  ERROR: Build asset version error: assets/scripts/player/soundplayer.cs in SourceAssetDB has modification time of '2026-02-22T22:29:32Z' while content on disk has modification time of '2026-02-22T22:45:20Z'
Number of updated asset objects reloaded before import = 0Number of asset objects unloaded after import = 0

========================================================================
Received Import Request.
  Time since last request: 0.000019 seconds.
  path: Assets/Scripts/Player/SoundPlayer.cs
  artifactKey: Guid(64207660d286a5c48afe376fa189a381) Importer(815301076,1909f56bfc062723c751e8b465ee728b)
Start importing Assets/Scripts/Player/SoundPlayer.cs using Guid(64207660d286a5c48afe376fa189a381) Importer(815301076,1909f56bfc062723c751e8b465ee728b) (PreviewImporter) -> (artifact id: '00000000000000000000000000000000') in 0.000179899 seconds
Import Error Code:(4)
Message: Build asset version error: assets/scripts/player/soundplayer.cs in SourceAssetDB has modification time of '2026-02-22T22:29:32Z' while content on disk has modification time of '2026-02-22T22:45:20Z'
  ERROR: Build asset version error: assets/scripts/player/soundplayer.cs in SourceAssetDB has modification time of '2026-02-22T22:29:32Z' while content on disk has modification time of '2026-02-22T22:45:20Z'
Number of updated asset objects reloaded before import = 0Number of asset objects unloaded after import = 0

========================================================================
Received Import Request.
  Time since last request: 0.000789 seconds.
  path: Assets/Scripts/Player/SoundPlayer.cs
  artifactKey: Guid(64207660d286a5c48afe376fa189a381) Importer(815301076,1909f56bfc062723c751e8b465ee728b)
Start importing Assets/Scripts/Player/SoundPlayer.cs using Guid(64207660d286a5c48afe376fa189a381) Importer(815301076,1909f56bfc062723c751e8b465ee728b) (PreviewImporter) -> (artifact id: '00000000000000000000000000000000') in 0.000188449 seconds
Import Error Code:(4)
Message: Build asset version error: assets/scripts/player/soundplayer.cs in SourceAssetDB has modification time of '2026-02-22T22:29:32Z' while content on disk has modification time of '2026-02-22T22:45:20Z'
  ERROR: Build asset version error: assets/scripts/player/soundplayer.cs in SourceAssetDB has modification time of '2026-02-22T22:29:32Z' while content on disk has modification time of '2026-02-22T22:45:20Z'
Number of updated asset objects reloaded before import = 0Number of asset objects unloaded after import = 0

========================================================================
Received Import Request.
  Time since last request: 0.000006 seconds.
  path: Assets/Scripts/Player/SoundPlayer.cs
  artifactKey: Guid(64207660d286a5c48afe376fa189a381) Importer(815301076,1909f56bfc062723c751e8b465ee728b)
Start importing Assets/Scripts/Player/SoundPlayer.cs using Guid(64207660d286a5c48afe376fa189a381) Importer(815301076,1909f56bfc062723c751e8b465ee728b) (PreviewImporter) -> (artifact id: '00000000000000000000000000000000') in 0.000185679 seconds
Import Error Code:(4)
Message: Build asset version error: assets/scripts/player/soundplayer.cs in SourceAssetDB has modification time of '2026-02-22T22:29:32Z' while content on disk has modification time of '2026-02-22T22:45:20Z'
  ERROR: Build asset version error: assets/scripts/player/soundplayer.cs in SourceAssetDB has modification time of '2026-02-22T22:29:32Z' while content on disk has modification time of '2026-02-22T22:45:20Z'
Number of updated asset objects reloaded before import = 0Number of asset objects unloaded after import = 0

========================================================================
Received Import Request.
  Time since last request: 0.000499 seconds.
  path: Assets/Scripts/Player/SoundPlayer.cs
  artifactKey: Guid(64207660d286a5c48afe376fa189a381) Importer(815301076,1909f56bfc062723c751e8b465ee728b)
Start importing Assets/Scripts/Player/SoundPlayer.cs using Guid(64207660d286a5c48afe376fa189a381) Importer(815301076,1909f56bfc062723c751e8b465ee728b) (PreviewImporter) -> (artifact id: '00000000000000000000000000000000') in 0.000180179 seconds
Import Error Code:(4)
Message: Build asset version error: assets/scripts/player/soundplayer.cs in SourceAssetDB has modification time of '2026-02-22T22:29:32Z' while content on disk has modification time of '2026-02-22T22:45:20Z'
  ERROR: Build asset version error: assets/scripts/player/soundplayer.cs in SourceAssetDB has modification time of '2026-02-22T22:29:32Z' while content on disk has modification time of '2026-02-22T22:45:20Z'
Number of updated asset objects reloaded before import = 0Number of asset objects unloaded after import = 0

========================================================================
Received Import Request.
  Time since last request: 0.000515 seconds.
  path: Assets/Scripts/Player/SoundPlayer.cs
  artifactKey: Guid(64207660d286a5c48afe376fa189a381) Importer(815301076,1909f56bfc062723c751e8b465ee728b)
Start importing Assets/Scripts/Player/SoundPlayer.cs using Guid(64207660d286a5c48afe376fa189a381) Importer(815301076,1909f56bfc062723c751e8b465ee728b) (PreviewImporter) -> (artifact id: '00000000000000000000000000000000') in 0.000183759 seconds
Import Error Code:(4)
Message: Build asset version error: assets/scripts/player/soundplayer.cs in SourceAssetDB has modification time of '2026-02-22T22:29:32Z' while content on disk has modification time of '2026-02-22T22:45:20Z'
  ERROR: Build asset version error: assets/scripts/player/soundplayer.cs in SourceAssetDB has modification time of '2026-02-22T22:29:32Z' while content on disk has modification time of '2026-02-22T22:45:20Z'
Number of updated asset objects reloaded before import = 0Number of asset objects unloaded after import = 0

========================================================================
Received Import Request.
  Time since last request: 0.000675 seconds.
  path: Assets/Scripts/Player/SoundPlayer.cs
  artifactKey: Guid(64207660d286a5c48afe376fa189a381) Importer(815301076,1909f56bfc062723c751e8b465ee728b)
Start importing Assets/Scripts/Player/SoundPlayer.cs using Guid(64207660d286a5c48afe376fa189a381) Importer(815301076,1909f56bfc062723c751e8b465ee728b) (PreviewImporter) -> (artifact id: '00000000000000000000000000000000') in 0.000182479 seconds
Import Error Code:(4)
Message: Build asset version error: assets/scripts/player/soundplayer.cs in SourceAssetDB has modification time of '2026-02-22T22:29:32Z' while content on disk has modification time of '2026-02-22T22:45:20Z'
  ERROR: Build asset version error: assets/scripts/player/soundplayer.cs in SourceAssetDB has modification time of '2026-02-22T22:29:32Z' while content on disk has modification time of '2026-02-22T22:45:20Z'
Number of updated asset objects reloaded before import = 0Number of asset objects unloaded after import = 0

========================================================================
Received Import Request.
  Time since last request: 0.000519 seconds.
  path: Assets/Scripts/Player/SoundPlayer.cs
  artifactKey: Guid(64207660d286a5c48afe376fa189a381) Importer(815301076,1909f56bfc062723c751e8b465ee728b)
Start importing Assets/Scripts/Player/SoundPlayer.cs using Guid(64207660d286a5c48afe376fa189a381) Importer(815301076,1909f56bfc062723c751e8b465ee728b) (PreviewImporter) -> (artifact id: '00000000000000000000000000000000') in 0.000191399 seconds
Import Error Code:(4)
Message: Build asset version error: assets/scripts/player/soundplayer.cs in SourceAssetDB has modification time of '2026-02-22T22:29:32Z' while content on disk has modification time of '2026-02-22T22:45:20Z'
  ERROR: Build asset version error: assets/scripts/player/soundplayer.cs in SourceAssetDB has modification time of '2026-02-22T22:29:32Z' while content on disk has modification time of '2026-02-22T22:45:20Z'
Number of updated asset objects reloaded before import = 0Number of asset objects unloaded after import = 0

========================================================================
Received Import Request.
  Time since last request: 0.000603 seconds.
  path: Assets/Scripts/Player/SoundPlayer.cs
  artifactKey: Guid(64207660d286a5c48afe376fa189a381) Importer(815301076,1909f56bfc062723c751e8b465ee728b)
Start importing Assets/Scripts/Player/SoundPlayer.cs using Guid(64207660d286a5c48afe376fa189a381) Importer(815301076,1909f56bfc062723c751e8b465ee728b) (PreviewImporter) -> (artifact id: '00000000000000000000000000000000') in 0.00018788 seconds
Import Error Code:(4)
Message: Build asset version error: assets/scripts/player/soundplayer.cs in SourceAssetDB has modification time of '2026-02-22T22:29:32Z' while content on disk has modification time of '2026-02-22T22:45:20Z'
  ERROR: Build asset version error: assets/scripts/player/soundplayer.cs in SourceAssetDB has modification time of '2026-02-22T22:29:32Z' while content on disk has modification time of '2026-02-22T22:45:20Z'
Number of updated asset objects reloaded before import = 0Number of asset objects unloaded after import = 0

========================================================================
Received Import Request.
  Time since last request: 0.000609 seconds.
  path: Assets/Scripts/Player/SoundPlayer.cs
  artifactKey: Guid(64207660d286a5c48afe376fa189a381) Importer(815301076,1909f56bfc062723c751e8b465ee728b)
Start importing Assets/Scripts/Player/SoundPlayer.cs using Guid(64207660d286a5c48afe376fa189a381) Importer(815301076,1909f56bfc062723c751e8b465ee728b) (PreviewImporter) -> (artifact id: '00000000000000000000000000000000') in 0.000187829 seconds
Import Error Code:(4)
Message: Build asset version error: assets/scripts/player/soundplayer.cs in SourceAssetDB has modification time of '2026-02-22T22:29:32Z' while content on disk has modification time of '2026-02-22T22:45:20Z'
  ERROR: Build asset version error: assets/scripts/player/soundplayer.cs in SourceAssetDB has modification time of '2026-02-22T22:29:32Z' while content on disk has modification time of '2026-02-22T22:45:20Z'
Number of updated asset objects reloaded before import = 0Number of asset objects unloaded after import = 0

========================================================================
Received Import Request.
  Time since last request: 0.000719 seconds.
  path: Assets/Scripts/Player/SoundPlayer.cs
  artifactKey: Guid(64207660d286a5c48afe376fa189a381) Importer(815301076,1909f56bfc062723c751e8b465ee728b)
Start importing Assets/Scripts/Player/SoundPlayer.cs using Guid(64207660d286a5c48afe376fa189a381) Importer(815301076,1909f56bfc062723c751e8b465ee728b) (PreviewImporter) -> (artifact id: '00000000000000000000000000000000') in 0.00018997 seconds
Import Error Code:(4)
Message: Build asset version error: assets/scripts/player/soundplayer.cs in SourceAssetDB has modification time of '2026-02-22T22:29:32Z' while content on disk has modification time of '2026-02-22T22:45:20Z'
  ERROR: Build asset version error: assets/scripts/player/soundplayer.cs in SourceAssetDB has modification time of '2026-02-22T22:29:32Z' while content on disk has modification time of '2026-02-22T22:45:20Z'
Number of updated asset objects reloaded before import = 0Number of asset objects unloaded after import = 0

========================================================================
Received Import Request.
  Time since last request: 0.000478 seconds.
  path: Assets/Scripts/Player/SoundPlayer.cs
  artifactKey: Guid(64207660d286a5c48afe376fa189a381) Importer(815301076,1909f56bfc062723c751e8b465ee728b)
Start importing Assets/Scripts/Player/SoundPlayer.cs using Guid(64207660d286a5c48afe376fa189a381) Importer(815301076,1909f56bfc062723c751e8b465ee728b) (PreviewImporter) -> (artifact id: '00000000000000000000000000000000') in 0.000183749 seconds
Import Error Code:(4)
Message: Build asset version error: assets/scripts/player/soundplayer.cs in SourceAssetDB has modification time of '2026-02-22T22:29:32Z' while content on disk has modification time of '2026-02-22T22:45:20Z'
  ERROR: Build asset version error: assets/scripts/player/soundplayer.cs in SourceAssetDB has modification time of '2026-02-22T22:29:32Z' while content on disk has modification time of '2026-02-22T22:45:20Z'
Number of updated asset objects reloaded before import = 0Number of asset objects unloaded after import = 0

========================================================================
Received Import Request.
  Time since last request: 0.000346 seconds.
  path: Assets/Scripts/Player/SoundPlayer.cs
  artifactKey: Guid(64207660d286a5c48afe376fa189a381) Importer(815301076,1909f56bfc062723c751e8b465ee728b)
Start importing Assets/Scripts/Player/SoundPlayer.cs using Guid(64207660d286a5c48afe376fa189a381) Importer(815301076,1909f56bfc062723c751e8b465ee728b) (PreviewImporter) -> (artifact id: '00000000000000000000000000000000') in 0.000178679 seconds
Import Error Code:(4)
Message: Build asset version error: assets/scripts/player/soundplayer.cs in SourceAssetDB has modification time of '2026-02-22T22:29:32Z' while content on disk has modification time of '2026-02-22T22:45:20Z'
  ERROR: Build asset version error: assets/scripts/player/soundplayer.cs in SourceAssetDB has modification time of '2026-02-22T22:29:32Z' while content on disk has modification time of '2026-02-22T22:45:20Z'
Number of updated asset objects reloaded before import = 0Number of asset objects unloaded after import = 0

========================================================================
Received Import Request.
  Time since last request: 0.000688 seconds.
  path: Assets/Scripts/Player/SoundPlayer.cs
  artifactKey: Guid(64207660d286a5c48afe376fa189a381) Importer(815301076,1909f56bfc062723c751e8b465ee728b)
Start importing Assets/Scripts/Player/SoundPlayer.cs using Guid(64207660d286a5c48afe376fa189a381) Importer(815301076,1909f56bfc062723c751e8b465ee728b) (PreviewImporter) -> (artifact id: '00000000000000000000000000000000') in 0.000173739 seconds
Import Error Code:(4)
Message: Build asset version error: assets/scripts/player/soundplayer.cs in SourceAssetDB has modification time of '2026-02-22T22:29:32Z' while content on disk has modification time of '2026-02-22T22:45:20Z'
  ERROR: Build asset version error: assets/scripts/player/soundplayer.cs in SourceAssetDB has modification time of '2026-02-22T22:29:32Z' while content on disk has modification time of '2026-02-22T22:45:20Z'
Number of updated asset objects reloaded before import = 0Number of asset objects unloaded after import = 0

========================================================================
Received Import Request.
  Time since last request: 0.001243 seconds.
  path: Assets/Scripts/Player/SoundPlayer.cs
  artifactKey: Guid(64207660d286a5c48afe376fa189a381) Importer(815301076,1909f56bfc062723c751e8b465ee728b)
Start importing Assets/Scripts/Player/SoundPlayer.cs using Guid(64207660d286a5c48afe376fa189a381) Importer(815301076,1909f56bfc062723c751e8b465ee728b) (PreviewImporter) -> (artifact id: '00000000000000000000000000000000') in 0.000177979 seconds
Import Error Code:(4)
Message: Build asset version error: assets/scripts/player/soundplayer.cs in SourceAssetDB has modification time of '2026-02-22T22:29:32Z' while content on disk has modification time of '2026-02-22T22:45:20Z'
  ERROR: Build asset version error: assets/scripts/player/soundplayer.cs in SourceAssetDB has modification time of '2026-02-22T22:29:32Z' while content on disk has modification time of '2026-02-22T22:45:20Z'
Number of updated asset objects reloaded before import = 0Number of asset objects unloaded after import = 0

========================================================================
Received Import Request.
  Time since last request: 0.000005 seconds.
  path: Assets/Scripts/Player/SoundPlayer.cs
  artifactKey: Guid(64207660d286a5c48afe376fa189a381) Importer(815301076,1909f56bfc062723c751e8b465ee728b)
Start importing Assets/Scripts/Player/SoundPlayer.cs using Guid(64207660d286a5c48afe376fa189a381) Importer(815301076,1909f56bfc062723c751e8b465ee728b) (PreviewImporter) -> (artifact id: '00000000000000000000000000000000') in 0.00016773 seconds
Import Error Code:(4)
Message: Build asset version error: assets/scripts/player/soundplayer.cs in SourceAssetDB has modification time of '2026-02-22T22:29:32Z' while content on disk has modification time of '2026-02-22T22:45:20Z'
  ERROR: Build asset version error: assets/scripts/player/soundplayer.cs in SourceAssetDB has modification time of '2026-02-22T22:29:32Z' while content on disk has modification time of '2026-02-22T22:45:20Z'
Number of updated asset objects reloaded before import = 0Number of asset objects unloaded after import = 0

========================================================================
Received Import Request.
  Time since last request: 0.000681 seconds.
  path: Assets/Scripts/Player/SoundPlayer.cs
  artifactKey: Guid(64207660d286a5c48afe376fa189a381) Importer(815301076,1909f56bfc062723c751e8b465ee728b)
Start importing Assets/Scripts/Player/SoundPlayer.cs using Guid(64207660d286a5c48afe376fa189a381) Importer(815301076,1909f56bfc062723c751e8b465ee728b) (PreviewImporter) -> (artifact id: '00000000000000000000000000000000') in 0.000164299 seconds
Import Error Code:(4)
Message: Build asset version error: assets/scripts/player/soundplayer.cs in SourceAssetDB has modification time of '2026-02-22T22:29:32Z' while content on disk has modification time of '2026-02-22T22:45:20Z'
  ERROR: Build asset version error: assets/scripts/player/soundplayer.cs in SourceAssetDB has modification time of '2026-02-22T22:29:32Z' while content on disk has modification time of '2026-02-22T22:45:20Z'
Number of updated asset objects reloaded before import = 0Number of asset objects unloaded after import = 0

========================================================================
Received Import Request.
  Time since last request: 0.000289 seconds.
  path: Assets/Scripts/Player/SoundPlayer.cs
  artifactKey: Guid(64207660d286a5c48afe376fa189a381) Importer(815301076,1909f56bfc062723c751e8b465ee728b)
Start importing Assets/Scripts/Player/SoundPlayer.cs using Guid(64207660d286a5c48afe376fa189a381) Importer(815301076,1909f56bfc062723c751e8b465ee728b) (PreviewImporter) -> (artifact id: '00000000000000000000000000000000') in 0.00017604 seconds
Import Error Code:(4)
Message: Build asset version error: assets/scripts/player/soundplayer.cs in SourceAssetDB has modification time of '2026-02-22T22:29:32Z' while content on disk has modification time of '2026-02-22T22:45:20Z'
  ERROR: Build asset version error: assets/scripts/player/soundplayer.cs in SourceAssetDB has modification time of '2026-02-22T22:29:32Z' while content on disk has modification time of '2026-02-22T22:45:20Z'
Number of updated asset objects reloaded before import = 0Number of asset objects unloaded after import = 0

========================================================================
Received Import Request.
  Time since last request: 0.000890 seconds.
  path: Assets/Scripts/Player/SoundPlayer.cs
  artifactKey: Guid(64207660d286a5c48afe376fa189a381) Importer(815301076,1909f56bfc062723c751e8b465ee728b)
Start importing Assets/Scripts/Player/SoundPlayer.cs using Guid(64207660d286a5c48afe376fa189a381) Importer(815301076,1909f56bfc062723c751e8b465ee728b) (PreviewImporter) -> (artifact id: '00000000000000000000000000000000') in 0.000184789 seconds
Import Error Code:(4)
Message: Build asset version error: assets/scripts/player/soundplayer.cs in SourceAssetDB has modification time of '2026-02-22T22:29:32Z' while content on disk has modification time of '2026-02-22T22:45:20Z'
  ERROR: Build asset version error: assets/scripts/player/soundplayer.cs in SourceAssetDB has modification time of '2026-02-22T22:29:32Z' while content on disk has modification time of '2026-02-22T22:45:20Z'
Number of updated asset objects reloaded before import = 0Number of asset objects unloaded after import = 0

========================================================================
Received Import Request.
  Time since last request: 0.000057 seconds.
  path: Assets/Scripts/Player/SoundPlayer.cs
  artifactKey: Guid(64207660d286a5c48afe376fa189a381) Importer(815301076,1909f56bfc062723c751e8b465ee728b)
Start importing Assets/Scripts/Player/SoundPlayer.cs using Guid(64207660d286a5c48afe376fa189a381) Importer(815301076,1909f56bfc062723c751e8b465ee728b) (PreviewImporter) -> (artifact id: '00000000000000000000000000000000') in 0.000170939 seconds
Import Error Code:(4)
Message: Build asset version error: assets/scripts/player/soundplayer.cs in SourceAssetDB has modification time of '2026-02-22T22:29:32Z' while content on disk has modification time of '2026-02-22T22:45:20Z'
  ERROR: Build asset version error: assets/scripts/player/soundplayer.cs in SourceAssetDB has modification time of '2026-02-22T22:29:32Z' while content on disk has modification time of '2026-02-22T22:45:20Z'
Number of updated asset objects reloaded before import = 0Number of asset objects unloaded after import = 0

========================================================================
Received Import Request.
  Time since last request: 0.000005 seconds.
  path: Assets/Scripts/Player/SoundPlayer.cs
  artifactKey: Guid(64207660d286a5c48afe376fa189a381) Importer(815301076,1909f56bfc062723c751e8b465ee728b)
Start importing Assets/Scripts/Player/SoundPlayer.cs using Guid(64207660d286a5c48afe376fa189a381) Importer(815301076,1909f56bfc062723c751e8b465ee728b) (PreviewImporter) -> (artifact id: '00000000000000000000000000000000') in 0.00016624 seconds
Import Error Code:(4)
Message: Build asset version error: assets/scripts/player/soundplayer.cs in SourceAssetDB has modification time of '2026-02-22T22:29:32Z' while content on disk has modification time of '2026-02-22T22:45:20Z'
  ERROR: Build asset version error: assets/scripts/player/soundplayer.cs in SourceAssetDB has modification time of '2026-02-22T22:29:32Z' while content on disk has modification time of '2026-02-22T22:45:20Z'
Number of updated asset objects reloaded before import = 0Number of asset objects unloaded after import = 0

========================================================================
Received Import Request.
  Time since last request: 0.000775 seconds.
  path: Assets/Scripts/Player/SoundPlayer.cs
  artifactKey: Guid(64207660d286a5c48afe376fa189a381) Importer(815301076,1909f56bfc062723c751e8b465ee728b)
Start importing Assets/Scripts/Player/SoundPlayer.cs using Guid(64207660d286a5c48afe376fa189a381) Importer(815301076,1909f56bfc062723c751e8b465ee728b) (PreviewImporter) -> (artifact id: '00000000000000000000000000000000') in 0.000165769 seconds
Import Error Code:(4)
Message: Build asset version error: assets/scripts/player/soundplayer.cs in SourceAssetDB has modification time of '2026-02-22T22:29:32Z' while content on disk has modification time of '2026-02-22T22:45:20Z'
  ERROR: Build asset version error: assets/scripts/player/soundplayer.cs in SourceAssetDB has modification time of '2026-02-22T22:29:32Z' while content on disk has modification time of '2026-02-22T22:45:20Z'
Number of updated asset objects reloaded before import = 0Number of asset objects unloaded after import = 0

========================================================================
Received Import Request.
  Time since last request: 0.001068 seconds.
  path: Assets/Scripts/Player/SoundPlayer.cs
  artifactKey: Guid(64207660d286a5c48afe376fa189a381) Importer(815301076,1909f56bfc062723c751e8b465ee728b)
Start importing Assets/Scripts/Player/SoundPlayer.cs using Guid(64207660d286a5c48afe376fa189a381) Importer(815301076,1909f56bfc062723c751e8b465ee728b) (PreviewImporter) -> (artifact id: '00000000000000000000000000000000') in 0.000169019 seconds
Import Error Code:(4)
Message: Build asset version error: assets/scripts/player/soundplayer.cs in SourceAssetDB has modification time of '2026-02-22T22:29:32Z' while content on disk has modification time of '2026-02-22T22:45:20Z'
  ERROR: Build asset version error: assets/scripts/player/soundplayer.cs in SourceAssetDB has modification time of '2026-02-22T22:29:32Z' while content on disk has modification time of '2026-02-22T22:45:20Z'
Number of updated asset objects reloaded before import = 0Number of asset objects unloaded after import = 0

========================================================================
Received Import Request.
  Time since last request: 0.000235 seconds.
  path: Assets/Scripts/Player/SoundPlayer.cs
  artifactKey: Guid(64207660d286a5c48afe376fa189a381) Importer(815301076,1909f56bfc062723c751e8b465ee728b)
Start importing Assets/Scripts/Player/SoundPlayer.cs using Guid(64207660d286a5c48afe376fa189a381) Importer(815301076,1909f56bfc062723c751e8b465ee728b) (PreviewImporter) -> (artifact id: '00000000000000000000000000000000') in 0.000169589 seconds
Import Error Code:(4)
Message: Build asset version error: assets/scripts/player/soundplayer.cs in SourceAssetDB has modification time of '2026-02-22T22:29:32Z' while content on disk has modification time of '2026-02-22T22:45:20Z'
  ERROR: Build asset version error: assets/scripts/player/soundplayer.cs in SourceAssetDB has modification time of '2026-02-22T22:29:32Z' while content on disk has modification time of '2026-02-22T22:45:20Z'
Number of updated asset objects reloaded before import = 0Number of asset objects unloaded after import = 0

========================================================================
Received Import Request.
  Time since last request: 0.000905 seconds.
  path: Assets/Scripts/Player/PlayerControllerScript.cs
  artifactKey: Guid(3ccf5fc4c113d134c82830320b9fe9b8) Importer(815301076,1909f56bfc062723c751e8b465ee728b)
Start importing Assets/Scripts/Player/PlayerControllerScript.cs using Guid(3ccf5fc4c113d134c82830320b9fe9b8) Importer(815301076,1909f56bfc062723c751e8b465ee728b) (PreviewImporter) -> (artifact id: '00000000000000000000000000000000') in 0.000197559 seconds
Import Error Code:(4)
Message: Build asset version error: assets/scripts/player/playercontrollerscript.cs in SourceAssetDB has modification time of '2026-02-22T22:29:32Z' while content on disk has modification time of '2026-02-22T22:45:26Z'
  ERROR: Build asset version error: assets/scripts/player/playercontrollerscript.cs in SourceAssetDB has modification time of '2026-02-22T22:29:32Z' while content on disk has modification time of '2026-02-22T22:45:26Z'
Number of updated asset objects reloaded before import = 0Number of asset objects unloaded after import = 0

========================================================================
Received Import Request.
  Time since last request: 0.002001 seconds.
  path: Assets/Scripts/Player/PlayerControllerScript.cs
  artifactKey: Guid(3ccf5fc4c113d134c82830320b9fe9b8) Importer(815301076,1909f56bfc062723c751e8b465ee728b)
Start importing Assets/Scripts/Player/PlayerControllerScript.cs using Guid(3ccf5fc4c113d134c82830320b9fe9b8) Importer(815301076,1909f56bfc062723c751e8b465ee728b) (PreviewImporter) -> (artifact id: '00000000000000000000000000000000') in 0.000198229 seconds
Import Error Code:(4)
Message: Build asset version error: assets/scripts/player/playercontrollerscript.cs in SourceAssetDB has modification time of '2026-02-22T22:29:32Z' while content on disk has modification time of '2026-02-22T22:45:26Z'
  ERROR: Build asset version error: assets/scripts/player/playercontrollerscript.cs in SourceAssetDB has modification time of '2026-02-22T22:29:32Z' while content on disk has modification time of '2026-02-22T22:45:26Z'
Number of updated asset objects reloaded before import = 0Number of asset objects unloaded after import = 0

========================================================================
Received Import Request.
  Time since last request: 0.000005 seconds.
  path: Assets/Scripts/Player/PlayerControllerScript.cs
  artifactKey: Guid(3ccf5fc4c113d134c82830320b9fe9b8) Importer(815301076,1909f56bfc062723c751e8b465ee728b)
Start importing Assets/Scripts/Player/PlayerControllerScript.cs using Guid(3ccf5fc4c113d134c82830320b9fe9b8) Importer(815301076,1909f56bfc062723c751e8b465ee728b) (PreviewImporter) -> (artifact id: '00000000000000000000000000000000') in 0.000200559 seconds
Import Error Code:(4)
Message: Build asset version error: assets/scripts/player/playercontrollerscript.cs in SourceAssetDB has modification time of '2026-02-22T22:29:32Z' while content on disk has modification time of '2026-02-22T22:45:26Z'
  ERROR: Build asset version error: assets/scripts/player/playercontrollerscript.cs in SourceAssetDB has modification time of '2026-02-22T22:29:32Z' while content on disk has modification time of '2026-02-22T22:45:26Z'
Number of updated asset objects reloaded before import = 0Number of asset objects unloaded after import = 0

========================================================================
Received Import Request.
  Time since last request: 0.000005 seconds.
  path: Assets/Scripts/Player/PlayerControllerScript.cs
  artifactKey: Guid(3ccf5fc4c113d134c82830320b9fe9b8) Importer(815301076,1909f56bfc062723c751e8b465ee728b)
Start importing Assets/Scripts/Player/PlayerControllerScript.cs using Guid(3ccf5fc4c113d134c82830320b9fe9b8) Importer(815301076,1909f56bfc062723c751e8b465ee728b) (PreviewImporter) -> (artifact id: '00000000000000000000000000000000') in 0.000175399 seconds
Import Error Code:(4)
Message: Build asset version error: assets/scripts/player/playercontrollerscript.cs in SourceAssetDB has modification time of '2026-02-22T22:29:32Z' while content on disk has modification time of '2026-02-22T22:45:26Z'
  ERROR: Build asset version error: assets/scripts/player/playercontrollerscript.cs in SourceAssetDB has modification time of '2026-02-22T22:29:32Z' while content on disk has modification time of '2026-02-22T22:45:26Z'
Number of updated asset objects reloaded before import = 0Number of asset objects unloaded after import = 0

========================================================================
Received Import Request.
  Time since last request: 0.000005 seconds.
  path: Assets/Scripts/Player/PlayerControllerScript.cs
  artifactKey: Guid(3ccf5fc4c113d134c82830320b9fe9b8) Importer(815301076,1909f56bfc062723c751e8b465ee728b)
Start importing Assets/Scripts/Player/PlayerControllerScript.cs using Guid(3ccf5fc4c113d134c82830320b9fe9b8) Importer(815301076,1909f56bfc062723c751e8b465ee728b) (PreviewImporter) -> (artifact id: '00000000000000000000000000000000') in 0.000171369 seconds
Import Error Code:(4)
Message: Build asset version error: assets/scripts/player/playercontrollerscript.cs in SourceAssetDB has modification time of '2026-02-22T22:29:32Z' while content on disk has modification time of '2026-02-22T22:45:26Z'
  ERROR: Build asset version error: assets/scripts/player/playercontrollerscript.cs in SourceAssetDB has modification time of '2026-02-22T22:29:32Z' while content on disk has modification time of '2026-02-22T22:45:26Z'
Number of updated asset objects reloaded before import = 0Number of asset objects unloaded after import = 0

========================================================================
Received Import Request.
  Time since last request: 0.000005 seconds.
  path: Assets/Scripts/Player/PlayerControllerScript.cs
  artifactKey: Guid(3ccf5fc4c113d134c82830320b9fe9b8) Importer(815301076,1909f56bfc062723c751e8b465ee728b)
Start importing Assets/Scripts/Player/PlayerControllerScript.cs using Guid(3ccf5fc4c113d134c82830320b9fe9b8) Importer(815301076,1909f56bfc062723c751e8b465ee728b) (PreviewImporter) -> (artifact id: '00000000000000000000000000000000') in 0.000172179 seconds
Import Error Code:(4)
Message: Build asset version error: assets/scripts/player/playercontrollerscript.cs in SourceAssetDB has modification time of '2026-02-22T22:29:32Z' while content on disk has modification time of '2026-02-22T22:45:26Z'
  ERROR: Build asset version error: assets/scripts/player/playercontrollerscript.cs in SourceAssetDB has modification time of '2026-02-22T22:29:32Z' while content on disk has modification time of '2026-02-22T22:45:26Z'
Number of updated asset objects reloaded before import = 0Number of asset objects unloaded after import = 0

========================================================================
Received Import Request.
  Time since last request: 0.001639 seconds.
  path: Assets/Scripts/Player/PlayerControllerScript.cs
  artifactKey: Guid(3ccf5fc4c113d134c82830320b9fe9b8) Importer(815301076,1909f56bfc062723c751e8b465ee728b)
Start importing Assets/Scripts/Player/PlayerControllerScript.cs using Guid(3ccf5fc4c113d134c82830320b9fe9b8) Importer(815301076,1909f56bfc062723c751e8b465ee728b) (PreviewImporter) -> (artifact id: '00000000000000000000000000000000') in 0.000184539 seconds
Import Error Code:(4)
Message: Build asset version error: assets/scripts/player/playercontrollerscript.cs in SourceAssetDB has modification time of '2026-02-22T22:29:32Z' while content on disk has modification time of '2026-02-22T22:45:26Z'
  ERROR: Build asset version error: assets/scripts/player/playercontrollerscript.cs in SourceAssetDB has modification time of '2026-02-22T22:29:32Z' while content on disk has modification time of '2026-02-22T22:45:26Z'
Number of updated asset objects reloaded before import = 0Number of asset objects unloaded after import = 0

========================================================================
Received Import Request.
  Time since last request: 0.000999 seconds.
  path: Assets/Scripts/Player/PlayerControllerScript.cs
  artifactKey: Guid(3ccf5fc4c113d134c82830320b9fe9b8) Importer(815301076,1909f56bfc062723c751e8b465ee728b)
Start importing Assets/Scripts/Player/PlayerControllerScript.cs using Guid(3ccf5fc4c113d134c82830320b9fe9b8) Importer(815301076,1909f56bfc062723c751e8b465ee728b) (PreviewImporter) -> (artifact id: '00000000000000000000000000000000') in 0.000201179 seconds
Import Error Code:(4)
Message: Build asset version error: assets/scripts/player/playercontrollerscript.cs in SourceAssetDB has modification time of '2026-02-22T22:29:32Z' while content on disk has modification time of '2026-02-22T22:45:26Z'
  ERROR: Build asset version error: assets/scripts/player/playercontrollerscript.cs in SourceAssetDB has modification time of '2026-02-22T22:29:32Z' while content on disk has modification time of '2026-02-22T22:45:26Z'
Number of updated asset objects reloaded before import = 0Number of asset objects unloaded after import = 0

========================================================================
Received Import Request.
  Time since last request: 0.000005 seconds.
  path: Assets/Scripts/Player/PlayerControllerScript.cs
  artifactKey: Guid(3ccf5fc4c113d134c82830320b9fe9b8) Importer(815301076,1909f56bfc062723c751e8b465ee728b)
Start importing Assets/Scripts/Player/PlayerControllerScript.cs using Guid(3ccf5fc4c113d134c82830320b9fe9b8) Importer(815301076,1909f56bfc062723c751e8b465ee728b) (PreviewImporter) -> (artifact id: '00000000000000000000000000000000') in 0.000172989 seconds
Import Error Code:(4)
Message: Build asset version error: assets/scripts/player/playercontrollerscript.cs in SourceAssetDB has modification time of '2026-02-22T22:29:32Z' while content on disk has modification time of '2026-02-22T22:45:26Z'
  ERROR: Build asset version error: assets/scripts/player/playercontrollerscript.cs in SourceAssetDB has modification time of '2026-02-22T22:29:32Z' while content on disk has modification time of '2026-02-22T22:45:26Z'
Number of updated asset objects reloaded before import = 0Number of asset objects unloaded after import = 0

========================================================================
Received Import Request.
  Time since last request: 0.000352 seconds.
  path: Assets/Scripts/Player/PlayerControllerScript.cs
  artifactKey: Guid(3ccf5fc4c113d134c82830320b9fe9b8) Importer(815301076,1909f56bfc062723c751e8b465ee728b)
Start importing Assets/Scripts/Player/PlayerControllerScript.cs using Guid(3ccf5fc4c113d134c82830320b9fe9b8) Importer(815301076,1909f56bfc062723c751e8b465ee728b) (PreviewImporter) -> (artifact id: '00000000000000000000000000000000') in 0.000194299 seconds
Import Error Code:(4)
Message: Build asset version error: assets/scripts/player/playercontrollerscript.cs in SourceAssetDB has modification time of '2026-02-22T22:29:32Z' while content on disk has modification time of '2026-02-22T22:45:26Z'
  ERROR: Build asset version error: assets/scripts/player/playercontrollerscript.cs in SourceAssetDB has modification time of '2026-02-22T22:29:32Z' while content on disk has modification time of '2026-02-22T22:45:26Z'
Number of updated asset objects reloaded before import = 0Number of asset objects unloaded after import = 0

========================================================================
Received Import Request.
  Time since last request: 0.000499 seconds.
  path: Assets/Scripts/Player/PlayerControllerScript.cs
  artifactKey: Guid(3ccf5fc4c113d134c82830320b9fe9b8) Importer(815301076,1909f56bfc062723c751e8b465ee728b)
Start importing Assets/Scripts/Player/PlayerControllerScript.cs using Guid(3ccf5fc4c113d134c82830320b9fe9b8) Importer(815301076,1909f56bfc062723c751e8b465ee728b) (PreviewImporter) -> (artifact id: '00000000000000000000000000000000') in 0.000174639 seconds
Import Error Code:(4)
Message: Build asset version error: assets/scripts/player/playercontrollerscript.cs in SourceAssetDB has modification time of '2026-02-22T22:29:32Z' while content on disk has modification time of '2026-02-22T22:45:26Z'
  ERROR: Build asset version error: assets/scripts/player/playercontrollerscript.cs in SourceAssetDB has modification time of '2026-02-22T22:29:32Z' while content on disk has modification time of '2026-02-22T22:45:26Z'
Number of updated asset objects reloaded before import = 0Number of asset objects unloaded after import = 0

========================================================================
Received Import Request.
  Time since last request: 0.000344 seconds.
  path: Assets/Scripts/Player/PlayerControllerScript.cs
  artifactKey: Guid(3ccf5fc4c113d134c82830320b9fe9b8) Importer(815301076,1909f56bfc062723c751e8b465ee728b)
Start importing Assets/Scripts/Player/PlayerControllerScript.cs using Guid(3ccf5fc4c113d134c82830320b9fe9b8) Importer(815301076,1909f56bfc062723c751e8b465ee728b) (PreviewImporter) -> (artifact id: '00000000000000000000000000000000') in 0.000179959 seconds
Import Error Code:(4)
Message: Build asset version error: assets/scripts/player/playercontrollerscript.cs in SourceAssetDB has modification time of '2026-02-22T22:29:32Z' while content on disk has modification time of '2026-02-22T22:45:26Z'
  ERROR: Build asset version error: assets/scripts/player/playercontrollerscript.cs in SourceAssetDB has modification time of '2026-02-22T22:29:32Z' while content on disk has modification time of '2026-02-22T22:45:26Z'
Number of updated asset objects reloaded before import = 0Number of asset objects unloaded after import = 0

========================================================================
Received Import Request.
  Time since last request: 0.000005 seconds.
  path: Assets/Scripts/Player/PlayerControllerScript.cs
  artifactKey: Guid(3ccf5fc4c113d134c82830320b9fe9b8) Importer(815301076,1909f56bfc062723c751e8b465ee728b)
Start importing Assets/Scripts/Player/PlayerControllerScript.cs using Guid(3ccf5fc4c113d134c82830320b9fe9b8) Importer(815301076,1909f56bfc062723c751e8b465ee728b) (PreviewImporter) -> (artifact id: '00000000000000000000000000000000') in 0.000187889 seconds
Import Error Code:(4)
Message: Build asset version error: assets/scripts/player/playercontrollerscript.cs in SourceAssetDB has modification time of '2026-02-22T22:29:32Z' while content on disk has modification time of '2026-02-22T22:45:26Z'
  ERROR: Build asset version error: assets/scripts/player/playercontrollerscript.cs in SourceAssetDB has modification time of '2026-02-22T22:29:32Z' while content on disk has modification time of '2026-02-22T22:45:26Z'
Number of updated asset objects reloaded before import = 0Number of asset objects unloaded after import = 0

========================================================================
Received Import Request.
  Time since last request: 0.000186 seconds.
  path: Assets/Scripts/Player/PlayerControllerScript.cs
  artifactKey: Guid(3ccf5fc4c113d134c82830320b9fe9b8) Importer(815301076,1909f56bfc062723c751e8b465ee728b)
Start importing Assets/Scripts/Player/PlayerControllerScript.cs using Guid(3ccf5fc4c113d134c82830320b9fe9b8) Importer(815301076,1909f56bfc062723c751e8b465ee728b) (PreviewImporter) -> (artifact id: '00000000000000000000000000000000') in 0.000168449 seconds
Import Error Code:(4)
Message: Build asset version error: assets/scripts/player/playercontrollerscript.cs in SourceAssetDB has modification time of '2026-02-22T22:29:32Z' while content on disk has modification time of '2026-02-22T22:45:26Z'
  ERROR: Build asset version error: assets/scripts/player/playercontrollerscript.cs in SourceAssetDB has modification time of '2026-02-22T22:29:32Z' while content on disk has modification time of '2026-02-22T22:45:26Z'
Number of updated asset objects reloaded before import = 0Number of asset objects unloaded after import = 0

========================================================================
Received Import Request.
  Time since last request: 0.000931 seconds.
  path: Assets/Scripts/Player/PlayerControllerScript.cs
  artifactKey: Guid(3ccf5fc4c113d134c82830320b9fe9b8) Importer(815301076,1909f56bfc062723c751e8b465ee728b)
Start importing Assets/Scripts/Player/PlayerControllerScript.cs using Guid(3ccf5fc4c113d134c82830320b9fe9b8) Importer(815301076,1909f56bfc062723c751e8b465ee728b) (PreviewImporter) -> (artifact id: '00000000000000000000000000000000') in 0.000279089 seconds
Import Error Code:(4)
Message: Build asset version error: assets/scripts/player/playercontrollerscript.cs in SourceAssetDB has modification time of '2026-02-22T22:29:32Z' while content on disk has modification time of '2026-02-22T22:45:26Z'
  ERROR: Build asset version error: assets/scripts/player/playercontrollerscript.cs in SourceAssetDB has modification time of '2026-02-22T22:29:32Z' while content on disk has modification time of '2026-02-22T22:45:26Z'
Number of updated asset objects reloaded before import = 0Number of asset objects unloaded after import = 0

========================================================================
Received Import Request.
  Time since last request: 0.000007 seconds.
  path: Assets/Scripts/Player/PlayerControllerScript.cs
  artifactKey: Guid(3ccf5fc4c113d134c82830320b9fe9b8) Importer(815301076,1909f56bfc062723c751e8b465ee728b)
Start importing Assets/Scripts/Player/PlayerControllerScript.cs using Guid(3ccf5fc4c113d134c82830320b9fe9b8) Importer(815301076,1909f56bfc062723c751e8b465ee728b) (PreviewImporter) -> (artifact id: '00000000000000000000000000000000') in 0.000236009 seconds
Import Error Code:(4)
Message: Build asset version error: assets/scripts/player/playercontrollerscript.cs in SourceAssetDB has modification time of '2026-02-22T22:29:32Z' while content on disk has modification time of '2026-02-22T22:45:26Z'
  ERROR: Build asset version error: assets/scripts/player/playercontrollerscript.cs in SourceAssetDB has modification time of '2026-02-22T22:29:32Z' while content on disk has modification time of '2026-02-22T22:45:26Z'
Number of updated asset objects reloaded before import = 0Number of asset objects unloaded after import = 0

========================================================================
Received Import Request.
  Time since last request: 0.000007 seconds.
  path: Assets/Scripts/Player/PlayerControllerScript.cs
  artifactKey: Guid(3ccf5fc4c113d134c82830320b9fe9b8) Importer(815301076,1909f56bfc062723c751e8b465ee728b)
Start importing Assets/Scripts/Player/PlayerControllerScript.cs using Guid(3ccf5fc4c113d134c82830320b9fe9b8) Importer(815301076,1909f56bfc062723c751e8b465ee728b) (PreviewImporter) -> (artifact id: '00000000000000000000000000000000') in 0.000228799 seconds
Import Error Code:(4)
Message: Build asset version error: assets/scripts/player/playercontrollerscript.cs in SourceAssetDB has modification time of '2026-02-22T22:29:32Z' while content on disk has modification time of '2026-02-22T22:45:26Z'
  ERROR: Build asset version error: assets/scripts/player/playercontrollerscript.cs in SourceAssetDB has modification time of '2026-02-22T22:29:32Z' while content on disk has modification time of '2026-02-22T22:45:26Z'
Number of updated asset objects reloaded before import = 0Number of asset objects unloaded after import = 0

========================================================================
Received Import Request.
  Time since last request: 0.000007 seconds.
  path: Assets/Scripts/Player/PlayerControllerScript.cs
  artifactKey: Guid(3ccf5fc4c113d134c82830320b9fe9b8) Importer(815301076,1909f56bfc062723c751e8b465ee728b)
Start importing Assets/Scripts/Player/PlayerControllerScript.cs using Guid(3ccf5fc4c113d134c82830320b9fe9b8) Importer(815301076,1909f56bfc062723c751e8b465ee728b) (PreviewImporter) -> (artifact id: '00000000000000000000000000000000') in 0.000218149 seconds
Import Error Code:(4)
Message: Build asset version error: assets/scripts/player/playercontrollerscript.cs in SourceAssetDB has modification time of '2026-02-22T22:29:32Z' while content on disk has modification time of '2026-02-22T22:45:26Z'
  ERROR: Build asset version error: assets/scripts/player/playercontrollerscript.cs in SourceAssetDB has modification time of '2026-02-22T22:29:32Z' while content on disk has modification time of '2026-02-22T22:45:26Z'
Number of updated asset objects reloaded before import = 0Number of asset objects unloaded after import = 0

========================================================================
Received Import Request.
  Time since last request: 0.000010 seconds.
  path: Assets/Scripts/Player/PlayerControllerScript.cs
  artifactKey: Guid(3ccf5fc4c113d134c82830320b9fe9b8) Importer(815301076,1909f56bfc062723c751e8b465ee728b)
Start importing Assets/Scripts/Player/PlayerControllerScript.cs using Guid(3ccf5fc4c113d134c82830320b9fe9b8) Importer(815301076,1909f56bfc062723c751e8b465ee728b) (PreviewImporter) -> (artifact id: '00000000000000000000000000000000') in 0.000225249 seconds
Import Error Code:(4)
Message: Build asset version error: assets/scripts/player/playercontrollerscript.cs in SourceAssetDB has modification time of '2026-02-22T22:29:32Z' while content on disk has modification time of '2026-02-22T22:45:26Z'
  ERROR: Build asset version error: assets/scripts/player/playercontrollerscript.cs in SourceAssetDB has modification time of '2026-02-22T22:29:32Z' while content on disk has modification time of '2026-02-22T22:45:26Z'
Number of updated asset objects reloaded before import = 0Number of asset objects unloaded after import = 0

========================================================================
Received Import Request.
  Time since last request: 0.000013 seconds.
  path: Assets/Scripts/Player/PlayerControllerScript.cs
  artifactKey: Guid(3ccf5fc4c113d134c82830320b9fe9b8) Importer(815301076,1909f56bfc062723c751e8b465ee728b)
Start importing Assets/Scripts/Player/PlayerControllerScript.cs using Guid(3ccf5fc4c113d134c82830320b9fe9b8) Importer(815301076,1909f56bfc062723c751e8b465ee728b) (PreviewImporter) -> (artifact id: '00000000000000000000000000000000') in 0.000224799 seconds
Import Error Code:(4)
Message: Build asset version error: assets/scripts/player/playercontrollerscript.cs in SourceAssetDB has modification time of '2026-02-22T22:29:32Z' while content on disk has modification time of '2026-02-22T22:45:26Z'
  ERROR: Build asset version error: assets/scripts/player/playercontrollerscript.cs in SourceAssetDB has modification time of '2026-02-22T22:29:32Z' while content on disk has modification time of '2026-02-22T22:45:26Z'
Number of updated asset objects reloaded before import = 0Number of asset objects unloaded after import = 0

========================================================================
Received Import Request.
  Time since last request: 0.000080 seconds.
  path: Assets/Scripts/Player/PlayerControllerScript.cs
  artifactKey: Guid(3ccf5fc4c113d134c82830320b9fe9b8) Importer(815301076,1909f56bfc062723c751e8b465ee728b)
Start importing Assets/Scripts/Player/PlayerControllerScript.cs using Guid(3ccf5fc4c113d134c82830320b9fe9b8) Importer(815301076,1909f56bfc062723c751e8b465ee728b) (PreviewImporter) -> (artifact id: '00000000000000000000000000000000') in 0.000265968 seconds
Import Error Code:(4)
Message: Build asset version error: assets/scripts/player/playercontrollerscript.cs in SourceAssetDB has modification time of '2026-02-22T22:29:32Z' while content on disk has modification time of '2026-02-22T22:45:26Z'
  ERROR: Build asset version error: assets/scripts/player/playercontrollerscript.cs in SourceAssetDB has modification time of '2026-02-22T22:29:32Z' while content on disk has modification time of '2026-02-22T22:45:26Z'
Number of updated asset objects reloaded before import = 0Number of asset objects unloaded after import = 0

========================================================================
Received Import Request.
  Time since last request: 0.000007 seconds.
  path: Assets/Scripts/Player/PlayerControllerScript.cs
  artifactKey: Guid(3ccf5fc4c113d134c82830320b9fe9b8) Importer(815301076,1909f56bfc062723c751e8b465ee728b)
Start importing Assets/Scripts/Player/PlayerControllerScript.cs using Guid(3ccf5fc4c113d134c82830320b9fe9b8) Importer(815301076,1909f56bfc062723c751e8b465ee728b) (PreviewImporter) -> (artifact id: '00000000000000000000000000000000') in 0.000224738 seconds
Import Error Code:(4)
Message: Build asset version error: assets/scripts/player/playercontrollerscript.cs in SourceAssetDB has modification time of '2026-02-22T22:29:32Z' while content on disk has modification time of '2026-02-22T22:45:26Z'
  ERROR: Build asset version error: assets/scripts/player/playercontrollerscript.cs in SourceAssetDB has modification time of '2026-02-22T22:29:32Z' while content on disk has modification time of '2026-02-22T22:45:26Z'
Number of updated asset objects reloaded before import = 0Number of asset objects unloaded after import = 0

========================================================================
Received Import Request.
  Time since last request: 0.000007 seconds.
  path: Assets/Scripts/Player/PlayerControllerScript.cs
  artifactKey: Guid(3ccf5fc4c113d134c82830320b9fe9b8) Importer(815301076,1909f56bfc062723c751e8b465ee728b)
Start importing Assets/Scripts/Player/PlayerControllerScript.cs using Guid(3ccf5fc4c113d134c82830320b9fe9b8) Importer(815301076,1909f56bfc062723c751e8b465ee728b) (PreviewImporter) -> (artifact id: '00000000000000000000000000000000') in 0.000221869 seconds
Import Error Code:(4)
Message: Build asset version error: assets/scripts/player/playercontrollerscript.cs in SourceAssetDB has modification time of '2026-02-22T22:29:32Z' while content on disk has modification time of '2026-02-22T22:45:26Z'
  ERROR: Build asset version error: assets/scripts/player/playercontrollerscript.cs in SourceAssetDB has modification time of '2026-02-22T22:29:32Z' while content on disk has modification time of '2026-02-22T22:45:26Z'
Number of updated asset objects reloaded before import = 0Number of asset objects unloaded after import = 0

========================================================================
Received Import Request.
  Time since last request: 0.000007 seconds.
  path: Assets/Scripts/Player/PlayerControllerScript.cs
  artifactKey: Guid(3ccf5fc4c113d134c82830320b9fe9b8) Importer(815301076,1909f56bfc062723c751e8b465ee728b)
Start importing Assets/Scripts/Player/PlayerControllerScript.cs using Guid(3ccf5fc4c113d134c82830320b9fe9b8) Importer(815301076,1909f56bfc062723c751e8b465ee728b) (PreviewImporter) -> (artifact id: '00000000000000000000000000000000') in 0.000224568 seconds
Import Error Code:(4)
Message: Build asset version error: assets/scripts/player/playercontrollerscript.cs in SourceAssetDB has modification time of '2026-02-22T22:29:32Z' while content on disk has modification time of '2026-02-22T22:45:26Z'
  ERROR: Build asset version error: assets/scripts/player/playercontrollerscript.cs in SourceAssetDB has modification time of '2026-02-22T22:29:32Z' while content on disk has modification time of '2026-02-22T22:45:26Z'
Number of updated asset objects reloaded before import = 0Number of asset objects unloaded after import = 0

========================================================================
Received Import Request.
  Time since last request: 0.000204 seconds.
  path: Assets/Scripts/Player/PlayerControllerScript.cs
  artifactKey: Guid(3ccf5fc4c113d134c82830320b9fe9b8) Importer(815301076,1909f56bfc062723c751e8b465ee728b)
Start importing Assets/Scripts/Player/PlayerControllerScript.cs using Guid(3ccf5fc4c113d134c82830320b9fe9b8) Importer(815301076,1909f56bfc062723c751e8b465ee728b) (PreviewImporter) -> (artifact id: '00000000000000000000000000000000') in 0.000213709 seconds
Import Error Code:(4)
Message: Build asset version error: assets/scripts/player/playercontrollerscript.cs in SourceAssetDB has modification time of '2026-02-22T22:29:32Z' while content on disk has modification time of '2026-02-22T22:45:26Z'
  ERROR: Build asset version error: assets/scripts/player/playercontrollerscript.cs in SourceAssetDB has modification time of '2026-02-22T22:29:32Z' while content on disk has modification time of '2026-02-22T22:45:26Z'
Number of updated asset objects reloaded before import = 0Number of asset objects unloaded after import = 0

========================================================================
Received Import Request.
  Time since last request: 0.000793 seconds.
  path: Assets/Scripts/Player/PlayerControllerScript.cs
  artifactKey: Guid(3ccf5fc4c113d134c82830320b9fe9b8) Importer(815301076,1909f56bfc062723c751e8b465ee728b)
Start importing Assets/Scripts/Player/PlayerControllerScript.cs using Guid(3ccf5fc4c113d134c82830320b9fe9b8) Importer(815301076,1909f56bfc062723c751e8b465ee728b) (PreviewImporter) -> (artifact id: '00000000000000000000000000000000') in 0.000221138 seconds
Import Error Code:(4)
Message: Build asset version error: assets/scripts/player/playercontrollerscript.cs in SourceAssetDB has modification time of '2026-02-22T22:29:32Z' while content on disk has modification time of '2026-02-22T22:45:26Z'
  ERROR: Build asset version error: assets/scripts/player/playercontrollerscript.cs in SourceAssetDB has modification time of '2026-02-22T22:29:32Z' while content on disk has modification time of '2026-02-22T22:45:26Z'
Number of updated asset objects reloaded before import = 0Number of asset objects unloaded after import = 0

========================================================================
Received Import Request.
  Time since last request: 0.000584 seconds.
  path: Assets/Scripts/Player/PlayerControllerScript.cs
  artifactKey: Guid(3ccf5fc4c113d134c82830320b9fe9b8) Importer(815301076,1909f56bfc062723c751e8b465ee728b)
Start importing Assets/Scripts/Player/PlayerControllerScript.cs using Guid(3ccf5fc4c113d134c82830320b9fe9b8) Importer(815301076,1909f56bfc062723c751e8b465ee728b) (PreviewImporter) -> (artifact id: '00000000000000000000000000000000') in 0.000221399 seconds
Import Error Code:(4)
Message: Build asset version error: assets/scripts/player/playercontrollerscript.cs in SourceAssetDB has modification time of '2026-02-22T22:29:32Z' while content on disk has modification time of '2026-02-22T22:45:26Z'
  ERROR: Build asset version error: assets/scripts/player/playercontrollerscript.cs in SourceAssetDB has modification time of '2026-02-22T22:29:32Z' while content on disk has modification time of '2026-02-22T22:45:26Z'
Number of updated asset objects reloaded before import = 0Number of asset objects unloaded after import = 0

========================================================================
Received Prepare
Begin MonoManager ReloadAssembly
[Licensing::Client] Successfully resolved entitlement details
- Loaded All Assemblies, in  0.455 seconds
Refreshing native plugins compatible for Editor in 0.20 ms, found 0 plugins.
Native extension for LinuxStandalone target not found
[Package Manager] Failed to launch server process. Reason: Unity was launched with the -noUpm command-line argument
[Package Manager] Unable to send message (not connected to server process).
[Package Manager] Cannot connect to Unity Package Manager local server
ScheduleIndexationOnStartup MainProcess:False IndexOnStartup:True
Mono: successfully reloaded assembly
- Finished resetting the current domain, in  0.545 seconds
Domain Reload Profiling: 1001ms
	BeginReloadAssembly (116ms)
		ExecutionOrderSort (0ms)
		DisableScriptedObjects (5ms)
		BackupInstance (0ms)
		ReleaseScriptingObjects (0ms)
		CreateAndSetChildDomain (39ms)
	RebuildCommonClasses (27ms)
	RebuildNativeTypeToScriptingClass (7ms)
	initialDomainReloadingComplete (20ms)
	LoadAllAssembliesAndSetupDomain (285ms)
		LoadAssemblies (184ms)
		RebuildTransferFunctionScriptingTraits (0ms)
		AnalyzeDomain (132ms)
			TypeCache.Refresh (5ms)
				TypeCache.ScanAssembly (0ms)
			BuildScriptInfoCaches (119ms)
			ResolveRequiredComponents (7ms)
	FinalizeReload (545ms)
		ReleaseScriptCaches (0ms)
		RebuildScriptCaches (0ms)
		SetupLoadedEditorAssemblies (428ms)
			LogAssemblyErrors (0ms)
			InitializePlatformSupportModulesInManaged (1ms)
			SetLoadedEditorAssemblies (4ms)
			BeforeProcessingInitializeOnLoad (146ms)
			ProcessInitializeOnLoadAttributes (222ms)
			ProcessInitializeOnLoadMethodAttributes (50ms)
			AfterProcessingInitializeOnLoad (4ms)
			EditorAssembliesLoaded (0ms)
		ExecutionOrderSort2 (0ms)
		AwakeInstancesAfterBackupRestoration (9ms)
Refreshing native plugins compatible for Editor in 0.30 ms, found 0 plugins.
Preloading 0 native plugins for Editor in 0.00 ms.
Unloading 16 Unused Serialized files (Serialized files now loaded: 0)
Unloading 6236 unused Assets / (4.0 MB). Loaded Objects now: 7179.
Memory consumption went from 155.9 MB to 151.9 MB.
Total: 7.345073 ms (FindLiveObjects: 0.466608 ms CreateObjectMapping: 0.243548 ms MarkObjects: 5.100845 ms  DeleteObjects: 1.533632 ms)

Prepare: number of updated asset objects reloaded= 0
========================================================================
Received Import Request.
  Time since last request: 203.263551 seconds.
  path: Assets/Settings/Mobile_RPAsset.asset
  artifactKey: Guid(5e6cbd92db86f4b18aec3ed561671858) Importer(2089858483,b0f066a214c2f5e87bad3c948f4d605d)
Start importing Assets/Settings/Mobile_RPAsset.asset using Guid(5e6cbd92db86f4b18aec3ed561671858) Importer(2089858483,b0f066a214c2f5e87bad3c948f4d605d) (ScriptedImporter) -> (artifact id: '1f2abbfe193412d08be6d92305f4cd1a') in 0.102617436 seconds
Number of updated asset objects reloaded before import = 0Number of asset objects unloaded after import = 2

========================================================================
Received Import Request.
  Time since last request: 0.048877 seconds.
  path: Assets/Audio/Player/jump_land.wav
  artifactKey: Guid(eb5538ba5937f634588a35283b5d8211) Importer(2089858483,b0f066a214c2f5e87bad3c948f4d605d)
Start importing Assets/Audio/Player/jump_land.wav using Guid(eb5538ba5937f634588a35283b5d8211) Importer(2089858483,b0f066a214c2f5e87bad3c948f4d605d) (ScriptedImporter) -> (artifact id: 'd0c31142fdd2532a51dab123e8177c34') in 0.023094634 seconds
Number of updated asset objects reloaded before import = 0Number of asset objects unloaded after import = 1

========================================================================
Received Import Request.
  Time since last request: 0.000012 seconds.
  path: Assets/Art/Textures/mouse_cursor.png
  artifactKey: Guid(620e68292a0f0054e86257feeb1dec0c) Importer(2089858483,b0f066a214c2f5e87bad3c948f4d605d)
Start importing Assets/Art/Textures/mouse_cursor.png using Guid(620e68292a0f0054e86257feeb1dec0c) Importer(2089858483,b0f066a214c2f5e87bad3c948f4d605d) (ScriptedImporter) -> (artifact id: '057b1af960966a9492a938752f08d330') in 0.028408028 seconds
Number of updated asset objects reloaded before import = 0Number of asset objects unloaded after import = 1

========================================================================
Received Import Request.
  Time since last request: 0.000014 seconds.
  path: Assets/Audio/Player/sliding.wav
  artifactKey: Guid(38d948eef0c18c0408c334549f66d223) Importer(2089858483,b0f066a214c2f5e87bad3c948f4d605d)
Start importing Assets/Audio/Player/sliding.wav using Guid(38d948eef0c18c0408c334549f66d223) Importer(2089858483,b0f066a214c2f5e87bad3c948f4d605d) (ScriptedImporter) -> (artifact id: 'dec2adc8e074a345379cbac6648b43da') in 0.008466358 seconds
Number of updated asset objects reloaded before import = 0Number of asset objects unloaded after import = 1

========================================================================
Received Import Request.
  Time since last request: 0.000008 seconds.
  path: Assets/Art/Textures/cursor.png
  artifactKey: Guid(c5da2ab4cdcf5f2419c132e9dbf56074) Importer(2089858483,b0f066a214c2f5e87bad3c948f4d605d)
Start importing Assets/Art/Textures/cursor.png using Guid(c5da2ab4cdcf5f2419c132e9dbf56074) Importer(2089858483,b0f066a214c2f5e87bad3c948f4d605d) (ScriptedImporter) -> (artifact id: 'bf36de317519b4aa668ae5ff51c002d9') in 0.010578347 seconds
Number of updated asset objects reloaded before import = 0Number of asset objects unloaded after import = 3

========================================================================
Received Prepare
Refreshing native plugins compatible for Editor in 0.33 ms, found 0 plugins.
Preloading 0 native plugins for Editor in 0.00 ms.
Unloading 16 Unused Serialized files (Serialized files now loaded: 0)
Unloading 6231 unused Assets / (4.1 MB). Loaded Objects now: 7180.
Memory consumption went from 156.3 MB to 152.2 MB.
Total: 10.215319 ms (FindLiveObjects: 0.658796 ms CreateObjectMapping: 0.706957 ms MarkObjects: 6.931055 ms  DeleteObjects: 1.917731 ms)

Prepare: number of updated asset objects reloaded= 0
========================================================================
Received Import Request.
  Time since last request: 1.803679 seconds.
  path: Assets/Scripts/Player/Weapon.cs
  artifactKey: Guid(7e2de29cf08815f1d8a10cdd26ade609) Importer(815301076,1909f56bfc062723c751e8b465ee728b)
Start importing Assets/Scripts/Player/Weapon.cs using Guid(7e2de29cf08815f1d8a10cdd26ade609) Importer(815301076,1909f56bfc062723c751e8b465ee728b) (PreviewImporter) -> (artifact id: 'f8566b5c5ed207f771306875db22b6dd') in 0.000655417 seconds
Number of updated asset objects reloaded before import = 0Number of asset objects unloaded after import = 0

========================================================================
Received Import Request.
  Time since last request: 0.388865 seconds.
  path: Assets/Scripts/Player/Weapon.cs
  artifactKey: Guid(7e2de29cf08815f1d8a10cdd26ade609) Importer(2089858483,b0f066a214c2f5e87bad3c948f4d605d)
Start importing Assets/Scripts/Player/Weapon.cs using Guid(7e2de29cf08815f1d8a10cdd26ade609) Importer(2089858483,b0f066a214c2f5e87bad3c948f4d605d) (ScriptedImporter) -> (artifact id: '8601ac126016e9fc11a34d0b2d8d5d65') in 0.001936901 seconds
Number of updated asset objects reloaded before import = 0Number of asset objects unloaded after import = 0

========================================================================
Received Prepare
Begin MonoManager ReloadAssembly
[Licensing::Client] Successfully resolved entitlement details
- Loaded All Assemblies, in  0.474 seconds
Refreshing native plugins compatible for Editor in 0.20 ms, found 0 plugins.
Native extension for LinuxStandalone target not found
[Package Manager] Failed to launch server process. Reason: Unity was launched with the -noUpm command-line argument
[Package Manager] Unable to send message (not connected to server process).
[Package Manager] Cannot connect to Unity Package Manager local server
ScheduleIndexationOnStartup MainProcess:False IndexOnStartup:True
Mono: successfully reloaded assembly
- Finished resetting the current domain, in  0.546 seconds
Domain Reload Profiling: 1022ms
	BeginReloadAssembly (113ms)
		ExecutionOrderSort (0ms)
		DisableScriptedObjects (4ms)
		BackupInstance (0ms)
		ReleaseScriptingObjects (0ms)
		CreateAndSetChildDomain (36ms)
	RebuildCommonClasses (28ms)
	RebuildNativeTypeToScriptingClass (7ms)
	initialDomainReloadingComplete (20ms)
	LoadAllAssembliesAndSetupDomain (307ms)
		LoadAssemblies (190ms)
		RebuildTransferFunctionScriptingTraits (0ms)
		AnalyzeDomain (148ms)
			TypeCache.Refresh (10ms)
				TypeCache.ScanAssembly (1ms)
			BuildScriptInfoCaches (128ms)
			ResolveRequiredComponents (8ms)
	FinalizeReload (547ms)
		ReleaseScriptCaches (0ms)
		RebuildScriptCaches (0ms)
		SetupLoadedEditorAssemblies (429ms)
			LogAssemblyErrors (0ms)
			InitializePlatformSupportModulesInManaged (1ms)
			SetLoadedEditorAssemblies (3ms)
			BeforeProcessingInitializeOnLoad (127ms)
			ProcessInitializeOnLoadAttributes (245ms)
			ProcessInitializeOnLoadMethodAttributes (49ms)
			AfterProcessingInitializeOnLoad (4ms)
			EditorAssembliesLoaded (0ms)
		ExecutionOrderSort2 (0ms)
		AwakeInstancesAfterBackupRestoration (9ms)
Refreshing native plugins compatible for Editor in 0.26 ms, found 0 plugins.
Preloading 0 native plugins for Editor in 0.00 ms.
Unloading 16 Unused Serialized files (Serialized files now loaded: 0)
Unloading 6237 unused Assets / (4.2 MB). Loaded Objects now: 7183.
Memory consumption went from 155.9 MB to 151.7 MB.
Total: 8.284999 ms (FindLiveObjects: 0.486988 ms CreateObjectMapping: 0.617967 ms MarkObjects: 5.602052 ms  DeleteObjects: 1.577532 ms)

Prepare: number of updated asset objects reloaded= 0
========================================================================
Received Prepare
Refreshing native plugins compatible for Editor in 0.25 ms, found 0 plugins.
Preloading 0 native plugins for Editor in 0.00 ms.
Unloading 16 Unused Serialized files (Serialized files now loaded: 0)
Unloading 6232 unused Assets / (4.6 MB). Loaded Objects now: 7184.
Memory consumption went from 156.2 MB to 151.5 MB.
Total: 8.830786 ms (FindLiveObjects: 0.571557 ms CreateObjectMapping: 0.669217 ms MarkObjects: 5.855311 ms  DeleteObjects: 1.734011 ms)

Prepare: number of updated asset objects reloaded= 0
========================================================================
Received Import Request.
  Time since last request: 14.809908 seconds.
  path: Assets/Scripts/Player/Projectiles.cs
  artifactKey: Guid(5aec5dec4d97b238ba1991db56cd1ab6) Importer(815301076,1909f56bfc062723c751e8b465ee728b)
Start importing Assets/Scripts/Player/Projectiles.cs using Guid(5aec5dec4d97b238ba1991db56cd1ab6) Importer(815301076,1909f56bfc062723c751e8b465ee728b) (PreviewImporter) -> (artifact id: 'b73b2b37166a7e459cab6fc317d06eec') in 0.001273674 seconds
Number of updated asset objects reloaded before import = 0Number of asset objects unloaded after import = 0

========================================================================
Received Prepare
Begin MonoManager ReloadAssembly
- Loaded All Assemblies, in  0.488 seconds
Refreshing native plugins compatible for Editor in 0.20 ms, found 0 plugins.
Native extension for LinuxStandalone target not found
[Package Manager] Failed to launch server process. Reason: Unity was launched with the -noUpm command-line argument
[Package Manager] Unable to send message (not connected to server process).
[Package Manager] Cannot connect to Unity Package Manager local server
ScheduleIndexationOnStartup MainProcess:False IndexOnStartup:True
Mono: successfully reloaded assembly
- Finished resetting the current domain, in  0.557 seconds
Domain Reload Profiling: 1046ms
	BeginReloadAssembly (131ms)
		ExecutionOrderSort (0ms)
		DisableScriptedObjects (5ms)
		BackupInstance (0ms)
		ReleaseScriptingObjects (0ms)
		CreateAndSetChildDomain (43ms)
	RebuildCommonClasses (29ms)
	RebuildNativeTypeToScriptingClass (7ms)
	initialDomainReloadingComplete (21ms)
	LoadAllAssembliesAndSetupDomain (301ms)
		LoadAssemblies (205ms)
		RebuildTransferFunctionScriptingTraits (0ms)
		AnalyzeDomain (137ms)
			TypeCache.Refresh (8ms)
				TypeCache.ScanAssembly (1ms)
			BuildScriptInfoCaches (120ms)
			ResolveRequiredComponents (7ms)
	FinalizeReload (558ms)
		ReleaseScriptCaches (0ms)
		RebuildScriptCaches (0ms)
		SetupLoadedEditorAssemblies (438ms)
			LogAssemblyErrors (0ms)
			InitializePlatformSupportModulesInManaged (1ms)
			SetLoadedEditorAssemblies (3ms)
			BeforeProcessingInitializeOnLoad (140ms)
			ProcessInitializeOnLoadAttributes (241ms)
			ProcessInitializeOnLoadMethodAttributes (49ms)
			AfterProcessingInitializeOnLoad (4ms)
			EditorAssembliesLoaded (0ms)
		ExecutionOrderSort2 (0ms)
		AwakeInstancesAfterBackupRestoration (9ms)
Refreshing native plugins compatible for Editor in 0.32 ms, found 0 plugins.
Preloading 0 native plugins for Editor in 0.00 ms.
Unloading 16 Unused Serialized files (Serialized files now loaded: 0)
Unloading 6238 unused Assets / (4.0 MB). Loaded Objects now: 7187.
Memory consumption went from 156.0 MB to 152.0 MB.
Total: 8.328729 ms (FindLiveObjects: 0.593327 ms CreateObjectMapping: 0.342159 ms MarkObjects: 5.856800 ms  DeleteObjects: 1.535833 ms)

Prepare: number of updated asset objects reloaded= 0
